case_id,gene,aa_change,mutation_type,genomic_change,vep_impact
TCGA-EB-A3HV,BRAF,,Simple Somatic Mutation,chr7:g.140753336A>T,MODIFIER
TCGA-D3-A2JD,BRAF,,Simple Somatic Mutation,chr7:g.140753336A>T,MODIFIER
TCGA-DA-A1I7,BRAF,,Simple Somatic Mutation,chr7:g.140753336A>T,MODIFIER
TCGA-ER-A2NC,BRAF,V600M,Simple Somatic Mutation,chr7:g.140753337C>T,MODERATE
TCGA-DA-A1I0,BRAF,V600M,Simple Somatic Mutation,chr7:g.140753337C>T,MODERATE
TCGA-EB-A3XB,BRAF,,Simple Somatic Mutation,chr7:g.140753336A>T,MODIFIER
TCGA-BF-A9VF,BRAF,,Simple Somatic Mutation,chr7:g.140753336A>T,MODIFIER
TCGA-GN-A26A,BRAF,,Simple Somatic Mutation,chr7:g.140753336A>T,MODIFIER
TCGA-EB-A44N,BRAF,,Simple Somatic Mutation,chr7:g.140753336A>T,MODIFIER
TCGA-D3-A3CB,BRAF,,Simple Somatic Mutation,chr7:g.140753336A>T,MODIFIER
TCGA-FR-A44A,BRAF,,Simple Somatic Mutation,chr7:g.140753336A>T,MODIFIER
TCGA-FS-A1Z7,BRAF,,Simple Somatic Mutation,chr7:g.140753336A>T,MODIFIER
TCGA-ER-A19H,BRAF,,Simple Somatic Mutation,chr7:g.140753336A>T,MODIFIER
TCGA-HR-A5NC,BRAF,,Simple Somatic Mutation,chr7:g.140753336A>T,MODIFIER
TCGA-EE-A29E,BRAF,,Simple Somatic Mutation,chr7:g.140753336A>T,MODIFIER
TCGA-YD-A9TB,BRAF,,Simple Somatic Mutation,chr7:g.140753336A>T,MODIFIER
TCGA-EE-A2M8,BRAF,,Simple Somatic Mutation,chr7:g.140753336A>T,MODIFIER
TCGA-W3-AA1Q,BRAF,V600M,Simple Somatic Mutation,chr7:g.140753337C>T,MODERATE
TCGA-DA-A1HW,BRAF,,Simple Somatic Mutation,chr7:g.140753336A>T,MODIFIER
TCGA-D9-A1JX,BRAF,,Simple Somatic Mutation,chr7:g.140753336A>T,MODIFIER
TCGA-EE-A2GT,BRAF,,Simple Somatic Mutation,chr7:g.140753336A>T,MODIFIER
TCGA-EE-A2GH,BRAF,,Simple Somatic Mutation,chr7:g.140800389G>A,MODIFIER
TCGA-BF-A1PU,BRAF,,Simple Somatic Mutation,chr7:g.140753336A>T,MODIFIER
TCGA-EB-A5FP,BRAF,V600M,Simple Somatic Mutation,chr7:g.140753337C>T,MODERATE
TCGA-W3-AA1W,BRAF,,Simple Somatic Mutation,chr7:g.140753336A>T,MODIFIER
TCGA-3N-A9WC,BRAF,,Simple Somatic Mutation,chr7:g.140754208G>A,MODIFIER
TCGA-D9-A6EG,BRAF,,Simple Somatic Mutation,chr7:g.140753336A>T,MODIFIER
TCGA-ER-A19C,BRAF,,Simple Somatic Mutation,chr7:g.140753336A>T,MODIFIER
TCGA-EE-A3JE,BRAF,,Simple Somatic Mutation,chr7:g.140753336A>T,MODIFIER
TCGA-FR-A7UA,BRAF,V600M,Simple Somatic Mutation,chr7:g.140753337C>T,MODERATE
TCGA-D3-A2JG,BRAF,,Simple Somatic Mutation,chr7:g.140753336A>T,MODIFIER
TCGA-EB-A6R0,BRAF,V600M,Simple Somatic Mutation,chr7:g.140753337C>T,MODERATE
TCGA-ER-A198,BRAF,,Simple Somatic Mutation,chr7:g.140753336A>T,MODIFIER
TCGA-FW-A5DX,BRAF,,Simple Somatic Mutation,chr7:g.140753336A>T,MODIFIER
TCGA-ER-A42K,BRAF,,Simple Somatic Mutation,chr7:g.140753336A>T,MODIFIER
TCGA-EE-A29P,BRAF,,Simple Somatic Mutation,chr7:g.140753336A>T,MODIFIER
TCGA-EE-A29H,BRAF,,Simple Somatic Mutation,chr7:g.140753336A>T,MODIFIER
TCGA-BF-AAP1,BRAF,,Simple Somatic Mutation,chr7:g.140753334T>C,MODIFIER
TCGA-BF-AAP6,BRAF,,Simple Somatic Mutation,chr7:g.140753336A>T,MODIFIER
TCGA-EB-A6QY,BRAF,,Simple Somatic Mutation,chr7:g.140753336A>T,MODIFIER
TCGA-D3-A5GU,BRAF,,Simple Somatic Mutation,chr7:g.140753336A>T,MODIFIER
TCGA-EE-A2MQ,BRAF,,Simple Somatic Mutation,chr7:g.140753334T>C,MODIFIER
TCGA-EE-A29A,BRAF,,Simple Somatic Mutation,chr7:g.140753336A>T,MODIFIER
TCGA-DA-A3F8,BRAF,,Simple Somatic Mutation,chr7:g.140753336A>T,MODIFIER
TCGA-3N-A9WB,BRAF,,Simple Somatic Mutation,chr7:g.140734725G>A,MODIFIER
TCGA-Z2-AA3V,BRAF,,Simple Somatic Mutation,chr7:g.140753336A>T,MODIFIER
TCGA-W3-AA1V,BRAF,,Simple Somatic Mutation,chr7:g.140781608G>A,MODIFIER
TCGA-D3-A2J7,BRAF,,Simple Somatic Mutation,chr7:g.140753336A>T,MODIFIER
TCGA-FS-A4F8,BRAF,,Simple Somatic Mutation,chr7:g.140753336A>T,MODIFIER
TCGA-ER-A19K,BRAF,,Simple Somatic Mutation,chr7:g.140753336A>T,MODIFIER
TCGA-GN-A4U7,BRAF,,Simple Somatic Mutation,chr7:g.140753336A>T,MODIFIER
TCGA-FR-A728,BRAF,,Simple Somatic Mutation,chr7:g.140753336A>T,MODIFIER
TCGA-D3-A1QA,BRAF,V600M,Simple Somatic Mutation,chr7:g.140753337C>T,MODERATE
TCGA-GF-A6C8,BRAF,,Simple Somatic Mutation,chr7:g.140753336A>T,MODIFIER
TCGA-BF-A3DL,BRAF,,Simple Somatic Mutation,chr7:g.140753336A>T,MODIFIER
TCGA-OD-A75X,BRAF,,Simple Somatic Mutation,chr7:g.140753336A>T,MODIFIER
TCGA-EE-A3AF,BRAF,,Simple Somatic Mutation,chr7:g.140753336A>T,MODIFIER
TCGA-FS-A4FB,BRAF,,Simple Somatic Mutation,chr7:g.140753336A>T,MODIFIER
TCGA-EB-A550,BRAF,,Simple Somatic Mutation,chr7:g.140753336A>T,MODIFIER
TCGA-D3-A5GR,BRAF,,Simple Somatic Mutation,chr7:g.140753336A>T,MODIFIER
TCGA-ER-A19F,BRAF,G506E,Simple Somatic Mutation,chr7:g.140781611C>T,MODERATE
TCGA-IH-A3EA,BRAF,V600M,Simple Somatic Mutation,chr7:g.140753337C>T,MODERATE
TCGA-ER-A3PL,BRAF,,Simple Somatic Mutation,chr7:g.140753336A>T,MODIFIER
TCGA-EE-A3AA,BRAF,,Simple Somatic Mutation,chr7:g.140753334T>C,MODIFIER
TCGA-ER-A2ND,BRAF,,Simple Somatic Mutation,chr7:g.140753336A>T,MODIFIER
TCGA-WE-A8K6,BRAF,,Simple Somatic Mutation,chr7:g.140753336A>T,MODIFIER
TCGA-ER-A19J,BRAF,V600M,Simple Somatic Mutation,chr7:g.140753337C>T,MODERATE
TCGA-EE-A183,BRAF,,Simple Somatic Mutation,chr7:g.140753336A>T,MODIFIER
TCGA-EB-A3XC,BRAF,V600G,Simple Somatic Mutation,chr7:g.140753336A>C,MODERATE
TCGA-D3-A5GS,BRAF,,Simple Somatic Mutation,chr7:g.140753336A>T,MODIFIER
TCGA-D3-A2JE,BRAF,,Simple Somatic Mutation,chr7:g.140753336A>T,MODIFIER
TCGA-OD-A75X,BRAF,V600M,Simple Somatic Mutation,chr7:g.140753337C>T,MODERATE
TCGA-XV-AAZW,BRAF,,Simple Somatic Mutation,chr7:g.140753336A>T,MODIFIER
TCGA-GN-A263,BRAF,,Simple Somatic Mutation,chr7:g.140753336A>T,MODIFIER
TCGA-GF-A6C9,BRAF,V600M,Simple Somatic Mutation,chr7:g.140753337C>T,MODERATE
TCGA-QB-A6FS,BRAF,V600M,Simple Somatic Mutation,chr7:g.140753337C>T,MODERATE
TCGA-D9-A148,BRAF,,Simple Somatic Mutation,chr7:g.140753336A>T,MODIFIER
TCGA-IH-A3EA,BRAF,,Simple Somatic Mutation,chr7:g.140753336A>T,MODIFIER
TCGA-EB-A3XC,BRAF,V600M,Simple Somatic Mutation,chr7:g.140753337C>T,MODERATE
TCGA-WE-A8K5,BRAF,V600M,Simple Somatic Mutation,chr7:g.140753337C>T,MODERATE
TCGA-D3-A8GD,BRAF,,Simple Somatic Mutation,chr7:g.140753336A>T,MODIFIER
TCGA-W3-AA1R,BRAF,V600M,Simple Somatic Mutation,chr7:g.140753337C>T,MODERATE
TCGA-D3-A2JN,BRAF,,Simple Somatic Mutation,chr7:g.140753336A>T,MODIFIER
TCGA-EE-A3AB,BRAF,,Simple Somatic Mutation,chr7:g.140753336A>T,MODIFIER
TCGA-FW-A3R5,BRAF,G509E,Simple Somatic Mutation,chr7:g.140781602C>T,MODERATE
TCGA-EE-A2GT,BRAF,V600M,Simple Somatic Mutation,chr7:g.140753337C>T,MODERATE
TCGA-BF-AAP0,BRAF,V600M,Simple Somatic Mutation,chr7:g.140753337C>T,MODERATE
TCGA-D9-A6EC,BRAF,,Simple Somatic Mutation,chr7:g.140778054A>T,MODIFIER
TCGA-D3-A8GJ,BRAF,,Simple Somatic Mutation,chr7:g.140753336A>T,MODIFIER
TCGA-W3-AA1O,BRAF,,Simple Somatic Mutation,chr7:g.140781603C>T,MODIFIER
TCGA-D9-A1JW,BRAF,,Simple Somatic Mutation,chr7:g.140753393T>G,LOW
TCGA-EB-A24D,BRAF,,Simple Somatic Mutation,chr7:g.140801537T>G,MODIFIER
TCGA-EE-A2M6,BRAF,,Simple Somatic Mutation,chr7:g.140753336A>T,MODIFIER
TCGA-EE-A2M5,BRAF,,Simple Somatic Mutation,chr7:g.140753336A>T,MODIFIER
TCGA-EE-A2GB,BRAF,V600M,Simple Somatic Mutation,chr7:g.140753337C>T,MODERATE
TCGA-FS-A1ZD,BRAF,,Simple Somatic Mutation,chr7:g.140753336A>T,MODIFIER
TCGA-D3-A3C6,BRAF,,Simple Somatic Mutation,chr7:g.140753336A>T,MODIFIER
TCGA-EB-A431,BRAF,,Simple Somatic Mutation,chr7:g.140753336A>T,MODIFIER
TCGA-EE-A29E,BRAF,V600M,Simple Somatic Mutation,chr7:g.140753337C>T,MODERATE
TCGA-FR-A7UA,BRAF,,Simple Somatic Mutation,chr7:g.140753336A>T,MODIFIER
TCGA-FW-A3R5,BRAF,,Simple Somatic Mutation,chr7:g.140734725G>A,MODIFIER
TCGA-LH-A9QB,BRAF,,Simple Somatic Mutation,chr7:g.140753336A>T,MODIFIER
TCGA-DA-A3F8,BRAF,V600M,Simple Somatic Mutation,chr7:g.140753337C>T,MODERATE
TCGA-EE-A3JH,BRAF,,Simple Somatic Mutation,chr7:g.140753334T>C,MODIFIER
TCGA-GF-A6C9,BRAF,,Simple Somatic Mutation,chr7:g.140753336A>T,MODIFIER
TCGA-ER-A19K,BRAF,V600M,Simple Somatic Mutation,chr7:g.140753337C>T,MODERATE
TCGA-EE-A2MH,BRAF,,Simple Somatic Mutation,chr7:g.140753336A>T,MODIFIER
TCGA-YG-AA3N,BRAF,V600M,Simple Somatic Mutation,chr7:g.140753337C>T,MODERATE
TCGA-EE-A29C,BRAF,,Simple Somatic Mutation,chr7:g.140753336A>T,MODIFIER
TCGA-FR-A8YE,BRAF,,Simple Somatic Mutation,chr7:g.140753336A>T,MODIFIER
TCGA-D3-A1Q6,BRAF,,Simple Somatic Mutation,chr7:g.140753336A>T,MODIFIER
TCGA-DA-A1I0,BRAF,,Simple Somatic Mutation,chr7:g.140753336A>T,MODIFIER
TCGA-ER-A19M,BRAF,,Simple Somatic Mutation,chr7:g.140753336A>T,MODIFIER
TCGA-DA-A95W,BRAF,,Simple Somatic Mutation,chr7:g.140753336A>T,MODIFIER
TCGA-EE-A3J3,BRAF,,Simple Somatic Mutation,chr7:g.140753336A>T,MODIFIER
TCGA-FS-A1ZC,BRAF,,Simple Somatic Mutation,chr7:g.140753336A>T,MODIFIER
TCGA-GN-A4U8,BRAF,,Simple Somatic Mutation,chr7:g.140753336A>T,MODIFIER
TCGA-DA-A1I4,BRAF,,Simple Somatic Mutation,chr7:g.140753336A>T,MODIFIER
TCGA-DA-A95Y,BRAF,N43_P47del,Simple Somatic Mutation,chr7:g.140778037delTAGGTGCTGTCACAT,MODERATE
TCGA-EE-A3JB,BRAF,,Simple Somatic Mutation,chr7:g.140753336A>T,MODIFIER
TCGA-WE-AAA0,BRAF,,Simple Somatic Mutation,chr7:g.140753336A>T,MODIFIER
TCGA-EB-A3XD,BRAF,,Simple Somatic Mutation,chr7:g.140753336A>T,MODIFIER
TCGA-W3-AA1R,BRAF,,Simple Somatic Mutation,chr7:g.140753336A>T,MODIFIER
TCGA-D3-A3MR,BRAF,,Simple Somatic Mutation,chr7:g.140753336A>T,MODIFIER
TCGA-D3-A8GM,BRAF,,Simple Somatic Mutation,chr7:g.140754231T>C,LOW
TCGA-FS-A1YX,BRAF,,Simple Somatic Mutation,chr7:g.140753336A>T,MODIFIER
TCGA-GN-A265,BRAF,,Simple Somatic Mutation,chr7:g.140753336A>T,MODIFIER
TCGA-EE-A181,BRAF,,Simple Somatic Mutation,chr7:g.140781608G>A,MODIFIER
TCGA-EB-A3XB,BRAF,V600M,Simple Somatic Mutation,chr7:g.140753337C>T,MODERATE
TCGA-WE-A8ZR,BRAF,,Simple Somatic Mutation,chr7:g.140753336A>T,MODIFIER
TCGA-EE-A183,BRAF,V600M,Simple Somatic Mutation,chr7:g.140753337C>T,MODERATE
TCGA-D3-A51J,BRAF,,Simple Somatic Mutation,chr7:g.140753336A>T,MODIFIER
TCGA-D3-A3MU,BRAF,,Simple Somatic Mutation,chr7:g.140753336A>T,MODIFIER
TCGA-D9-A4Z5,BRAF,N280H,Simple Somatic Mutation,chr7:g.140754187T>G,MODERATE
TCGA-EE-A29T,BRAF,,Simple Somatic Mutation,chr7:g.140753336A>T,MODIFIER
TCGA-EE-A3J4,BRAF,,Simple Somatic Mutation,chr7:g.140753336A>T,MODIFIER
TCGA-BF-A5ER,BRAF,V600M,Simple Somatic Mutation,chr7:g.140753337C>T,MODERATE
TCGA-ER-A2NG,BRAF,,Simple Somatic Mutation,chr7:g.140753336A>T,MODIFIER
TCGA-D3-A3C1,BRAF,,Simple Somatic Mutation,chr7:g.140753336A>T,MODIFIER
TCGA-DA-A95Z,BRAF,G506E,Simple Somatic Mutation,chr7:g.140781611C>T,MODERATE
TCGA-FS-A1ZN,BRAF,,Simple Somatic Mutation,chr7:g.140753336A>T,MODIFIER
TCGA-FS-A1YY,BRAF,,Simple Somatic Mutation,chr7:g.140753336A>T,MODIFIER
TCGA-BF-A3DM,BRAF,,Simple Somatic Mutation,chr7:g.140753336A>T,MODIFIER
TCGA-BF-A5EQ,BRAF,,Simple Somatic Mutation,chr7:g.140753336A>T,MODIFIER
TCGA-EE-A20F,BRAF,,Simple Somatic Mutation,chr7:g.140753336A>T,MODIFIER
TCGA-EB-A553,BRAF,,Simple Somatic Mutation,chr7:g.140753336A>T,MODIFIER
TCGA-GF-A4EO,BRAF,,Simple Somatic Mutation,chr7:g.140808953T>C,MODIFIER
TCGA-EE-A2A0,BRAF,,Simple Somatic Mutation,chr7:g.140794349G>A,MODIFIER
TCGA-EE-A2M7,BRAF,,Simple Somatic Mutation,chr7:g.140753336A>T,MODIFIER
TCGA-D3-A5GT,BRAF,,Simple Somatic Mutation,chr7:g.140753336A>T,MODIFIER
TCGA-DA-A1I5,BRAF,,Simple Somatic Mutation,chr7:g.140753336A>T,MODIFIER
TCGA-EE-A2GJ,BRAF,G506E,Simple Somatic Mutation,chr7:g.140781611C>T,MODERATE
TCGA-ER-A19Q,BRAF,,Simple Somatic Mutation,chr7:g.140753336A>T,MODIFIER
TCGA-FS-A1ZF,BRAF,,Simple Somatic Mutation,chr7:g.140753336A>T,MODIFIER
TCGA-D3-A51N,BRAF,,Simple Somatic Mutation,chr7:g.140753336A>T,MODIFIER
TCGA-EB-A3XF,BRAF,V600M,Simple Somatic Mutation,chr7:g.140753337C>T,MODERATE
TCGA-FS-A1ZC,BRAF,V600M,Simple Somatic Mutation,chr7:g.140753337C>T,MODERATE
TCGA-DA-A1HY,BRAF,,Simple Somatic Mutation,chr7:g.140753336A>T,MODIFIER
TCGA-BF-A3DN,BRAF,,Simple Somatic Mutation,chr7:g.140753336A>T,MODIFIER
TCGA-BF-AAP0,BRAF,,Simple Somatic Mutation,chr7:g.140753336A>T,MODIFIER
TCGA-FS-A1ZS,BRAF,,Simple Somatic Mutation,chr7:g.140753336A>T,MODIFIER
TCGA-D9-A4Z2,BRAF,,Simple Somatic Mutation,chr7:g.140753336A>T,MODIFIER
TCGA-D3-A2JP,BRAF,,Simple Somatic Mutation,chr7:g.140753336A>T,MODIFIER
TCGA-EB-A3XF,BRAF,,Simple Somatic Mutation,chr7:g.140753336A>T,MODIFIER
TCGA-W3-AA21,BRAF,V600M,Simple Somatic Mutation,chr7:g.140753337C>T,MODERATE
TCGA-WE-AAA4,BRAF,,Simple Somatic Mutation,chr7:g.140753336A>T,MODIFIER
TCGA-W3-AA1Q,BRAF,,Simple Somatic Mutation,chr7:g.140753336A>T,MODIFIER
TCGA-FR-A729,BRAF,,Simple Somatic Mutation,chr7:g.140753336A>T,MODIFIER
TCGA-YG-AA3O,BRAF,V600M,Simple Somatic Mutation,chr7:g.140753337C>T,MODERATE
TCGA-WE-A8ZX,BRAF,,Simple Somatic Mutation,chr7:g.140753336A>T,MODIFIER
TCGA-EE-A2GB,BRAF,,Simple Somatic Mutation,chr7:g.140753336A>T,MODIFIER
TCGA-YG-AA3O,BRAF,V600G,Simple Somatic Mutation,chr7:g.140753336A>C,MODERATE
TCGA-D9-A6E9,BRAF,,Simple Somatic Mutation,chr7:g.140753336A>T,MODIFIER
TCGA-EE-A2A0,BRAF,L154Q,Simple Somatic Mutation,chr7:g.140753345A>T,MODERATE
TCGA-EB-A6R0,BRAF,,Simple Somatic Mutation,chr7:g.140753336A>T,MODIFIER
TCGA-D3-A8GS,BRAF,,Simple Somatic Mutation,chr7:g.140753336A>T,MODIFIER
TCGA-EE-A3AD,BRAF,,Simple Somatic Mutation,chr7:g.140753336A>T,MODIFIER
TCGA-YG-AA3N,BRAF,,Simple Somatic Mutation,chr7:g.140753336A>T,MODIFIER
TCGA-EE-A2GH,BRAF,,Simple Somatic Mutation,chr7:g.140753336A>T,MODIFIER
TCGA-XV-AB01,BRAF,,Simple Somatic Mutation,chr7:g.140753336A>T,MODIFIER
TCGA-GN-A269,BRAF,,Simple Somatic Mutation,chr7:g.140753336A>T,MODIFIER
TCGA-EE-A2GS,BRAF,,Simple Somatic Mutation,chr7:g.140753336A>T,MODIFIER
TCGA-EE-A2GM,BRAF,P348T,Simple Somatic Mutation,chr7:g.140794406G>T,MODERATE
TCGA-EE-A17Y,BRAF,,Simple Somatic Mutation,chr7:g.140753336A>T,MODIFIER
TCGA-EE-A29W,BRAF,,Simple Somatic Mutation,chr7:g.140753336A>T,MODIFIER
TCGA-EB-A5FP,BRAF,,Simple Somatic Mutation,chr7:g.140753336A>T,MODIFIER
TCGA-GN-A9SD,BRAF,,Simple Somatic Mutation,chr7:g.140753336A>T,MODIFIER
TCGA-EB-A5SE,BRAF,,Simple Somatic Mutation,chr7:g.140753336A>T,MODIFIER
TCGA-D3-A51T,BRAF,,Simple Somatic Mutation,chr7:g.140781603C>T,MODIFIER
TCGA-EE-A20H,BRAF,,Simple Somatic Mutation,chr7:g.140753336A>T,MODIFIER
TCGA-D3-A8GO,BRAF,V600M,Simple Somatic Mutation,chr7:g.140753337C>T,MODERATE
TCGA-EB-A3Y6,BRAF,,Simple Somatic Mutation,chr7:g.140753336A>T,MODIFIER
TCGA-FS-A1ZH,BRAF,,Simple Somatic Mutation,chr7:g.140753336A>T,MODIFIER
TCGA-EB-A5UN,BRAF,,Simple Somatic Mutation,chr7:g.140753336A>T,MODIFIER
TCGA-D3-A8GB,BRAF,,Simple Somatic Mutation,chr7:g.140753336A>T,MODIFIER
TCGA-WE-A8ZQ,BRAF,,Simple Somatic Mutation,chr7:g.140753336A>T,MODIFIER
TCGA-EB-A4P0,BRAF,,Simple Somatic Mutation,chr7:g.140753336A>T,MODIFIER
TCGA-ER-A19G,BRAF,,Simple Somatic Mutation,chr7:g.140753336A>T,MODIFIER
TCGA-EB-A85I,BRAF,,Simple Somatic Mutation,chr7:g.140753336A>T,MODIFIER
TCGA-W3-AA21,BRAF,,Simple Somatic Mutation,chr7:g.140753336A>T,MODIFIER
TCGA-D3-A8GV,BRAF,,Simple Somatic Mutation,chr7:g.140753336A>T,MODIFIER
TCGA-QB-A6FS,BRAF,,Simple Somatic Mutation,chr7:g.140753336A>T,MODIFIER
TCGA-WE-A8ZT,BRAF,,Simple Somatic Mutation,chr7:g.140753336A>T,MODIFIER
TCGA-EE-A2MK,BRAF,,Simple Somatic Mutation,chr7:g.140753336A>T,MODIFIER
TCGA-ER-A19S,BRAF,,Simple Somatic Mutation,chr7:g.140753336A>T,MODIFIER
TCGA-D3-A3MO,BRAF,,Simple Somatic Mutation,chr7:g.140753336A>T,MODIFIER
TCGA-GF-A4EO,BRAF,,Simple Somatic Mutation,chr7:g.140753336A>T,MODIFIER
TCGA-GN-A4U5,BRAF,,Simple Somatic Mutation,chr7:g.140753336A>T,MODIFIER
TCGA-D3-A3CE,BRAF,,Simple Somatic Mutation,chr7:g.140753336A>T,MODIFIER
TCGA-ER-A19J,BRAF,,Simple Somatic Mutation,chr7:g.140753336A>T,MODIFIER
TCGA-EE-A2ME,BRAF,,Simple Somatic Mutation,chr7:g.140753336A>T,MODIFIER
TCGA-D3-A8GN,BRAF,,Simple Somatic Mutation,chr7:g.140753336A>T,MODIFIER
TCGA-EE-A2GE,BRAF,,Simple Somatic Mutation,chr7:g.140753336A>T,MODIFIER
TCGA-ER-A2NC,BRAF,,Simple Somatic Mutation,chr7:g.140753336A>T,MODIFIER
TCGA-GN-A262,BRAF,,Simple Somatic Mutation,chr7:g.140753336A>T,MODIFIER
TCGA-EE-A29N,BRAF,D634N,Simple Somatic Mutation,chr7:g.140753355C>T,MODERATE
TCGA-W3-A825,BRAF,,Simple Somatic Mutation,chr7:g.140781608G>A,MODIFIER
TCGA-EB-A44P,BRAF,,Simple Somatic Mutation,chr7:g.140753336A>T,MODIFIER
TCGA-GF-A769,BRAF,,Simple Somatic Mutation,chr7:g.140753336A>T,MODIFIER
TCGA-EB-A42Z,BRAF,,Simple Somatic Mutation,chr7:g.140753336A>T,MODIFIER
TCGA-BF-A5ER,BRAF,,Simple Somatic Mutation,chr7:g.140753336A>T,MODIFIER
TCGA-FR-A3YO,BRAF,,Simple Somatic Mutation,chr7:g.140753334delTCA,MODIFIER
TCGA-FW-A3TV,BRAF,,Simple Somatic Mutation,chr7:g.140753336A>T,MODIFIER
TCGA-EE-A3AG,BRAF,,Simple Somatic Mutation,chr7:g.140753336A>T,MODIFIER
TCGA-EB-A24D,BRAF,,Simple Somatic Mutation,chr7:g.140753334T>C,MODIFIER
TCGA-D3-A1QA,BRAF,V600G,Simple Somatic Mutation,chr7:g.140753336A>C,MODERATE
TCGA-EB-A4IS,BRAF,,Simple Somatic Mutation,chr7:g.140753336A>T,MODIFIER
TCGA-FS-A1ZZ,BRAF,,Simple Somatic Mutation,chr7:g.140753393T>C,MODIFIER
TCGA-D3-A1Q7,BRAF,,Simple Somatic Mutation,chr7:g.140753336A>T,MODIFIER
TCGA-D3-A1Q9,BRAF,,Simple Somatic Mutation,chr7:g.140753336A>T,MODIFIER
TCGA-GF-A2C7,BRAF,,Simple Somatic Mutation,chr7:g.140753336A>T,MODIFIER
TCGA-ER-A193,BRAF,V600G,Simple Somatic Mutation,chr7:g.140753336A>C,MODERATE
TCGA-D9-A3Z3,BRAF,,Simple Somatic Mutation,chr7:g.140753336A>T,MODIFIER
TCGA-ER-A193,BRAF,V600M,Simple Somatic Mutation,chr7:g.140753337C>T,MODERATE
TCGA-D3-A1Q5,BRAF,,Simple Somatic Mutation,chr7:g.140753336A>T,MODIFIER
TCGA-D3-A3C7,BRAF,,Simple Somatic Mutation,chr7:g.140753336A>T,MODIFIER
TCGA-EE-A2GC,BRAF,G506E,Simple Somatic Mutation,chr7:g.140781611C>T,MODERATE
TCGA-D3-A1Q4,BRAF,,Simple Somatic Mutation,chr7:g.140753336A>T,MODIFIER
TCGA-DA-A1I8,BRAF,,Simple Somatic Mutation,chr7:g.140753336A>T,MODIFIER
TCGA-XV-A9W5,BRAF,,Simple Somatic Mutation,chr7:g.140753336A>T,MODIFIER
TCGA-EE-A2GH,BRAF,,Simple Somatic Mutation,chr7:g.140800390G>A,MODIFIER
TCGA-EB-A3XE,BRAF,,Simple Somatic Mutation,chr7:g.140753336A>T,MODIFIER
TCGA-WE-A8K5,BRAF,,Simple Somatic Mutation,chr7:g.140753336A>T,MODIFIER
TCGA-EE-A29M,BRAF,,Simple Somatic Mutation,chr7:g.140753336A>T,MODIFIER
TCGA-EE-A3JD,BRAF,,Simple Somatic Mutation,chr7:g.140781608G>A,MODIFIER
TCGA-DA-A1I2,BRAF,,Simple Somatic Mutation,chr7:g.140753336A>T,MODIFIER
TCGA-BF-A3DJ,BRAF,,Simple Somatic Mutation,chr7:g.140753336A>T,MODIFIER
TCGA-EE-A20B,BRAF,,Simple Somatic Mutation,chr7:g.140753336A>T,MODIFIER
TCGA-EE-A3AH,BRAF,,Simple Somatic Mutation,chr7:g.140753336A>T,MODIFIER
TCGA-BF-A3DM,BRAF,V600M,Simple Somatic Mutation,chr7:g.140753337C>T,MODERATE
TCGA-D3-A5GN,BRAF,,Simple Somatic Mutation,chr7:g.140753336A>T,MODIFIER
TCGA-DA-A3F5,BRAF,,Simple Somatic Mutation,chr7:g.140753336A>T,MODIFIER
TCGA-FS-A1ZR,BRAF,,Simple Somatic Mutation,chr7:g.140753336A>T,MODIFIER
TCGA-ER-A19E,BRAF,,Simple Somatic Mutation,chr7:g.140753336A>T,MODIFIER
TCGA-XV-AAZV,BRAF,,Simple Somatic Mutation,chr7:g.140753336A>T,MODIFIER
TCGA-D3-A8GO,BRAF,,Simple Somatic Mutation,chr7:g.140753336A>T,MODIFIER
TCGA-EE-A2MP,BRAF,,Simple Somatic Mutation,chr7:g.140753336A>T,MODIFIER
TCGA-D3-A2JK,BRAF,,Simple Somatic Mutation,chr7:g.140753336A>T,MODIFIER
TCGA-EB-A6QZ,BRAF,,Simple Somatic Mutation,chr7:g.140753336A>T,MODIFIER
TCGA-W3-AA1W,BRAF,V600M,Simple Somatic Mutation,chr7:g.140753337C>T,MODERATE
TCGA-EE-A20H,BRAF,V600M,Simple Somatic Mutation,chr7:g.140753337C>T,MODERATE
TCGA-EB-A6QY,BRAF,V600M,Simple Somatic Mutation,chr7:g.140753337C>T,MODERATE
TCGA-EB-A299,BRAF,,Simple Somatic Mutation,chr7:g.140753336A>T,MODIFIER
TCGA-BF-AAP7,BRAF,,Simple Somatic Mutation,chr7:g.140753336A>T,MODIFIER
TCGA-BF-A3DL,BRAF,V600M,Simple Somatic Mutation,chr7:g.140753337C>T,MODERATE
TCGA-EB-A24C,BRAF,,Simple Somatic Mutation,chr7:g.140753336A>T,MODIFIER
TCGA-EE-A2MG,BRAF,,Simple Somatic Mutation,chr7:g.140753336A>T,MODIFIER
TCGA-EE-A2GO,BRAF,,Simple Somatic Mutation,chr7:g.140781603C>T,MODIFIER
TCGA-D9-A6EC,BRAF,L525F,Simple Somatic Mutation,chr7:g.140778053C>A,MODERATE
TCGA-D3-A3C3,BRAF,,Simple Somatic Mutation,chr7:g.140753336A>T,MODIFIER
TCGA-EB-A430,BRAF,,Simple Somatic Mutation,chr7:g.140753336A>T,MODIFIER
TCGA-FS-A1ZM,BRAF,,Simple Somatic Mutation,chr7:g.140753336A>T,MODIFIER
TCGA-EE-A2A6,BRAF,,Simple Somatic Mutation,chr7:g.140753336A>T,MODIFIER
TCGA-ER-A19O,BRAF,,Simple Somatic Mutation,chr7:g.140753336A>T,MODIFIER
TCGA-BF-A5EQ,BRAF,V600M,Simple Somatic Mutation,chr7:g.140753337C>T,MODERATE
TCGA-ER-A19B,BRAF,,Simple Somatic Mutation,chr7:g.140753336A>T,MODIFIER
TCGA-EE-A3AA,BRAF,,Simple Somatic Mutation,chr7:g.140739856C>T,MODIFIER
TCGA-HR-A2OH,BRAF,,Simple Somatic Mutation,chr7:g.140753336A>T,MODIFIER
TCGA-D3-A2JH,BRAF,,Simple Somatic Mutation,chr7:g.140753334T>C,MODIFIER
TCGA-W3-AA1O,BRAF,,Simple Somatic Mutation,chr7:g.140807968G>A,MODIFIER
TCGA-D9-A4Z6,BRAF,,Simple Somatic Mutation,chr7:g.140734722G>A,MODIFIER
TCGA-FS-A4FD,NRAS,Q61R,Simple Somatic Mutation,chr1:g.114713908T>C,MODERATE
TCGA-EE-A3AC,NRAS,Q61K,Simple Somatic Mutation,chr1:g.114713909G>T,MODERATE
TCGA-EE-A185,NRAS,Q61K,Simple Somatic Mutation,chr1:g.114713909G>T,MODERATE
TCGA-EE-A2GL,NRAS,Q61K,Simple Somatic Mutation,chr1:g.114713909G>T,MODERATE
TCGA-FS-A1ZT,NRAS,Q61R,Simple Somatic Mutation,chr1:g.114713908T>C,MODERATE
TCGA-BF-A5EO,NRAS,Q61K,Simple Somatic Mutation,chr1:g.114713909G>T,MODERATE
TCGA-EE-A2GU,NRAS,Q61K,Simple Somatic Mutation,chr1:g.114713909G>T,MODERATE
TCGA-D3-A8GQ,NRAS,Q61L,Simple Somatic Mutation,chr1:g.114713908T>A,MODERATE
TCGA-WE-A8JZ,NRAS,Q61K,Simple Somatic Mutation,chr1:g.114713909G>T,MODERATE
TCGA-WE-AAA3,NRAS,Q61R,Simple Somatic Mutation,chr1:g.114713908T>C,MODERATE
TCGA-EB-A5UL,NRAS,Q61K,Simple Somatic Mutation,chr1:g.114713909G>T,MODERATE
TCGA-FR-A3YN,NRAS,Q61R,Simple Somatic Mutation,chr1:g.114713908T>C,MODERATE
TCGA-ER-A2NC,NRAS,G13R,Simple Somatic Mutation,chr1:g.114716124C>G,MODERATE
TCGA-D3-A1Q8,NRAS,Q61K,Simple Somatic Mutation,chr1:g.114713909G>T,MODERATE
TCGA-EE-A2A1,NRAS,Q61R,Simple Somatic Mutation,chr1:g.114713908T>C,MODERATE
TCGA-D3-A8GR,NRAS,Q61K,Simple Somatic Mutation,chr1:g.114713909G>T,MODERATE
TCGA-DA-A95Z,NRAS,Y157Lfs*19,Simple Somatic Mutation,chr1:g.114708635_114708636insA,HIGH
TCGA-3N-A9WC,NRAS,Q61L,Simple Somatic Mutation,chr1:g.114713908T>A,MODERATE
TCGA-DA-A95X,NRAS,Q61L,Simple Somatic Mutation,chr1:g.114713908T>A,MODERATE
TCGA-D3-A8GL,NRAS,Q61R,Simple Somatic Mutation,chr1:g.114713908T>C,MODERATE
TCGA-D3-A8GC,NRAS,Q61H,Simple Somatic Mutation,chr1:g.114713907T>A,MODERATE
TCGA-BF-AAOX,NRAS,Q61L,Simple Somatic Mutation,chr1:g.114713908T>A,MODERATE
TCGA-FS-A1Z3,NRAS,Q61H,Simple Somatic Mutation,chr1:g.114713907T>A,MODERATE
TCGA-ER-A2NH,NRAS,Q61R,Simple Somatic Mutation,chr1:g.114713908T>C,MODERATE
TCGA-D9-A3Z4,NRAS,Q61R,Simple Somatic Mutation,chr1:g.114713908T>C,MODERATE
TCGA-WE-A8ZO,NRAS,Q61R,Simple Somatic Mutation,chr1:g.114713908T>C,MODERATE
TCGA-GF-A3OT,NRAS,Q61K,Simple Somatic Mutation,chr1:g.114713909G>T,MODERATE
TCGA-EE-A29L,NRAS,Q61L,Simple Somatic Mutation,chr1:g.114713908T>A,MODERATE
TCGA-FS-A1ZW,NRAS,Q61K,Simple Somatic Mutation,chr1:g.114713909G>T,MODERATE
TCGA-ER-A2NE,NRAS,Q61K,Simple Somatic Mutation,chr1:g.114713909G>T,MODERATE
TCGA-D3-A5GO,NRAS,Q61R,Simple Somatic Mutation,chr1:g.114713908T>C,MODERATE
TCGA-EB-A1NK,NRAS,Q61R,Simple Somatic Mutation,chr1:g.114713908T>C,MODERATE
TCGA-FS-A4F9,NRAS,Q61K,Simple Somatic Mutation,chr1:g.114713909G>T,MODERATE
TCGA-D3-A51G,NRAS,Q61K,Simple Somatic Mutation,chr1:g.114713909G>T,MODERATE
TCGA-EE-A29S,NRAS,Q61L,Simple Somatic Mutation,chr1:g.114713908T>A,MODERATE
TCGA-EB-A551,NRAS,Q61K,Simple Somatic Mutation,chr1:g.114713909G>T,MODERATE
TCGA-D3-A3ML,NRAS,Q61L,Simple Somatic Mutation,chr1:g.114713908T>A,MODERATE
TCGA-DA-A1I1,NRAS,Q61L,Simple Somatic Mutation,chr1:g.114713908T>A,MODERATE
TCGA-EE-A2GM,NRAS,Q61R,Simple Somatic Mutation,chr1:g.114713908T>C,MODERATE
TCGA-EE-A29X,NRAS,Q61R,Simple Somatic Mutation,chr1:g.114713908T>C,MODERATE
TCGA-EE-A29V,NRAS,G12A,Simple Somatic Mutation,chr1:g.114716126C>G,MODERATE
TCGA-D3-A8GK,NRAS,Q61R,Simple Somatic Mutation,chr1:g.114713908T>C,MODERATE
TCGA-EE-A2MU,NRAS,E62K,Simple Somatic Mutation,chr1:g.114713906C>T,MODERATE
TCGA-EE-A29G,NRAS,Q61K,Simple Somatic Mutation,chr1:g.114713909G>T,MODERATE
TCGA-EE-A2A2,NRAS,Q61L,Simple Somatic Mutation,chr1:g.114713908T>A,MODERATE
TCGA-D3-A2J8,NRAS,Q61L,Simple Somatic Mutation,chr1:g.114713908T>A,MODERATE
TCGA-FR-A7U8,NRAS,Q61R,Simple Somatic Mutation,chr1:g.114713908T>C,MODERATE
TCGA-EB-A85J,NRAS,Q61K,Simple Somatic Mutation,chr1:g.114713909G>T,MODERATE
TCGA-EE-A2ML,NRAS,Q61R,Simple Somatic Mutation,chr1:g.114713908T>C,MODERATE
TCGA-QB-AA9O,NRAS,Q61L,Simple Somatic Mutation,chr1:g.114713908T>A,MODERATE
TCGA-FS-A1Z0,NRAS,Q61R,Simple Somatic Mutation,chr1:g.114713908T>C,MODERATE
TCGA-GN-A268,NRAS,Q61K,Simple Somatic Mutation,chr1:g.114713909G>T,MODERATE
TCGA-EE-A3JA,NRAS,Q61R,Simple Somatic Mutation,chr1:g.114713908T>C,MODERATE
TCGA-3N-A9WD,NRAS,Q61L,Simple Somatic Mutation,chr1:g.114713908T>A,MODERATE
TCGA-FS-A1ZP,NRAS,Q61L,Simple Somatic Mutation,chr1:g.114713908T>A,MODERATE
TCGA-ER-A19W,NRAS,Q61K,Simple Somatic Mutation,chr1:g.114713909G>T,MODERATE
TCGA-EE-A2A2,NRAS,Q61*,Simple Somatic Mutation,chr1:g.114713909G>A,HIGH
TCGA-EE-A2GP,NRAS,Q61R,Simple Somatic Mutation,chr1:g.114713908T>C,MODERATE
TCGA-BF-AAP2,NRAS,Q61R,Simple Somatic Mutation,chr1:g.114713908T>C,MODERATE
TCGA-BF-A1PZ,NRAS,Q61R,Simple Somatic Mutation,chr1:g.114713908T>C,MODERATE
TCGA-D3-A1QB,NRAS,Q61L,Simple Somatic Mutation,chr1:g.114713908T>A,MODERATE
TCGA-EB-A5VU,NRAS,Q61R,Simple Somatic Mutation,chr1:g.114713908T>C,MODERATE
TCGA-D3-A8GI,NRAS,G12S,Simple Somatic Mutation,chr1:g.114716127C>T,MODERATE
TCGA-GF-A6C9,NRAS,X37_splice,Simple Somatic Mutation,chr1:g.114716048A>G,HIGH
TCGA-GN-A8LN,NRAS,Q61R,Simple Somatic Mutation,chr1:g.114713908T>C,MODERATE
TCGA-EE-A3J7,NRAS,Q61R,Simple Somatic Mutation,chr1:g.114713908T>C,MODERATE
TCGA-EB-A44R,NRAS,G13D,Simple Somatic Mutation,chr1:g.114716123C>T,MODERATE
TCGA-W3-A824,NRAS,Q61K,Simple Somatic Mutation,chr1:g.114713909G>T,MODERATE
TCGA-FS-A4F5,NRAS,Q61R,Simple Somatic Mutation,chr1:g.114713908T>C,MODERATE
TCGA-RP-A695,NRAS,Q61R,Simple Somatic Mutation,chr1:g.114713908T>C,MODERATE
TCGA-ER-A19N,NRAS,Q61H,Simple Somatic Mutation,chr1:g.114713907T>G,MODERATE
TCGA-EE-A2MD,NRAS,Q61R,Simple Somatic Mutation,chr1:g.114713908T>C,MODERATE
TCGA-EE-A2GJ,NRAS,G12D,Simple Somatic Mutation,chr1:g.114716126C>T,MODERATE
TCGA-HR-A2OG,NRAS,Q61R,Simple Somatic Mutation,chr1:g.114713908T>C,MODERATE
TCGA-WE-A8K1,NRAS,Q61R,Simple Somatic Mutation,chr1:g.114713908T>C,MODERATE
TCGA-D9-A6EA,NRAS,Q61R,Simple Somatic Mutation,chr1:g.114713908T>C,MODERATE
TCGA-EB-A44O,NRAS,Q61K,Simple Somatic Mutation,chr1:g.114713909G>T,MODERATE
TCGA-WE-A8JZ,NRAS,Q61R,Simple Somatic Mutation,chr1:g.114713908T>C,MODERATE
TCGA-D3-A51E,NRAS,Q61R,Simple Somatic Mutation,chr1:g.114713908T>C,MODERATE
TCGA-EE-A2A5,NRAS,Q61R,Simple Somatic Mutation,chr1:g.114713908T>C,MODERATE
TCGA-FS-A4F2,NRAS,Q61L,Simple Somatic Mutation,chr1:g.114713908T>A,MODERATE
TCGA-XV-AAZY,NRAS,Q61R,Simple Somatic Mutation,chr1:g.114713908T>C,MODERATE
TCGA-DA-A3F3,NRAS,Q61R,Simple Somatic Mutation,chr1:g.114713908T>C,MODERATE
TCGA-GN-A4U4,NRAS,Q61R,Simple Somatic Mutation,chr1:g.114713908T>C,MODERATE
TCGA-GN-A4U9,NRAS,Q61R,Simple Somatic Mutation,chr1:g.114713908T>C,MODERATE
TCGA-D3-A1Q1,NRAS,G12R,Simple Somatic Mutation,chr1:g.114716127C>G,MODERATE
TCGA-DA-A1HV,NRAS,Q61K,Simple Somatic Mutation,chr1:g.114713909G>T,MODERATE
TCGA-DA-A3F3,NRAS,Q61K,Simple Somatic Mutation,chr1:g.114713909G>T,MODERATE
TCGA-ER-A199,NRAS,Q61R,Simple Somatic Mutation,chr1:g.114713908T>C,MODERATE
TCGA-EE-A3JI,NRAS,Q61K,Simple Somatic Mutation,chr1:g.114713909G>T,MODERATE
TCGA-EE-A29Q,NRAS,Q61L,Simple Somatic Mutation,chr1:g.114713908T>A,MODERATE
TCGA-EE-A2MM,NRAS,Q61H,Simple Somatic Mutation,chr1:g.114713907T>A,MODERATE
TCGA-EE-A2GN,NRAS,Q61K,Simple Somatic Mutation,chr1:g.114713909G>T,MODERATE
TCGA-D3-A3MV,NRAS,Q61R,Simple Somatic Mutation,chr1:g.114713908T>C,MODERATE
TCGA-FS-A4FC,NRAS,G13R,Simple Somatic Mutation,chr1:g.114716124C>G,MODERATE
TCGA-EE-A3J8,NRAS,Q61R,Simple Somatic Mutation,chr1:g.114713908T>C,MODERATE
TCGA-D9-A3Z1,NRAS,Q61R,Simple Somatic Mutation,chr1:g.114713908T>C,MODERATE
TCGA-D3-A2JL,NRAS,G12R,Simple Somatic Mutation,chr1:g.114716127C>G,MODERATE
TCGA-ER-A19D,NRAS,Q61K,Simple Somatic Mutation,chr1:g.114713909G>T,MODERATE
TCGA-WE-A8ZY,NRAS,Q61R,Simple Somatic Mutation,chr1:g.114713908T>C,MODERATE
TCGA-WE-A8ZN,NRAS,Q61K,Simple Somatic Mutation,chr1:g.114713909G>T,MODERATE
TCGA-EE-A2GD,NRAS,Q61K,Simple Somatic Mutation,chr1:g.114713909G>T,MODERATE
TCGA-GN-A4U3,NRAS,Q61R,Simple Somatic Mutation,chr1:g.114713908T>C,MODERATE
TCGA-EE-A29R,NRAS,Q61R,Simple Somatic Mutation,chr1:g.114713908T>C,MODERATE
TCGA-FR-A69P,NRAS,Q61R,Simple Somatic Mutation,chr1:g.114713908T>C,MODERATE
TCGA-DA-A960,NRAS,Q61L,Simple Somatic Mutation,chr1:g.114713908T>A,MODERATE
TCGA-EE-A184,NRAS,Q61H,Simple Somatic Mutation,chr1:g.114713907T>G,MODERATE
TCGA-EE-A17X,NRAS,Q61K,Simple Somatic Mutation,chr1:g.114713909G>T,MODERATE
TCGA-FS-A1ZQ,NRAS,Q61R,Simple Somatic Mutation,chr1:g.114713908T>C,MODERATE
TCGA-3N-A9WB,NRAS,Q61K,Simple Somatic Mutation,chr1:g.114713909G>T,MODERATE
TCGA-D3-A2JO,NRAS,Q61K,Simple Somatic Mutation,chr1:g.114713909G>T,MODERATE
TCGA-FS-A1YW,NRAS,Q61K,Simple Somatic Mutation,chr1:g.114713909G>T,MODERATE
TCGA-EE-A2MU,NRAS,Q61H,Simple Somatic Mutation,chr1:g.114713907T>G,MODERATE
TCGA-EE-A2MF,NRAS,Q61K,Simple Somatic Mutation,chr1:g.114713909G>T,MODERATE
TCGA-GN-A267,NRAS,Q61K,Simple Somatic Mutation,chr1:g.114713909G>T,MODERATE
TCGA-ER-A2NB,NRAS,Q61R,Simple Somatic Mutation,chr1:g.114713908T>C,MODERATE
TCGA-FS-A1ZB,NRAS,Q61R,Simple Somatic Mutation,chr1:g.114713908T>C,MODERATE
TCGA-BF-A1PV,NRAS,Q61L,Simple Somatic Mutation,chr1:g.114713908T>A,MODERATE
TCGA-FS-A1ZE,NRAS,Q61K,Simple Somatic Mutation,chr1:g.114713909G>T,MODERATE
TCGA-EB-A5SG,NRAS,Q61R,Simple Somatic Mutation,chr1:g.114713908T>C,MODERATE
TCGA-YD-A89C,NRAS,Q61R,Simple Somatic Mutation,chr1:g.114713908T>C,MODERATE
TCGA-FS-A1ZY,NRAS,Q61R,Simple Somatic Mutation,chr1:g.114713908T>C,MODERATE
TCGA-EE-A2MC,NRAS,Q61R,Simple Somatic Mutation,chr1:g.114713908T>C,MODERATE
TCGA-ER-A195,NRAS,Q61K,Simple Somatic Mutation,chr1:g.114713909G>T,MODERATE
TCGA-EB-A44Q,NRAS,Q61L,Simple Somatic Mutation,chr1:g.114713908T>A,MODERATE
TCGA-W3-A825,NRAS,Q61R,Simple Somatic Mutation,chr1:g.114713908T>C,MODERATE
TCGA-EE-A20C,NRAS,Q61R,Simple Somatic Mutation,chr1:g.114713908T>C,MODERATE
TCGA-BF-A5EO,NRAS,Q61R,Simple Somatic Mutation,chr1:g.114713908T>C,MODERATE
TCGA-D3-A51R,NRAS,Q61R,Simple Somatic Mutation,chr1:g.114713908T>C,MODERATE
TCGA-EE-A2MN,NRAS,Q61K,Simple Somatic Mutation,chr1:g.114713909G>T,MODERATE
TCGA-D9-A4Z3,NRAS,Q61R,Simple Somatic Mutation,chr1:g.114713908T>C,MODERATE
TCGA-FS-A1ZZ,NRAS,P34L,Simple Somatic Mutation,chr1:g.114716060G>A,MODERATE
TCGA-W3-AA1V,NF1,R440*,Simple Somatic Mutation,chr17:g.31206297C>T,HIGH
TCGA-BF-A1PV,NF1,R440*,Simple Somatic Mutation,chr17:g.31206297C>T,HIGH
TCGA-GN-A26C,NF1,L604*,Simple Somatic Mutation,chr17:g.31223533T>A,HIGH
TCGA-EE-A3JD,NF1,,Simple Somatic Mutation,chr17:g.31327781C>T,MODIFIER
TCGA-EE-A2MT,NF1,R58Q,Simple Somatic Mutation,chr17:g.31327839G>A,MODERATE
TCGA-EE-A2MJ,NF1,S2578F,Simple Somatic Mutation,chr17:g.31357017C>T,MODERATE
TCGA-BF-AAP4,NF1,E715*,Simple Somatic Mutation,chr17:g.31226576G>T,HIGH
TCGA-EB-A82B,NF1,W1997*,Simple Somatic Mutation,chr17:g.31335016G>A,HIGH
TCGA-FR-A726,NF1,Q718*,Simple Somatic Mutation,chr17:g.31226483C>T,HIGH
TCGA-EE-A180,NF1,W1258*,Simple Somatic Mutation,chr17:g.31235676G>A,HIGH
TCGA-BF-A1PZ,NF1,,Simple Somatic Mutation,chr17:g.31337366A>G,MODIFIER
TCGA-FR-A3R1,NF1,,Simple Somatic Mutation,chr17:g.31182621C>T,MODIFIER
TCGA-EE-A181,NF1,,Simple Somatic Mutation,chr17:g.31357031C>T,MODIFIER
TCGA-EB-A3Y7,NF1,P898A,Simple Somatic Mutation,chr17:g.31233199C>G,MODERATE
TCGA-D3-A8GQ,NF1,,Simple Somatic Mutation,chr17:g.31337817A>T,HIGH
TCGA-EE-A3J5,NF1,X1515_splice,Simple Somatic Mutation,chr17:g.31327840G>A,HIGH
TCGA-EE-A2GO,NF1,,Simple Somatic Mutation,chr17:g.31229407C>T,MODIFIER
TCGA-D3-A2JA,NF1,,Simple Somatic Mutation,chr17:g.31230891C>T,MODIFIER
TCGA-EB-A41A,NF1,R440*,Simple Somatic Mutation,chr17:g.31206297C>T,HIGH
TCGA-FW-A3R5,NF1,Q347*,Simple Somatic Mutation,chr17:g.31200572C>T,HIGH
TCGA-EE-A2MI,NF1,,Simple Somatic Mutation,chr17:g.31232725T>A,MODIFIER
TCGA-EE-A2GI,NF1,Q2239*,Simple Somatic Mutation,chr17:g.31338035C>T,HIGH
TCGA-FR-A8YC,NF1,,Simple Somatic Mutation,chr17:g.31200540G>A,MODIFIER
TCGA-EE-A2A2,NF1,,Simple Somatic Mutation,chr17:g.31358532C>T,MODIFIER
TCGA-WE-A8K6,NF1,,Simple Somatic Mutation,chr17:g.31325983C>T,MODIFIER
TCGA-EE-A17X,NF1,Y10F,Simple Somatic Mutation,chr17:g.31156068A>T,MODERATE
TCGA-EE-A2MS,NF1,L595P,Simple Somatic Mutation,chr17:g.31229401T>C,MODERATE
TCGA-EE-A2MJ,NF1,,Simple Somatic Mutation,chr17:g.31235623C>T,MODIFIER
TCGA-EE-A3J5,NF1,R58Q,Simple Somatic Mutation,chr17:g.31327839G>A,MODERATE
TCGA-FR-A8YD,NF1,M815V,Simple Somatic Mutation,chr17:g.31232830A>G,MODERATE
TCGA-EE-A2MS,NF1,,Simple Somatic Mutation,chr17:g.31221849G>A,MODIFIER
TCGA-EE-A2GR,NF1,C383Yfs*10,Simple Somatic Mutation,chr17:g.31201116delTTTCTTGC,HIGH
TCGA-FR-A3R1,NF1,Q1070*,Simple Somatic Mutation,chr17:g.31232083C>T,HIGH
TCGA-D3-A51R,NF1,,Simple Somatic Mutation,chr17:g.31260397C>T,MODIFIER
TCGA-XV-A9W2,NF1,,Simple Somatic Mutation,chr17:g.31336915G>C,MODIFIER
TCGA-DA-A95V,NF1,,Simple Somatic Mutation,chr17:g.31327487delACCACTTTCCAGGTTGGTTCT,HIGH
TCGA-EE-A2MT,NF1,X1515_splice,Simple Somatic Mutation,chr17:g.31327840G>A,HIGH
TCGA-EE-A182,NF1,R440*,Simple Somatic Mutation,chr17:g.31206297C>T,HIGH
TCGA-EE-A2MT,NF1,,Simple Somatic Mutation,chr17:g.31229145C>T,MODIFIER
TCGA-WE-A8ZM,NF1,W140*,Simple Somatic Mutation,chr17:g.31334880G>A,HIGH
TCGA-FR-A7U9,NF1,Q1040*,Simple Somatic Mutation,chr17:g.31258353C>T,HIGH
TCGA-FS-A1ZZ,NF1,Q718*,Simple Somatic Mutation,chr17:g.31226483C>T,HIGH
TCGA-ER-A19F,NF1,X69_splice,Simple Somatic Mutation,chr17:g.31159009G>A,HIGH
TCGA-EB-A4IS,NF1,,Simple Somatic Mutation,chr17:g.31226526C>T,MODIFIER
TCGA-EE-A29L,NF1,Q1801*,Simple Somatic Mutation,chr17:g.31327694C>T,HIGH
TCGA-FS-A1ZP,NF1,R188*,Simple Somatic Mutation,chr17:g.31249093C>T,HIGH
TCGA-FR-A8YC,NF1,E2114*,Simple Somatic Mutation,chr17:g.31350266G>T,HIGH
TCGA-EB-A82B,NF1,Y1930*,Simple Somatic Mutation,chr17:g.31338739C>G,HIGH
TCGA-ER-A19A,NF1,S2399F,Simple Somatic Mutation,chr17:g.31360587C>T,MODERATE
TCGA-W3-A828,NF1,,Simple Somatic Mutation,chr17:g.31258343G>A,HIGH
TCGA-ER-A19F,NF1,L274F,Simple Somatic Mutation,chr17:g.31182597C>T,MODERATE
TCGA-YG-AA3N,NF1,,Simple Somatic Mutation,chr17:g.31226456G>C,MODIFIER
TCGA-FS-A4F4,NF1,V341Cfs*12,Simple Somatic Mutation,chr17:g.31200552_31200553insT,HIGH
TCGA-D3-A8GI,NF1,,Simple Somatic Mutation,chr17:g.31163282C>T,MODIFIER
TCGA-YD-A9TA,NF1,Y491*,Simple Somatic Mutation,chr17:g.31214531T>A,HIGH
TCGA-DA-A1IC,NF1,,Simple Somatic Mutation,chr17:g.31182621C>T,MODIFIER
TCGA-BF-AAP4,NF1,E1103K,Simple Somatic Mutation,chr17:g.31259071G>A,MODERATE
TCGA-DA-A1IC,NF1,,Simple Somatic Mutation,chr17:g.31226520G>A,MODIFIER
TCGA-EE-A20C,NF1,,Simple Somatic Mutation,chr17:g.31229113C>T,MODIFIER
TCGA-GN-A269,NF1,,Simple Somatic Mutation,chr17:g.31326245C>T,MODIFIER
TCGA-W3-AA1V,NF1,X2000_splice,Simple Somatic Mutation,chr17:g.31343008G>A,HIGH
TCGA-ER-A194,NF1,,Simple Somatic Mutation,chr17:g.31229145C>T,MODIFIER
TCGA-EB-A41A,NF1,,Simple Somatic Mutation,chr17:g.31352415G>A,MODIFIER
TCGA-EB-A82C,NF1,,Simple Somatic Mutation,chr17:g.31226459_31226460insC,MODIFIER
TCGA-DA-A95Z,NF1,H407Y,Simple Somatic Mutation,chr17:g.31201444C>T,MODERATE
TCGA-DA-A95X,NF1,Q853*,Simple Somatic Mutation,chr17:g.31229172C>T,HIGH
TCGA-FR-A8YC,NF1,W336*,Simple Somatic Mutation,chr17:g.31200541G>A,HIGH
TCGA-FR-A8YD,NF1,,Simple Somatic Mutation,chr17:g.31232711T>G,MODIFIER
TCGA-D3-A2JF,NF1,Y1604*,Simple Somatic Mutation,chr17:g.31325859C>A,HIGH
TCGA-YD-A9TA,NF1,L158I,Simple Somatic Mutation,chr17:g.31214532C>A,MODERATE
TCGA-FS-A1Z3,NF1,L100H,Simple Somatic Mutation,chr17:g.31235723T>A,MODERATE
TCGA-D9-A6EC,NF1,G345*,Simple Somatic Mutation,chr17:g.31200464G>T,HIGH
TCGA-DA-A95V,NF1,,Simple Somatic Mutation,chr17:g.31325970G>A,MODIFIER
TCGA-FS-A1ZA,NF1,,Simple Somatic Mutation,chr17:g.31227548G>A,MODIFIER
TCGA-FW-A3R5,NF1,E64*,Simple Somatic Mutation,chr17:g.31235614G>T,HIGH
TCGA-W3-A828,NF1,,Simple Somatic Mutation,chr17:g.31337403delG,MODIFIER
TCGA-EE-A2GC,NF1,Q2239*,Simple Somatic Mutation,chr17:g.31338035C>T,HIGH
TCGA-FW-A3I3,NF1,,Simple Somatic Mutation,chr17:g.31226524delC,MODIFIER
TCGA-DA-A95Z,NF1,,Simple Somatic Mutation,chr17:g.31227232C>T,MODIFIER
TCGA-W3-AA1V,NF1,,Simple Somatic Mutation,chr17:g.31360664A>G,MODIFIER
TCGA-FR-A726,NF1,,Simple Somatic Mutation,chr17:g.31327673C>T,MODIFIER
TCGA-FS-A1ZZ,NF1,S1599F,Simple Somatic Mutation,chr17:g.31265300C>T,MODERATE
TCGA-EE-A29N,NF1,Y80*,Simple Somatic Mutation,chr17:g.31159045T>A,HIGH
TCGA-GN-A8LK,NF1,,Simple Somatic Mutation,chr17:g.31336771delATG,MODIFIER
TCGA-FS-A1ZA,NF1,W450*,Simple Somatic Mutation,chr17:g.31227549G>A,HIGH
TCGA-EE-A2GR,NF1,X2580_splice,Simple Somatic Mutation,chr17:g.31356959G>A,HIGH
TCGA-ER-A194,NF1,,Simple Somatic Mutation,chr17:g.31225188C>T,MODIFIER
TCGA-DA-A1I0,NF1,,Simple Somatic Mutation,chr17:g.31352286C>T,MODIFIER
TCGA-EE-A3AE,NF1,,Simple Somatic Mutation,chr17:g.31233006delAGGTTACCACA,MODIFIER
TCGA-BF-A1PU,PTEN,R130*,Simple Somatic Mutation,chr10:g.87933147C>T,HIGH
TCGA-WE-A8K5,PTEN,L129Yfs*6,Simple Somatic Mutation,chr10:g.87961041_87961042insTACT,HIGH
TCGA-D3-A8GO,PTEN,L146Ffs*34,Simple Somatic Mutation,chr10:g.87933191_87933192insT,HIGH
TCGA-HR-A2OH,PTEN,,Simple Somatic Mutation,chr10:g.87894058C>T,MODIFIER
TCGA-XV-A9W5,PTEN,,Simple Somatic Mutation,chr10:g.87931076delAT,MODIFIER
TCGA-ER-A42K,PTEN,E43K,Simple Somatic Mutation,chr10:g.87894072G>A,MODERATE
TCGA-BF-AAP7,PTEN,R47K,Simple Somatic Mutation,chr10:g.87894085G>A,MODERATE
TCGA-GN-A4U8,PTEN,Q87*,Simple Somatic Mutation,chr10:g.87933018C>T,HIGH
TCGA-GN-A26C,PTEN,,Simple Somatic Mutation,chr10:g.87864492T>C,MODIFIER
TCGA-FS-A1ZD,PTEN,L108P,Simple Somatic Mutation,chr10:g.87933082T>C,MODERATE
TCGA-EB-A44P,PTEN,X70_splice,Simple Somatic Mutation,chr10:g.87931044A>G,HIGH
TCGA-ER-A19E,PTEN,H272R,Simple Somatic Mutation,chr10:g.87960907A>G,MODERATE
TCGA-D3-A3MR,PTEN,Q298*,Simple Somatic Mutation,chr10:g.87960984C>T,HIGH
TCGA-FR-A729,PTEN,,Simple Somatic Mutation,chr10:g.87894057C>T,MODIFIER
TCGA-D9-A6EC,PTEN,,Simple Somatic Mutation,chr10:g.87952155A>T,MODIFIER
TCGA-D3-A2J8,PTEN,C105G,Simple Somatic Mutation,chr10:g.87933072T>G,MODERATE
TCGA-YD-A9TA,PTEN,H272Y,Simple Somatic Mutation,chr10:g.87960906C>T,MODERATE
TCGA-D3-A1Q4,PTEN,,Simple Somatic Mutation,chr10:g.87952119G>A,MODIFIER
TCGA-D3-A2JC,PTEN,,Simple Somatic Mutation,chr10:g.87933025_87933026insTTTTTTTT,MODIFIER
TCGA-GF-A2C7,PTEN,,Simple Somatic Mutation,chr10:g.87933245_87933246insA,MODIFIER
TCGA-D3-A5GN,PTEN,,Simple Somatic Mutation,chr10:g.87894057C>T,MODIFIER
TCGA-W3-AA1R,PTEN,P55S,Simple Somatic Mutation,chr10:g.87957954C>T,MODERATE
TCGA-ER-A19J,PTEN,,Simple Somatic Mutation,chr10:g.87933245_87933246insA,MODIFIER
TCGA-D3-A8GD,PTEN,F257L,Simple Somatic Mutation,chr10:g.87957987T>C,MODERATE
TCGA-GN-A4U5,PTEN,V275_N276insI,Simple Somatic Mutation,chr10:g.87960915_87960916insTAA,MODERATE
TCGA-EE-A2GN,PTEN,E256*,Simple Somatic Mutation,chr10:g.87957984G>T,HIGH
TCGA-W3-AA1R,PTEN,P246L,Simple Somatic Mutation,chr10:g.87957955C>T,MODERATE
TCGA-OD-A75X,PTEN,W83*,Simple Somatic Mutation,chr10:g.87960914G>A,HIGH
TCGA-D3-A3C6,PTEN,,Simple Somatic Mutation,chr10:g.87933165T>C,MODIFIER
TCGA-HR-A2OH,PTEN,,Simple Somatic Mutation,chr10:g.87894057C>T,MODIFIER
TCGA-EE-A2GS,PTEN,,Simple Somatic Mutation,chr10:g.87933148G>T,MODIFIER
TCGA-WE-A8ZQ,PTEN,,Simple Somatic Mutation,chr10:g.87894083delC,MODIFIER
TCGA-WE-A8ZT,PTEN,V152I,Simple Somatic Mutation,chr10:g.87961119G>A,MODERATE
TCGA-EB-A42Y,PTEN,M264R,Simple Somatic Mutation,chr10:g.87958009T>G,MODERATE
TCGA-D3-A51T,PTEN,Y29S,Simple Somatic Mutation,chr10:g.87894031A>C,MODERATE
TCGA-EE-A29P,PTEN,V99Sfs*8,Simple Somatic Mutation,chr10:g.87960954_87960955insA,HIGH
TCGA-BF-AAP6,PTEN,E242Sfs*14,Simple Somatic Mutation,chr10:g.87957942delG,HIGH
TCGA-D3-A2JK,PTEN,Q298*,Simple Somatic Mutation,chr10:g.87960984C>T,HIGH
TCGA-EE-A3AH,PTEN,,Simple Somatic Mutation,chr10:g.87931054delAA,MODIFIER
TCGA-FW-A3I3,PTEN,,Simple Somatic Mutation,chr10:g.87933245_87933246insA,MODIFIER
TCGA-EE-A17Z,PTEN,G60V,Simple Somatic Mutation,chr10:g.87957970G>T,MODERATE
TCGA-EB-A6R0,PTEN,R43Hfs*23,Simple Somatic Mutation,chr10:g.87957916_87957917insAC,HIGH
TCGA-W3-A824,PTEN,N63Tfs*36,Simple Somatic Mutation,chr10:g.87925532delA,HIGH
TCGA-IH-A3EA,PTEN,,Simple Somatic Mutation,chr10:g.87933128_87933129insTG,MODIFIER
TCGA-EE-A2GU,PTEN,V152L,Simple Somatic Mutation,chr10:g.87961119G>C,MODERATE
TCGA-BF-A5EP,PTEN,L108F,Simple Somatic Mutation,chr10:g.87933081C>T,MODERATE
TCGA-DA-A1I1,CDKN2A,A86Gfs*25,Simple Somatic Mutation,chr9:g.21971077delCAGCGTGTCCAGGAAGCCCTCCCGGG,HIGH
TCGA-WE-AAA4,CDKN2A,A128=,Simple Somatic Mutation,chr9:g.21971018G>A,LOW
TCGA-FR-A3YO,CDKN2A,A128=,Simple Somatic Mutation,chr9:g.21971018G>A,LOW
TCGA-EE-A3J7,CDKN2A,,Simple Somatic Mutation,chr9:g.21974685G>A,MODIFIER
TCGA-Z2-A8RT,CDKN2A,,Simple Somatic Mutation,chr9:g.21971187G>A,MODIFIER
TCGA-ER-A19D,CDKN2A,,Simple Somatic Mutation,chr9:g.21971209C>T,HIGH
TCGA-D9-A3Z1,CDKN2A,,Simple Somatic Mutation,chr9:g.21971188G>A,MODIFIER
TCGA-D9-A1X3,CDKN2A,,Simple Somatic Mutation,chr9:g.21971111T>C,MODIFIER
TCGA-EE-A29E,CDKN2A,,Simple Somatic Mutation,chr9:g.21974680G>A,MODIFIER
TCGA-D3-A51J,CDKN2A,,Simple Somatic Mutation,chr9:g.21971210T>A,HIGH
TCGA-WE-A8ZT,CDKN2A,G125R,Simple Somatic Mutation,chr9:g.21971029C>T,MODERATE
TCGA-ER-A19L,CDKN2A,,Simple Somatic Mutation,chr9:g.21971209C>T,HIGH
TCGA-EE-A185,CDKN2A,,Simple Somatic Mutation,chr9:g.21971121G>A,MODIFIER
TCGA-EE-A2MD,CDKN2A,,Simple Somatic Mutation,chr9:g.21971121G>A,MODIFIER
TCGA-EB-A44O,CDKN2A,E88Lfs*30,Simple Somatic Mutation,chr9:g.21971093delCCCTC,HIGH
TCGA-EE-A3JB,CDKN2A,G102E,Simple Somatic Mutation,chr9:g.21971097C>T,MODERATE
TCGA-EE-A2GP,CDKN2A,,Simple Somatic Mutation,chr9:g.21971187G>A,MODIFIER
TCGA-W3-AA1R,CDKN2A,A128=,Simple Somatic Mutation,chr9:g.21971018G>A,LOW
TCGA-D9-A6EC,CDKN2A,A128=,Simple Somatic Mutation,chr9:g.21971018G>A,LOW
TCGA-D3-A3CB,CDKN2A,,Simple Somatic Mutation,chr9:g.21971098C>T,MODIFIER
TCGA-EE-A29V,CDKN2A,,Simple Somatic Mutation,chr9:g.21974680G>A,MODIFIER
TCGA-EE-A3AE,CDKN2A,A128=,Simple Somatic Mutation,chr9:g.21971018G>A,LOW
TCGA-D3-A3CB,CDKN2A,G102E,Simple Somatic Mutation,chr9:g.21971097C>T,MODERATE
TCGA-ER-A19H,CDKN2A,,Simple Somatic Mutation,chr9:g.21968243C>T,HIGH
TCGA-D3-A5GR,CDKN2A,,Simple Somatic Mutation,chr9:g.21971054_21971055insC,MODIFIER
TCGA-EB-A51B,CDKN2A,W59*,Simple Somatic Mutation,chr9:g.21971030C>T,HIGH
TCGA-EE-A2GM,CDKN2A,,Simple Somatic Mutation,chr9:g.21971121G>A,MODIFIER
TCGA-EB-A4IS,CDKN2A,,Simple Somatic Mutation,chr9:g.21971112G>A,MODIFIER
TCGA-EE-A2GC,CDKN2A,,Simple Somatic Mutation,chr9:g.21974680G>A,MODIFIER
TCGA-Z2-AA3V,CDKN2A,G23D,Simple Somatic Mutation,chr9:g.21974760C>T,MODERATE
TCGA-FR-A8YC,CDKN2A,G125R,Simple Somatic Mutation,chr9:g.21971029C>T,MODERATE
TCGA-EB-A44N,CDKN2A,,Simple Somatic Mutation,chr9:g.21968243C>T,HIGH
TCGA-D3-A2JD,CDKN2A,W59*,Simple Somatic Mutation,chr9:g.21971030C>T,HIGH
TCGA-D3-A3MV,CDKN2A,W59*,Simple Somatic Mutation,chr9:g.21971030C>T,HIGH
TCGA-D9-A6EC,CDKN2A,,Simple Somatic Mutation,chr9:g.21971187G>A,MODIFIER
TCGA-D3-A2JF,CDKN2A,T28=,Simple Somatic Mutation,chr9:g.21971122G>A,LOW
TCGA-EE-A3JD,CDKN2A,A128=,Simple Somatic Mutation,chr9:g.21971018G>A,LOW
TCGA-EE-A181,CDKN2A,H32Q,Simple Somatic Mutation,chr9:g.21971110G>C,MODERATE
TCGA-RP-A694,CDKN2A,A128=,Simple Somatic Mutation,chr9:g.21971018G>A,LOW
TCGA-EE-A2GI,CDKN2A,,Simple Somatic Mutation,chr9:g.21971187G>A,MODIFIER
TCGA-RP-A695,CDKN2A,,Simple Somatic Mutation,chr9:g.21974700delCT,MODIFIER
TCGA-W3-AA1V,CDKN2A,,Simple Somatic Mutation,chr9:g.21971187G>A,MODIFIER
TCGA-EE-A2GP,CDKN2A,,Simple Somatic Mutation,chr9:g.21971188G>A,MODIFIER
TCGA-FS-A1ZQ,CDKN2A,A128=,Simple Somatic Mutation,chr9:g.21971018G>A,LOW
TCGA-D3-A5GN,CDKN2A,,Simple Somatic Mutation,chr9:g.21971123_21971124insT,MODIFIER
TCGA-W3-A828,CDKN2A,A128=,Simple Somatic Mutation,chr9:g.21971018G>A,LOW
TCGA-EE-A2GI,CDKN2A,,Simple Somatic Mutation,chr9:g.21971188G>A,MODIFIER
TCGA-FS-A1ZW,CDKN2A,,Simple Somatic Mutation,chr9:g.21974680G>A,MODIFIER
TCGA-D9-A3Z1,CDKN2A,,Simple Somatic Mutation,chr9:g.21971187G>A,MODIFIER
TCGA-EB-A44P,CDKN2A,A128=,Simple Somatic Mutation,chr9:g.21971018G>A,LOW
TCGA-W3-A825,CDKN2A,Q70Pfs*91,Simple Somatic Mutation,chr9:g.21971193_21971194insG,HIGH
TCGA-FR-A7U9,CDKN2A,P48S,Simple Somatic Mutation,chr9:g.21974686G>A,MODERATE
TCGA-D3-A8GP,CDKN2A,H107*,Simple Somatic Mutation,chr9:g.21971081delGTG,HIGH
TCGA-W3-AA1V,CDKN2A,,Simple Somatic Mutation,chr9:g.21971188G>A,MODIFIER
TCGA-D3-A5GS,CDKN2A,A51V,Simple Somatic Mutation,chr9:g.21971054G>A,MODERATE
TCGA-BF-AAP7,CDKN2A,,Simple Somatic Mutation,chr9:g.21970985delTCG,MODIFIER
TCGA-EE-A2A6,CDKN2A,T95=,Simple Somatic Mutation,chr9:g.21971117G>A,LOW
TCGA-DA-A1HV,CDKN2A,,Simple Somatic Mutation,chr9:g.21974685G>A,MODIFIER
TCGA-EE-A20B,CDKN2A,,Simple Somatic Mutation,chr9:g.21971209C>A,HIGH
TCGA-DA-A1HY,CDKN2A,T95=,Simple Somatic Mutation,chr9:g.21971117G>A,LOW
TCGA-D3-A1Q4,CDKN2A,G125R,Simple Somatic Mutation,chr9:g.21971029C>T,MODERATE
TCGA-D3-A2JF,CDKN2A,,Simple Somatic Mutation,chr9:g.21971121G>A,MODIFIER
TCGA-EE-A2M5,CDKN2A,R58Afs*57,Simple Somatic Mutation,chr9:g.21971174delAGCTCCGCCACTCG,HIGH
TCGA-W3-AA1W,CDKN2A,,Simple Somatic Mutation,chr9:g.21974680G>A,MODIFIER
TCGA-FR-A7U9,CDKN2A,,Simple Somatic Mutation,chr9:g.21974685G>A,MODIFIER
TCGA-EB-A5SH,KIT,S451C,Simple Somatic Mutation,chr4:g.54725862C>G,MODERATE
TCGA-EE-A29R,KIT,P363S,Simple Somatic Mutation,chr4:g.54707259C>T,MODERATE
TCGA-BF-A5ES,KIT,L572P,Simple Somatic Mutation,chr4:g.54727495T>C,MODERATE
TCGA-D3-A8GM,KIT,,Simple Somatic Mutation,chr4:g.54727444T>C,MODIFIER
TCGA-FS-A1ZJ,KIT,Y503delinsFAH,Simple Somatic Mutation,chr4:g.54726017_54726018insTTGCCC,MODERATE
TCGA-EB-A3Y7,KIT,,Simple Somatic Mutation,chr4:g.54727444T>C,MODIFIER
TCGA-YG-AA3P,KIT,K638E,Simple Somatic Mutation,chr4:g.54728055A>G,MODERATE
TCGA-EE-A182,KIT,,Simple Somatic Mutation,chr4:g.54727444T>C,MODIFIER
TCGA-FR-A726,KIT,T666I,Simple Somatic Mutation,chr4:g.54729341C>T,MODERATE
TCGA-D3-A51K,KIT,L572P,Simple Somatic Mutation,chr4:g.54727495T>C,MODERATE
TCGA-ER-A42H,KIT,K638E,Simple Somatic Mutation,chr4:g.54728055A>G,MODERATE
TCGA-RP-A693,KIT,,Simple Somatic Mutation,chr4:g.54699744C>T,MODIFIER
TCGA-GN-A264,KIT,,Simple Somatic Mutation,chr4:g.54733174T>G,MODIFIER
TCGA-EB-A42Y,KIT,K638E,Simple Somatic Mutation,chr4:g.54728055A>G,MODERATE
TCGA-FW-A3R5,KIT,S123F,Simple Somatic Mutation,chr4:g.54698314C>T,MODERATE
TCGA-EB-A57M,KIT,K638E,Simple Somatic Mutation,chr4:g.54728055A>G,MODERATE
TCGA-EB-A5KH,KIT,K638E,Simple Somatic Mutation,chr4:g.54728055A>G,MODERATE
TCGA-EE-A2MT,KIT,,Simple Somatic Mutation,chr4:g.54729460C>T,MODIFIER
TCGA-YG-AA3N,KIT,R49C,Simple Somatic Mutation,chr4:g.54695589C>T,MODERATE
TCGA-EE-A29D,KIT,W553R,Simple Somatic Mutation,chr4:g.54727437T>C,MODERATE
TCGA-EE-A29D,KIT,N818I,Simple Somatic Mutation,chr4:g.54733173A>T,MODERATE
TCGA-D3-A1Q3,KIT,K638E,Simple Somatic Mutation,chr4:g.54728055A>G,MODERATE
TCGA-BF-A3DN,MAP2K1,P124S,Simple Somatic Mutation,chr15:g.66436824C>T,MODERATE
TCGA-EE-A3JB,MAP2K1,P124S,Simple Somatic Mutation,chr15:g.66436824C>T,MODERATE
TCGA-D9-A4Z6,MAP2K1,P124S,Simple Somatic Mutation,chr15:g.66436824C>T,MODERATE
TCGA-EE-A29M,MAP2K1,G294E,Simple Somatic Mutation,chr15:g.66485177G>A,MODERATE
TCGA-ER-A42L,MAP2K1,K57N,Simple Somatic Mutation,chr15:g.66435117G>T,MODERATE
TCGA-EB-A5UN,MAP2K1,W247*,Simple Somatic Mutation,chr15:g.66485036G>A,HIGH
TCGA-EE-A2MU,MAP2K1,,Simple Somatic Mutation,chr15:g.66436825C>T,MODIFIER
TCGA-D3-A3MV,MAP2K1,F53I,Simple Somatic Mutation,chr15:g.66435103T>A,MODERATE
TCGA-D3-A8GP,MAP2K1,,Simple Somatic Mutation,chr15:g.66435113A>C,MODIFIER
TCGA-EE-A2MU,MAP2K1,P124S,Simple Somatic Mutation,chr15:g.66436824C>T,MODERATE
TCGA-EE-A29R,MAP2K1,P124S,Simple Somatic Mutation,chr15:g.66436824C>T,MODERATE
TCGA-D3-A1Q6,MAP2K1,P124S,Simple Somatic Mutation,chr15:g.66436824C>T,MODERATE
TCGA-EB-A3XF,MAP2K1,P124S,Simple Somatic Mutation,chr15:g.66436824C>T,MODERATE
TCGA-W3-AA1Q,MAP2K1,P124S,Simple Somatic Mutation,chr15:g.66436824C>T,MODERATE
TCGA-D3-A1Q8,MAP2K1,E203K,Simple Somatic Mutation,chr15:g.66481793G>A,MODERATE
TCGA-EB-A299,MAP2K1,P124S,Simple Somatic Mutation,chr15:g.66436824C>T,MODERATE
TCGA-EB-A5FP,MAP2K1,,Simple Somatic Mutation,chr15:g.66436825C>T,MODIFIER
TCGA-EE-A3JH,MAP2K1,E203K,Simple Somatic Mutation,chr15:g.66481793G>A,MODERATE
TCGA-XV-AAZW,MAP2K1,L118V,Simple Somatic Mutation,chr15:g.66436806C>G,MODERATE
TCGA-BF-AAP1,MAP2K1,N122D,Simple Somatic Mutation,chr15:g.66436818A>G,MODERATE
TCGA-ER-A42H,MAP2K1,,Simple Somatic Mutation,chr15:g.66436825C>T,MODIFIER
TCGA-OD-A75X,MAP2K1,P124S,Simple Somatic Mutation,chr15:g.66436824C>T,MODERATE
TCGA-D3-A51F,MAP2K1,P124S,Simple Somatic Mutation,chr15:g.66436824C>T,MODERATE
TCGA-W3-AA1W,MAP2K1,P124S,Simple Somatic Mutation,chr15:g.66436824C>T,MODERATE
TCGA-EE-A2M5,MAP2K1,P124S,Simple Somatic Mutation,chr15:g.66436824C>T,MODERATE
TCGA-EE-A29T,MAP2K1,E27V,Simple Somatic Mutation,chr15:g.66481794A>T,MODERATE
TCGA-OD-A75X,MAP2K1,,Simple Somatic Mutation,chr15:g.66436825C>T,MODIFIER
TCGA-D9-A149,MAP2K1,K57N,Simple Somatic Mutation,chr15:g.66435117G>T,MODERATE
TCGA-WE-A8ZY,RAC1,,Simple Somatic Mutation,chr7:g.6387261C>T,MODIFIER
TCGA-D3-A3C8,RAC1,,Simple Somatic Mutation,chr7:g.6387261C>T,MODIFIER
TCGA-EE-A2GM,RAC1,,Simple Somatic Mutation,chr7:g.6387262C>T,MODIFIER
TCGA-EE-A3AB,RAC1,V14E,Simple Somatic Mutation,chr7:g.6387217T>A,MODERATE
TCGA-FS-A1ZK,RAC1,,Simple Somatic Mutation,chr7:g.6400160C>T,MODIFIER
TCGA-FR-A8YC,RAC1,,Simple Somatic Mutation,chr7:g.6387261C>T,MODIFIER
TCGA-WE-A8K5,RAC1,,Simple Somatic Mutation,chr7:g.6387261C>T,MODIFIER
TCGA-D9-A3Z1,RAC1,,Simple Somatic Mutation,chr7:g.6387262C>T,MODIFIER
TCGA-FS-A1ZU,RAC1,,Simple Somatic Mutation,chr7:g.6400176T>G,MODIFIER
TCGA-EE-A181,RAC1,,Simple Somatic Mutation,chr7:g.6387261C>T,MODIFIER
TCGA-D3-A8GI,RAC1,,Simple Somatic Mutation,chr7:g.6387262C>T,MODIFIER
TCGA-EE-A29D,RAC1,S71F,Simple Somatic Mutation,chr7:g.6392028C>T,MODERATE
TCGA-EB-A44O,RAC1,,Simple Somatic Mutation,chr7:g.6387261C>T,MODIFIER
TCGA-D3-A3MR,RAC1,,Simple Somatic Mutation,chr7:g.6387262C>T,MODIFIER
TCGA-QB-AA9O,RAC1,,Simple Somatic Mutation,chr7:g.6387261C>T,MODIFIER
TCGA-QB-A6FS,RAC1,,Simple Somatic Mutation,chr7:g.6387262C>T,MODIFIER
TCGA-EE-A2M5,RAC1,,Simple Somatic Mutation,chr7:g.6387261C>T,MODIFIER
TCGA-GN-A266,RAC1,,Simple Somatic Mutation,chr7:g.6387276C>T,MODIFIER
TCGA-D3-A2JH,RAC1,,Simple Somatic Mutation,chr7:g.6387261C>T,MODIFIER
TCGA-GN-A8LN,RAC1,,Simple Somatic Mutation,chr7:g.6387261C>T,MODIFIER
TCGA-FR-A726,RAC1,,Simple Somatic Mutation,chr7:g.6387261C>T,MODIFIER
TCGA-D3-A3MU,RAC1,,Simple Somatic Mutation,chr7:g.6387261C>T,MODIFIER
TCGA-D3-A51R,RAC1,E31D,Simple Somatic Mutation,chr7:g.6387269A>T,MODERATE
TCGA-FS-A1ZA,RAC1,,Simple Somatic Mutation,chr7:g.6387261C>T,MODIFIER
TCGA-BF-AAP1,RAC1,,Simple Somatic Mutation,chr7:g.6387261C>T,MODIFIER
TCGA-EE-A3JD,RAC1,,Simple Somatic Mutation,chr7:g.6387261C>T,MODIFIER
TCGA-ER-A199,RAC1,P159L,Simple Somatic Mutation,chr7:g.6401998C>T,MODERATE
TCGA-YD-A89C,RAC1,,Simple Somatic Mutation,chr7:g.6387261C>T,MODIFIER
TCGA-FS-A1ZP,RAC1,,Simple Somatic Mutation,chr7:g.6387261C>T,MODIFIER
TCGA-D3-A8GJ,PPP6C,R242C,Simple Somatic Mutation,chr9:g.125149801G>A,MODERATE
TCGA-FS-A1ZH,PPP6C,S270L,Simple Somatic Mutation,chr9:g.125149782G>A,MODERATE
TCGA-GN-A267,PPP6C,Q161*,Simple Somatic Mutation,chr9:g.125153655G>A,HIGH
TCGA-Z2-A8RT,PPP6C,P146S,Simple Somatic Mutation,chr9:g.125153700G>A,MODERATE
TCGA-GN-A8LK,PPP6C,X68_splice,Simple Somatic Mutation,chr9:g.125158383C>T,HIGH
TCGA-FS-A1ZW,PPP6C,S270L,Simple Somatic Mutation,chr9:g.125149782G>A,MODERATE
TCGA-EE-A29W,PPP6C,Q45L,Simple Somatic Mutation,chr9:g.125171086T>A,MODERATE
TCGA-DA-A1I1,PPP6C,P296L,Simple Somatic Mutation,chr9:g.125149815G>A,MODERATE
TCGA-EE-A2GM,PPP6C,R242C,Simple Somatic Mutation,chr9:g.125149801G>A,MODERATE
TCGA-BF-AAP1,PPP6C,P333L,Simple Somatic Mutation,chr9:g.125149704G>A,MODERATE
TCGA-DA-A3F8,PPP6C,R242C,Simple Somatic Mutation,chr9:g.125149801G>A,MODERATE
TCGA-HR-A2OG,PPP6C,R155*,Simple Somatic Mutation,chr9:g.125153673G>A,HIGH
TCGA-D3-A8GO,PPP6C,R242C,Simple Somatic Mutation,chr9:g.125149801G>A,MODERATE
TCGA-EB-A3XC,PPP6C,P296S,Simple Somatic Mutation,chr9:g.125149816G>A,MODERATE
TCGA-D3-A3MV,PPP6C,P223S,Simple Somatic Mutation,chr9:g.125153646G>A,MODERATE
TCGA-EB-A3XB,PPP6C,R242C,Simple Somatic Mutation,chr9:g.125149801G>A,MODERATE
TCGA-D9-A6EC,PPP6C,N77H,Simple Somatic Mutation,chr9:g.125171138T>G,MODERATE
TCGA-EB-A5SG,PPP6C,R242C,Simple Somatic Mutation,chr9:g.125149801G>A,MODERATE
TCGA-WE-AAA0,PPP6C,D121N,Simple Somatic Mutation,chr9:g.125158370C>T,MODERATE
TCGA-BF-A3DM,PPP6C,H55Y,Simple Somatic Mutation,chr9:g.125171093G>A,MODERATE
TCGA-EE-A29L,PPP6C,R143C,Simple Somatic Mutation,chr9:g.125158304G>A,MODERATE
TCGA-DA-A3F8,PPP6C,H55Y,Simple Somatic Mutation,chr9:g.125171093G>A,MODERATE
TCGA-D3-A3C8,PPP6C,S94R,Simple Somatic Mutation,chr9:g.125158272A>T,MODERATE
TCGA-DA-A3F5,PPP6C,G90E,Simple Somatic Mutation,chr9:g.125158285C>T,MODERATE
TCGA-EE-A29R,PPP6C,P223S,Simple Somatic Mutation,chr9:g.125153646G>A,MODERATE
TCGA-W3-A825,PPP6C,R242C,Simple Somatic Mutation,chr9:g.125149801G>A,MODERATE
TCGA-FS-A1ZC,PPP6C,R242C,Simple Somatic Mutation,chr9:g.125149801G>A,MODERATE
TCGA-W3-AA21,PPP6C,R242C,Simple Somatic Mutation,chr9:g.125149801G>A,MODERATE
TCGA-EE-A2ML,PPP6C,X67_splice,Simple Somatic Mutation,chr9:g.125160840C>G,HIGH
TCGA-EE-A2GD,PPP6C,R155*,Simple Somatic Mutation,chr9:g.125153673G>A,HIGH
TCGA-BF-A5EO,PPP6C,R242C,Simple Somatic Mutation,chr9:g.125149801G>A,MODERATE
TCGA-GF-A6C8,PREX2,G1078E,Simple Somatic Mutation,chr8:g.68115839G>A,MODERATE
TCGA-D9-A6EC,PREX2,,Simple Somatic Mutation,chr8:g.68055842G>A,MODIFIER
TCGA-EE-A2GD,PREX2,E414K,Simple Somatic Mutation,chr8:g.68060680G>A,MODERATE
TCGA-EE-A2M5,PREX2,R297C,Simple Somatic Mutation,chr8:g.68044536C>T,MODERATE
TCGA-EE-A29M,PREX2,S413N,Simple Somatic Mutation,chr8:g.68055974G>A,MODERATE
TCGA-IH-A3EA,PREX2,,Simple Somatic Mutation,chr8:g.68038252C>T,MODIFIER
TCGA-EB-A85J,PREX2,,Simple Somatic Mutation,chr8:g.68217680C>T,MODIFIER
TCGA-3N-A9WC,PREX2,R1572K,Simple Somatic Mutation,chr8:g.68224566G>A,MODERATE
TCGA-WE-A8K5,PREX2,E1295K,Simple Somatic Mutation,chr8:g.68134175G>A,MODERATE
TCGA-D3-A8GI,PREX2,R1262C,Simple Somatic Mutation,chr8:g.68134076C>T,MODERATE
TCGA-EE-A2M8,PREX2,,Simple Somatic Mutation,chr8:g.68083363G>A,MODIFIER
TCGA-EE-A3AD,PREX2,E1095K,Simple Somatic Mutation,chr8:g.68115889G>A,MODERATE
TCGA-D3-A5GO,PREX2,E944K,Simple Somatic Mutation,chr8:g.68108223G>A,MODERATE
TCGA-D3-A8GM,PREX2,X790_splice,Simple Somatic Mutation,chr8:g.68093724T>C,HIGH
TCGA-EE-A182,PREX2,H1404Y,Simple Somatic Mutation,chr8:g.68146331C>T,MODERATE
TCGA-WE-A8K4,PREX2,E1295K,Simple Somatic Mutation,chr8:g.68134175G>A,MODERATE
TCGA-FW-A3R5,PREX2,,Simple Somatic Mutation,chr8:g.68072571G>A,HIGH
TCGA-EB-A430,PREX2,N723T,Simple Somatic Mutation,chr8:g.68090633A>C,MODERATE
TCGA-DA-A1HY,PREX2,,Simple Somatic Mutation,chr8:g.68099830C>T,MODIFIER
TCGA-ER-A194,PREX2,,Simple Somatic Mutation,chr8:g.68069080C>T,MODIFIER
TCGA-EE-A2M5,PREX2,,Simple Somatic Mutation,chr8:g.68108190T>A,MODIFIER
TCGA-EE-A3AE,PREX2,,Simple Somatic Mutation,chr8:g.68093704T>C,MODIFIER
TCGA-D3-A3ML,PREX2,,Simple Somatic Mutation,chr8:g.68072496G>A,LOW
TCGA-FW-A3R5,PREX2,,Simple Somatic Mutation,chr8:g.68115764C>T,MODIFIER
TCGA-D3-A8GI,PREX2,Q452*,Simple Somatic Mutation,chr8:g.68069047C>T,HIGH
TCGA-DA-A1I1,PREX2,S1515L,Simple Somatic Mutation,chr8:g.68192465C>T,MODERATE
TCGA-EB-A5UM,PREX2,,Simple Somatic Mutation,chr8:g.68069075G>A,MODIFIER
TCGA-GF-A6C9,PREX2,,Simple Somatic Mutation,chr8:g.68083334C>T,MODIFIER
TCGA-DA-A1I5,PREX2,,Simple Somatic Mutation,chr8:g.68217680C>T,MODIFIER
TCGA-ER-A3ET,PREX2,P1459R,Simple Somatic Mutation,chr8:g.68191751C>G,MODERATE
TCGA-D3-A8GL,PREX2,R117C,Simple Somatic Mutation,chr8:g.68022048C>T,MODERATE
TCGA-D3-A1QA,PREX2,G1178E,Simple Somatic Mutation,chr8:g.68120224G>A,MODERATE
TCGA-W3-AA1V,PREX2,,Simple Somatic Mutation,chr8:g.68093622G>A,MODIFIER
TCGA-D3-A3MV,PREX2,,Simple Somatic Mutation,chr8:g.68157352G>A,MODIFIER
TCGA-EE-A29M,PREX2,X524_splice,Simple Somatic Mutation,chr8:g.68077396G>A,HIGH
TCGA-FR-A3YN,PREX2,L1407F,Simple Somatic Mutation,chr8:g.68146340C>T,MODERATE
TCGA-FS-A1ZZ,PREX2,,Simple Somatic Mutation,chr8:g.68224611C>T,MODIFIER
TCGA-YG-AA3O,PREX2,G1372E,Simple Somatic Mutation,chr8:g.68146236G>A,MODERATE
TCGA-D3-A2J8,PREX2,P681S,Simple Somatic Mutation,chr8:g.68087737C>T,MODERATE
TCGA-ER-A3PL,PREX2,M1138I,Simple Somatic Mutation,chr8:g.68118637G>A,MODERATE
TCGA-EB-A5FP,PREX2,,Simple Somatic Mutation,chr8:g.68017863G>A,MODIFIER
TCGA-EE-A3AE,PREX2,H1404Y,Simple Somatic Mutation,chr8:g.68146331C>T,MODERATE
TCGA-EB-A44N,PREX2,K1077N,Simple Somatic Mutation,chr8:g.68115837G>T,MODERATE
TCGA-FR-A7U9,PREX2,Q261*,Simple Somatic Mutation,chr8:g.68038234C>T,HIGH
TCGA-EE-A29N,PREX2,E1358K,Simple Somatic Mutation,chr8:g.68138502G>A,MODERATE
TCGA-ER-A19F,PREX2,,Simple Somatic Mutation,chr8:g.68080485G>T,MODIFIER
TCGA-DA-A1I1,PREX2,H1404Y,Simple Somatic Mutation,chr8:g.68146331C>T,MODERATE
TCGA-EB-A3Y6,PREX2,,Simple Somatic Mutation,chr8:g.68030629G>A,MODIFIER
TCGA-EE-A29G,PREX2,,Simple Somatic Mutation,chr8:g.68108208C>T,MODIFIER
TCGA-EE-A3JD,PREX2,,Simple Somatic Mutation,chr8:g.68083366C>T,MODIFIER
TCGA-EE-A2MP,PREX2,P681S,Simple Somatic Mutation,chr8:g.68087737C>T,MODERATE
TCGA-FW-A3R5,PREX2,P407S,Simple Somatic Mutation,chr8:g.68055955C>T,MODERATE
TCGA-D3-A5GU,PREX2,G955R,Simple Somatic Mutation,chr8:g.68108256G>A,MODERATE
TCGA-FW-A3R5,PREX2,E1295K,Simple Somatic Mutation,chr8:g.68134175G>A,MODERATE
TCGA-D3-A3MU,PREX2,,Simple Somatic Mutation,chr8:g.68192462C>T,MODIFIER
TCGA-D3-A8GL,PREX2,,Simple Somatic Mutation,chr8:g.68083334C>T,MODIFIER
TCGA-D3-A2JF,PREX2,T168A,Simple Somatic Mutation,chr8:g.68027282A>G,MODERATE
TCGA-ER-A19D,PREX2,,Simple Somatic Mutation,chr8:g.68077398G>A,LOW
TCGA-RP-A694,PREX2,E262*,Simple Somatic Mutation,chr8:g.68038237G>T,HIGH
TCGA-Z2-A8RT,PREX2,P1145L,Simple Somatic Mutation,chr8:g.68119444C>T,MODERATE
TCGA-FW-A3R5,PREX2,,Simple Somatic Mutation,chr8:g.68027238G>A,MODIFIER
TCGA-Z2-A8RT,PREX2,E1605K,Simple Somatic Mutation,chr8:g.68231370G>A,MODERATE
TCGA-D3-A2JH,PREX2,,Simple Somatic Mutation,chr8:g.68093689G>A,MODIFIER
TCGA-D3-A3ML,PREX2,,Simple Somatic Mutation,chr8:g.68108179A>G,MODIFIER
TCGA-EE-A17X,PREX2,,Simple Somatic Mutation,chr8:g.68099743C>T,MODIFIER
TCGA-WE-AAA0,PREX2,,Simple Somatic Mutation,chr8:g.68093678C>T,MODIFIER
TCGA-ER-A19H,PREX2,,Simple Somatic Mutation,chr8:g.68053137G>A,MODIFIER
TCGA-3N-A9WC,PREX2,M377I,Simple Somatic Mutation,chr8:g.68055867G>A,MODERATE
TCGA-EB-A553,PREX2,,Simple Somatic Mutation,chr8:g.68192498T>C,MODIFIER
TCGA-EB-A5UL,PREX2,,Simple Somatic Mutation,chr8:g.68090597C>T,MODIFIER
TCGA-EE-A182,PREX2,,Simple Somatic Mutation,chr8:g.68090653G>A,MODIFIER
TCGA-EB-A431,PREX2,,Simple Somatic Mutation,chr8:g.68097188G>A,MODIFIER
TCGA-DA-A95Z,PREX2,P1145S,Simple Somatic Mutation,chr8:g.68119443C>T,MODERATE
TCGA-EB-A85J,PREX2,E1095K,Simple Somatic Mutation,chr8:g.68115889G>A,MODERATE
TCGA-EE-A3AD,PREX2,,Simple Somatic Mutation,chr8:g.68087782C>T,MODIFIER
TCGA-D3-A1Q4,PREX2,C1498S,Simple Somatic Mutation,chr8:g.68192414G>C,MODERATE
TCGA-FW-A3R5,PREX2,E1336K,Simple Somatic Mutation,chr8:g.68138436G>A,MODERATE
TCGA-DA-A3F8,PREX2,P188S,Simple Somatic Mutation,chr8:g.68030515C>T,MODERATE
TCGA-EE-A29G,PREX2,L1407F,Simple Somatic Mutation,chr8:g.68146340C>T,MODERATE
TCGA-EE-A29M,PREX2,,Simple Somatic Mutation,chr8:g.68069093G>A,MODIFIER
TCGA-ER-A19F,PREX2,,Simple Somatic Mutation,chr8:g.68097064G>A,MODIFIER
TCGA-FW-A5DY,PREX2,Q1321H,Simple Somatic Mutation,chr8:g.68134255G>C,MODERATE
TCGA-FS-A4F2,PREX2,A1502T,Simple Somatic Mutation,chr8:g.68192425G>A,MODERATE
TCGA-YG-AA3N,PREX2,Q261*,Simple Somatic Mutation,chr8:g.68038234C>T,HIGH
TCGA-GF-A6C9,PREX2,S1131L,Simple Somatic Mutation,chr8:g.68118615C>T,MODERATE
TCGA-D3-A51J,PREX2,,Simple Somatic Mutation,chr8:g.68038252C>T,MODIFIER
TCGA-D3-A8GM,PREX2,,Simple Somatic Mutation,chr8:g.68224599G>A,MODIFIER
TCGA-D3-A8GM,PREX2,,Simple Somatic Mutation,chr8:g.68108137G>A,MODIFIER
TCGA-FW-A3R5,PREX2,,Simple Somatic Mutation,chr8:g.68083387G>A,LOW
TCGA-D3-A5GO,PREX2,R117C,Simple Somatic Mutation,chr8:g.68022048C>T,MODERATE
TCGA-EE-A29D,PREX2,,Simple Somatic Mutation,chr8:g.68072508C>T,MODIFIER
TCGA-D9-A148,PREX2,,Simple Somatic Mutation,chr8:g.68083334C>T,MODIFIER
TCGA-BF-AAP7,PREX2,,Simple Somatic Mutation,chr8:g.68080494C>T,MODIFIER
TCGA-EE-A2MR,PREX2,I173T,Simple Somatic Mutation,chr8:g.68027298T>C,MODERATE
TCGA-W3-AA1V,PREX2,L1407F,Simple Somatic Mutation,chr8:g.68146340C>T,MODERATE
TCGA-EE-A2GO,PREX2,,Simple Somatic Mutation,chr8:g.68108280G>A,MODIFIER
TCGA-EE-A2MU,PREX2,L549F,Simple Somatic Mutation,chr8:g.68080445C>T,MODERATE
TCGA-D3-A8GI,PREX2,E1295K,Simple Somatic Mutation,chr8:g.68134175G>A,MODERATE
TCGA-EE-A29E,PREX2,,Simple Somatic Mutation,chr8:g.68157340G>A,MODIFIER
TCGA-EE-A2GO,PREX2,,Simple Somatic Mutation,chr8:g.68224617C>T,MODIFIER
TCGA-FS-A1ZW,PREX2,M533I,Simple Somatic Mutation,chr8:g.68077426G>A,MODERATE
TCGA-BF-AAOX,PREX2,D1344N,Simple Somatic Mutation,chr8:g.68138460G>A,MODERATE
TCGA-EE-A2MT,PREX2,R297C,Simple Somatic Mutation,chr8:g.68044536C>T,MODERATE
TCGA-FS-A1ZZ,PREX2,A1180V,Simple Somatic Mutation,chr8:g.68120230C>T,MODERATE
TCGA-EE-A29S,PREX2,,Simple Somatic Mutation,chr8:g.68019627G>A,MODIFIER
TCGA-D3-A2JH,PREX2,E1017K,Simple Somatic Mutation,chr8:g.68109526G>A,MODERATE
TCGA-EE-A2MF,PREX2,X1199_splice,Simple Somatic Mutation,chr8:g.68120920G>A,HIGH
TCGA-FR-A729,PREX2,H714Y,Simple Somatic Mutation,chr8:g.68090605C>T,MODERATE
TCGA-EE-A2GP,PREX2,,Simple Somatic Mutation,chr8:g.68099830C>T,MODIFIER
TCGA-W3-A824,PREX2,,Simple Somatic Mutation,chr8:g.68097178G>A,MODIFIER
TCGA-RP-A694,PREX2,,Simple Somatic Mutation,chr8:g.68038220C>T,MODIFIER
TCGA-FR-A729,PREX2,,Simple Somatic Mutation,chr8:g.68087782C>T,MODIFIER
TCGA-DA-A95Z,PREX2,,Simple Somatic Mutation,chr8:g.68115815C>T,MODIFIER
TCGA-ER-A19G,PREX2,Q1321*,Simple Somatic Mutation,chr8:g.68134253C>T,HIGH
TCGA-W3-AA1O,PREX2,,Simple Somatic Mutation,chr8:g.68030590G>A,MODIFIER
TCGA-D3-A8GI,PREX2,P681S,Simple Somatic Mutation,chr8:g.68087737C>T,MODERATE
TCGA-FR-A726,PREX2,E383K,Simple Somatic Mutation,chr8:g.68055883G>A,MODERATE
TCGA-DA-A1I5,PREX2,R908C,Simple Somatic Mutation,chr8:g.68108115C>T,MODERATE
TCGA-EE-A2ML,PREX2,E1295K,Simple Somatic Mutation,chr8:g.68134175G>A,MODERATE
TCGA-OD-A75X,PREX2,E557K,Simple Somatic Mutation,chr8:g.68080469G>A,MODERATE
TCGA-EE-A2GU,PREX2,,Simple Somatic Mutation,chr8:g.68053192G>A,MODIFIER
TCGA-D3-A8GI,PREX2,,Simple Somatic Mutation,chr8:g.68115892G>A,MODIFIER
TCGA-D3-A51R,PREX2,,Simple Somatic Mutation,chr8:g.68115787G>A,MODIFIER
TCGA-EE-A29E,PREX2,H1404Y,Simple Somatic Mutation,chr8:g.68146331C>T,MODERATE
TCGA-EE-A2GI,PREX2,,Simple Somatic Mutation,chr8:g.68108274C>T,MODIFIER
TCGA-EE-A3AH,PREX2,L1271F,Simple Somatic Mutation,chr8:g.68134103C>T,MODERATE
TCGA-FR-A44A,PREX2,,Simple Somatic Mutation,chr8:g.68217680C>T,MODIFIER
TCGA-EE-A29P,PREX2,G1372E,Simple Somatic Mutation,chr8:g.68146236G>A,MODERATE
TCGA-EE-A3J7,PREX2,,Simple Somatic Mutation,chr8:g.68038223C>T,MODIFIER
TCGA-FS-A1Z7,PREX2,G777R,Simple Somatic Mutation,chr8:g.68093683G>A,MODERATE
TCGA-GN-A4U4,PREX2,H1404Y,Simple Somatic Mutation,chr8:g.68146331C>T,MODERATE
TCGA-DA-A3F3,PREX2,,Simple Somatic Mutation,chr8:g.68097052G>A,MODIFIER
TCGA-FR-A729,PREX2,,Simple Somatic Mutation,chr8:g.68109550A>G,MODIFIER
TCGA-EE-A3AE,PREX2,,Simple Somatic Mutation,chr8:g.68080512G>A,MODIFIER
TCGA-RP-A695,PREX2,L1176I,Simple Somatic Mutation,chr8:g.68120217C>A,MODERATE
TCGA-Z2-A8RT,PREX2,E1295K,Simple Somatic Mutation,chr8:g.68134175G>A,MODERATE
TCGA-FR-A726,PREX2,,Simple Somatic Mutation,chr8:g.68090579G>A,LOW
TCGA-EE-A3J8,IDH1,R132C,Simple Somatic Mutation,chr2:g.208248389G>A,MODERATE
TCGA-RP-A695,IDH1,R132C,Simple Somatic Mutation,chr2:g.208248389G>A,MODERATE
TCGA-EE-A29A,IDH1,R132C,Simple Somatic Mutation,chr2:g.208248389G>A,MODERATE
TCGA-GN-A263,IDH1,R132C,Simple Somatic Mutation,chr2:g.208248389G>A,MODERATE
TCGA-FR-A3R1,IDH1,R132C,Simple Somatic Mutation,chr2:g.208248389G>A,MODERATE
TCGA-W3-AA1V,IDH1,P33S,Simple Somatic Mutation,chr2:g.208251455G>A,MODERATE
TCGA-BF-A5ER,IDH1,R132C,Simple Somatic Mutation,chr2:g.208248389G>A,MODERATE
TCGA-BF-A1PX,IDH1,P33S,Simple Somatic Mutation,chr2:g.208251455G>A,MODERATE
TCGA-ER-A42L,IDH1,R132C,Simple Somatic Mutation,chr2:g.208248389G>A,MODERATE
TCGA-IH-A3EA,IDH1,R132C,Simple Somatic Mutation,chr2:g.208248389G>A,MODERATE
TCGA-ER-A3ES,IDH1,R132C,Simple Somatic Mutation,chr2:g.208248389G>A,MODERATE
TCGA-EE-A29B,IDH1,R132C,Simple Somatic Mutation,chr2:g.208248389G>A,MODERATE
TCGA-D3-A5GO,IDH1,,Simple Somatic Mutation,chr2:g.208245317A>G,MODIFIER
TCGA-EE-A3JI,IDH1,P33S,Simple Somatic Mutation,chr2:g.208251455G>A,MODERATE
TCGA-FS-A1ZP,IDH1,R132C,Simple Somatic Mutation,chr2:g.208248389G>A,MODERATE
TCGA-GN-A268,IDH1,R132C,Simple Somatic Mutation,chr2:g.208248389G>A,MODERATE
TCGA-EE-A2GU,IDH1,R132C,Simple Somatic Mutation,chr2:g.208248389G>A,MODERATE
TCGA-RP-A693,IDH1,E361K,Simple Somatic Mutation,chr2:g.208239144C>T,MODERATE
TCGA-D9-A3Z1,IDH1,,Simple Somatic Mutation,chr2:g.208248388C>A,MODIFIER
TCGA-W3-A824,IDH1,R132C,Simple Somatic Mutation,chr2:g.208248389G>A,MODERATE
TCGA-D3-A8GM,IDH1,V121Cfs*23,Simple Somatic Mutation,chr2:g.208248422_208248423insA,HIGH
TCGA-D9-A149,IDH1,,Simple Somatic Mutation,chr2:g.208248388C>A,MODIFIER
TCGA-EE-A29P,IDH1,R132C,Simple Somatic Mutation,chr2:g.208248389G>A,MODERATE
