file_id,file_name,file_size_mb,case_submitter_id,case_id,subtype
ca2eed30-6062-4beb-b9a8-f7034812857a,1fd89d3a-5991-4bfb-b27f-66b5f2a289d8.rna_seq.augmented_star_gene_counts.tsv,4.2,TCGA-ER-A2NC,b9607824-a8d3-4915-ab73-962cdcfd8dc3,NRAS_mut
32c1be5e-e833-43f5-a515-75b6e54dbefb,22e9b9d1-ac71-43f5-8606-f9f53c6ecc08.rna_seq.augmented_star_gene_counts.tsv,4.2,TCGA-ER-A2NB,bda2f09a-82c4-40ec-90e8-0bf63916a5c7,NRAS_mut
4da1dea6-f059-49b0-b989-4e0ebd7b18fe,c55bb20b-c929-42e2-be7f-8b1da7bee953.rna_seq.augmented_star_gene_counts.tsv,4.2,TCGA-ER-A2NH,6c353b35-4f6d-4a36-bc8b-8a21dd0beecb,NRAS_mut
d03c77e0-8b7b-4be7-a258-bad868690e3b,b6c4399b-a4b6-4fcd-815c-554dc1a79ff7.rna_seq.augmented_star_gene_counts.tsv,4.2,TCGA-EE-A2GN,be73fde2-d843-426b-9306-a02d3f2a754b,NRAS_mut
02204553-ce60-4bd3-b32c-d9fef434c084,4e64826b-fffb-4430-bc34-ea6086e89a0a.rna_seq.augmented_star_gene_counts.tsv,4.2,TCGA-D3-A8GR,fe1ec057-f8d0-4155-925a-5b5ea0c11cc4,NRAS_mut
6307d48e-e6c0-4d18-87b0-804fd4cc554c,5e2bb136-9a8b-4481-9394-d7eff1793f97.rna_seq.augmented_star_gene_counts.tsv,4.2,TCGA-QB-AA9O,2bdb65a5-4b72-4379-822d-69cc41fd663f,NRAS_mut
986b25d7-ff20-4d82-a38b-1da8b1974841,88049520-2494-4f0e-bcbe-c7a53aab6aa6.rna_seq.augmented_star_gene_counts.tsv,4.2,TCGA-D3-A2JO,04f7ecc8-4f6b-41ac-a984-9ea604698a21,NRAS_mut
852435f1-d6c4-4efa-8c27-ab27245640df,ef86558c-8a25-4bde-b139-ecf98e04ef0e.rna_seq.augmented_star_gene_counts.tsv,4.2,TCGA-EE-A184,3a8cfea5-1dcd-4dbb-bbd9-5bb602c54922,NRAS_mut
7054573f-31e7-4718-bfdb-a674a1f53905,a8a19765-9554-4eba-876f-c7da2199cf20.rna_seq.augmented_star_gene_counts.tsv,4.2,TCGA-EE-A20C,bc71a91d-8ad1-4bab-a4fa-89470aa4e4d0,NRAS_mut
131c2ec9-8fe3-4b83-b638-c8c9df564509,689c3b5e-8bff-45d0-8165-b4b0e6dbf910.rna_seq.augmented_star_gene_counts.tsv,4.2,TCGA-EE-A29V,01cb0004-fc1e-4da5-9d27-f458f8d711ee,NRAS_mut
a92a02db-9c43-46c6-8aab-5b89852df242,39927c92-75d7-424c-9bcd-63def0075a1d.rna_seq.augmented_star_gene_counts.tsv,4.2,TCGA-D3-A2JF,c58638ed-a38c-4494-a41e-6ee5283a7a59,NF1_mut
4ac2bcec-d4e5-4491-8042-4cbd5327a1da,d9eacc36-0ae3-41bd-aef6-503f91cb25aa.rna_seq.augmented_star_gene_counts.tsv,4.2,TCGA-FW-A3R5,e5bc45ce-8a14-40b5-b9b5-ce45609fef3a,NF1_mut
756a8224-cb4d-42ca-b74e-d1ae6df37ffe,38e8a5f6-9edf-49bb-ab00-912a58fa363f.rna_seq.augmented_star_gene_counts.tsv,4.2,TCGA-FR-A7U9,1fb5b4fd-8891-4a21-96b6-45d4b848cc66,NF1_mut
616a1703-702d-4dde-a103-9bfa2a7eee96,3266aaf5-28ea-45af-9e1c-cb0d3ab3b807.rna_seq.augmented_star_gene_counts.tsv,4.2,TCGA-YG-AA3N,1c052cde-7a70-410b-a273-dbe39dd968f4,NF1_mut
1ab14eb9-17c4-4922-bc38-e0f3126c0dad,cafeba8a-de28-40f8-b19a-af0ee8705957.rna_seq.augmented_star_gene_counts.tsv,4.2,TCGA-FS-A1ZA,177b515e-bcb9-4a08-9b38-3ccdec0e293f,NF1_mut
3494de61-2d94-4acf-8e54-705f811a764e,3e1c728a-cf38-4ca8-9d87-0bbf098567a6.rna_seq.augmented_star_gene_counts.tsv,4.2,TCGA-FR-A8YD,2897a728-ec7b-4321-b0fe-3575b7c6ee39,NF1_mut
7042afe8-04ac-42d2-87ee-1ba95cf67b8a,b1f01324-d0ca-4779-9ae0-5348e2613084.rna_seq.augmented_star_gene_counts.tsv,4.2,TCGA-ER-A194,2bbf00f4-7798-4dad-9894-96202c9132be,NF1_mut
c4d6825d-8b46-41c5-8902-7919da14ffb9,edef6762-dd96-4284-81e6-2e128af287fa.rna_seq.augmented_star_gene_counts.tsv,4.2,TCGA-DA-A95V,d7ade261-b624-4e47-8a82-591bf1a8faa4,NF1_mut
04e2cdb4-4e22-4d01-b451-18002e2df72c,9f621704-2ece-4b25-be28-5fe14f71048d.rna_seq.augmented_star_gene_counts.tsv,4.2,TCGA-ER-A19A,41fcb9d3-9fb0-4625-98f4-1f564095ebc2,NF1_mut
f1c96d98-c614-4a8e-8035-bb3bd0f665f6,be9a8b34-4ecb-4542-8d30-4d5019fd1903.rna_seq.augmented_star_gene_counts.tsv,4.3,TCGA-FR-A726,49f961af-1126-431d-93cd-18941c1738f3,NF1_mut
2f50c3b2-6e31-4fa8-86b8-44e37496d3a4,48155bad-7de9-401d-a495-972cbbb8f276.rna_seq.augmented_star_gene_counts.tsv,4.2,TCGA-ER-A19B,f7368803-c545-4407-9a14-2220560a8f80,Triple_WT
98b164c8-e171-4344-9822-04088aed7705,fe4a0710-a6db-4735-9d1a-113df310def6.rna_seq.augmented_star_gene_counts.tsv,4.2,TCGA-FS-A4F0,4eb16fb1-0fcf-4c47-80fa-b7acc3a59a12,Triple_WT
7255f9c4-4094-4537-bb21-dbb1949ae144,311f1988-e21e-4130-b944-2a34d7d46d28.rna_seq.augmented_star_gene_counts.tsv,4.2,TCGA-FR-A44A,18e7b73c-4520-42cd-ac9b-23bac1c8ecc6,Triple_WT
b00650c2-a3dc-49ac-9d84-785186aa8c4d,b4fd9abd-cb2a-4d1b-abb2-8e2796d009cc.rna_seq.augmented_star_gene_counts.tsv,4.2,TCGA-HR-A2OH,6668acfe-1594-42c0-b839-8a592702675f,Triple_WT
bd32096f-1c2a-44e5-b42d-27c66883665d,737bc806-018c-401d-b3ef-ffd3c896c01c.rna_seq.augmented_star_gene_counts.tsv,4.2,TCGA-D3-A3CC,2d36cea4-73e9-493b-8433-0c2b911c0521,Triple_WT
1930202c-c766-4106-b6c8-36b82ca507db,6b907244-c173-4e29-a163-24258a430477.rna_seq.augmented_star_gene_counts.tsv,4.2,TCGA-EB-A5VV,080bb1f8-f20c-4daa-9de3-b5782b69583c,Triple_WT
fc2da737-fbd3-49b5-9cb6-077044119d0c,df16e2f1-59a7-444d-9eab-c8d3b23b080d.rna_seq.augmented_star_gene_counts.tsv,4.3,TCGA-DA-A1HY,40e17bf8-6c19-4e5e-b60d-ad54f504a970,Triple_WT
023a3ce5-f2e6-46cc-a6a9-011145a1e808,9a38d0dc-6b2c-439d-b10e-efd0f1cba209.rna_seq.augmented_star_gene_counts.tsv,4.2,TCGA-ER-A19T,b85b14d7-3b5a-4800-af12-622ec03b9fe5,Triple_WT
0aaec814-e30d-489b-928d-62776b8028cd,dd28c353-13f2-4e6a-a2d7-df94352e043f.rna_seq.augmented_star_gene_counts.tsv,4.2,TCGA-EB-A24C,2f1bbe96-49d9-417b-bc9c-a09992489340,Triple_WT
6544e7d7-58c9-4f4c-ab9f-5b1266d35c62,7f51ff28-397d-466f-82b0-25e9c9182ea7.rna_seq.augmented_star_gene_counts.tsv,4.2,TCGA-ER-A19O,69c0ef46-3117-46f3-b36e-581eb03eb829,Triple_WT
b4409e3c-d7ca-4d5b-ad02-a710268c2647,393a470f-8641-493a-98fe-e0ec38c8d7f9.rna_seq.augmented_star_gene_counts.tsv,4.2,TCGA-EB-A3XF,555bbd13-8ad7-43b3-9087-001db30089f1,BRAF_V600
688a66a2-4c35-46c0-81c4-e3cfc762a4f8,6059e3d0-6430-4875-99df-9252a508974c.rna_seq.augmented_star_gene_counts.tsv,4.2,TCGA-ER-A193,8ab09143-daf6-40a9-85d3-0fe9de7b3e06,BRAF_V600
3b684369-ea5c-43e4-8a58-0d550b2ca1e5,f7efd016-c382-4eef-9be3-c3e8b3a5386f.rna_seq.augmented_star_gene_counts.tsv,4.2,TCGA-WE-A8K5,0f579238-5a11-4adc-9c80-572cbb2ce58f,BRAF_V600
67bdcff7-5af1-4f24-8eac-f47c133c9398,5a674268-79a8-4a30-a6db-a4fd0b83e208.rna_seq.augmented_star_gene_counts.tsv,4.2,TCGA-GF-A6C9,46801be1-f035-421f-aae4-81baf3bb8d40,BRAF_V600
939ca952-64a3-4b9a-9237-1e7a6251c36b,fa9f3cc6-06eb-4cfd-8f85-9d13df39d11e.rna_seq.augmented_star_gene_counts.tsv,4.2,TCGA-W3-AA21,4a9e5dc0-6fc3-47e0-8470-dac16ce16da3,BRAF_V600
c71c63ea-239f-42a3-980e-879289f171d1,1c3eaf9a-ffda-4c6d-bffb-2610a37ab837.rna_seq.augmented_star_gene_counts.tsv,4.2,TCGA-W3-AA1R,53fbe99c-180c-45e6-8585-796028b3d118,BRAF_V600
e4992d90-d425-4c03-ab00-5e9bfe232b8f,5566453e-df41-4aab-8dd0-825efbece954.rna_seq.augmented_star_gene_counts.tsv,4.2,TCGA-W3-AA1W,36f4be75-cbcf-431b-9199-dba295a905a1,BRAF_V600
569b8c86-9e1c-4c15-b78a-a91c39cdce45,beb52b13-584a-4227-abe8-9861c3388c14.rna_seq.augmented_star_gene_counts.tsv,4.2,TCGA-EE-A29E,83d05b9a-f409-4169-bef9-e772d2cfbfaf,BRAF_V600
