file_id,file_name,file_size_mb,case_submitter_id,case_id
2f50c3b2-6e31-4fa8-86b8-44e37496d3a4,48155bad-7de9-401d-a495-972cbbb8f276.rna_seq.augmented_star_gene_counts.tsv,4.2,TCGA-ER-A19B,f7368803-c545-4407-9a14-2220560a8f80
ca2eed30-6062-4beb-b9a8-f7034812857a,1fd89d3a-5991-4bfb-b27f-66b5f2a289d8.rna_seq.augmented_star_gene_counts.tsv,4.2,TCGA-ER-A2NC,b9607824-a8d3-4915-ab73-962cdcfd8dc3
32c1be5e-e833-43f5-a515-75b6e54dbefb,22e9b9d1-ac71-43f5-8606-f9f53c6ecc08.rna_seq.augmented_star_gene_counts.tsv,4.2,TCGA-ER-A2NB,bda2f09a-82c4-40ec-90e8-0bf63916a5c7
4da1dea6-f059-49b0-b989-4e0ebd7b18fe,c55bb20b-c929-42e2-be7f-8b1da7bee953.rna_seq.augmented_star_gene_counts.tsv,4.2,TCGA-ER-A2NH,6c353b35-4f6d-4a36-bc8b-8a21dd0beecb
98b164c8-e171-4344-9822-04088aed7705,fe4a0710-a6db-4735-9d1a-113df310def6.rna_seq.augmented_star_gene_counts.tsv,4.2,TCGA-FS-A4F0,4eb16fb1-0fcf-4c47-80fa-b7acc3a59a12
7255f9c4-4094-4537-bb21-dbb1949ae144,311f1988-e21e-4130-b944-2a34d7d46d28.rna_seq.augmented_star_gene_counts.tsv,4.2,TCGA-FR-A44A,18e7b73c-4520-42cd-ac9b-23bac1c8ecc6
b00650c2-a3dc-49ac-9d84-785186aa8c4d,b4fd9abd-cb2a-4d1b-abb2-8e2796d009cc.rna_seq.augmented_star_gene_counts.tsv,4.2,TCGA-HR-A2OH,6668acfe-1594-42c0-b839-8a592702675f
a92a02db-9c43-46c6-8aab-5b89852df242,39927c92-75d7-424c-9bcd-63def0075a1d.rna_seq.augmented_star_gene_counts.tsv,4.2,TCGA-D3-A2JF,c58638ed-a38c-4494-a41e-6ee5283a7a59
4ac2bcec-d4e5-4491-8042-4cbd5327a1da,d9eacc36-0ae3-41bd-aef6-503f91cb25aa.rna_seq.augmented_star_gene_counts.tsv,4.2,TCGA-FW-A3R5,e5bc45ce-8a14-40b5-b9b5-ce45609fef3a
bd32096f-1c2a-44e5-b42d-27c66883665d,737bc806-018c-401d-b3ef-ffd3c896c01c.rna_seq.augmented_star_gene_counts.tsv,4.2,TCGA-D3-A3CC,2d36cea4-73e9-493b-8433-0c2b911c0521
1930202c-c766-4106-b6c8-36b82ca507db,6b907244-c173-4e29-a163-24258a430477.rna_seq.augmented_star_gene_counts.tsv,4.2,TCGA-EB-A5VV,080bb1f8-f20c-4daa-9de3-b5782b69583c
fc2da737-fbd3-49b5-9cb6-077044119d0c,df16e2f1-59a7-444d-9eab-c8d3b23b080d.rna_seq.augmented_star_gene_counts.tsv,4.3,TCGA-DA-A1HY,40e17bf8-6c19-4e5e-b60d-ad54f504a970
023a3ce5-f2e6-46cc-a6a9-011145a1e808,9a38d0dc-6b2c-439d-b10e-efd0f1cba209.rna_seq.augmented_star_gene_counts.tsv,4.2,TCGA-ER-A19T,b85b14d7-3b5a-4800-af12-622ec03b9fe5
0aaec814-e30d-489b-928d-62776b8028cd,dd28c353-13f2-4e6a-a2d7-df94352e043f.rna_seq.augmented_star_gene_counts.tsv,4.2,TCGA-EB-A24C,2f1bbe96-49d9-417b-bc9c-a09992489340
6544e7d7-58c9-4f4c-ab9f-5b1266d35c62,7f51ff28-397d-466f-82b0-25e9c9182ea7.rna_seq.augmented_star_gene_counts.tsv,4.2,TCGA-ER-A19O,69c0ef46-3117-46f3-b36e-581eb03eb829
b4409e3c-d7ca-4d5b-ad02-a710268c2647,393a470f-8641-493a-98fe-e0ec38c8d7f9.rna_seq.augmented_star_gene_counts.tsv,4.2,TCGA-EB-A3XF,555bbd13-8ad7-43b3-9087-001db30089f1
d03c77e0-8b7b-4be7-a258-bad868690e3b,b6c4399b-a4b6-4fcd-815c-554dc1a79ff7.rna_seq.augmented_star_gene_counts.tsv,4.2,TCGA-EE-A2GN,be73fde2-d843-426b-9306-a02d3f2a754b
3826d622-5408-4faf-a4dc-dc8c0b4d09af,b0363d99-5ff4-42cd-849d-79dfad0eaf49.rna_seq.augmented_star_gene_counts.tsv,4.2,TCGA-EE-A20I,a67fd5bb-b6b6-4e00-9acd-68d0a59b5e55
d91dda83-58a8-4a35-afdc-c59c3c146827,d220785b-6de0-4b89-a402-3d2cdcda4b2f.rna_seq.augmented_star_gene_counts.tsv,4.2,TCGA-D3-A51T,791d3824-890f-43f2-b545-c7266506d716
78101e78-65fb-4d52-bac8-20df20edb69c,84f39507-9883-4bab-98f9-8bd72d2aee7b.rna_seq.augmented_star_gene_counts.tsv,4.2,TCGA-FW-A3TU,511aa521-f38d-4ab7-9611-d8c1fec4c22b
924bc59b-0400-400a-bdfc-e163ffc4750b,3d1f44d8-6084-47cb-b57b-099f2cd1fa0e.rna_seq.augmented_star_gene_counts.tsv,4.2,TCGA-BF-AAP8,97991c80-c4aa-4ede-9fd9-bbaff9c4a472
02204553-ce60-4bd3-b32c-d9fef434c084,4e64826b-fffb-4430-bc34-ea6086e89a0a.rna_seq.augmented_star_gene_counts.tsv,4.2,TCGA-D3-A8GR,fe1ec057-f8d0-4155-925a-5b5ea0c11cc4
0e875cce-117a-4637-b31d-a4eabfff8deb,97431f78-eea7-4799-8493-0ea4164a432b.rna_seq.augmented_star_gene_counts.tsv,4.2,TCGA-EB-A6L9,fb620e8b-4be7-4e53-af04-8e9c27b4dcf0
20b5fc73-c12f-465a-87d6-5a5e062d58f3,c59a00cb-985f-41b6-b66b-decefb8c9f66.rna_seq.augmented_star_gene_counts.tsv,4.2,TCGA-D3-A3CF,132cdde9-70d8-4753-8e99-fc4ce3d371a4
e840cd4c-03c4-4f8a-934d-96b655973f71,37870efb-e4e9-4772-bdec-b9de38ce4aec.rna_seq.augmented_star_gene_counts.tsv,4.2,TCGA-XV-AAZV,92116b0b-e614-4a27-a3c2-207e561c788b
756a8224-cb4d-42ca-b74e-d1ae6df37ffe,38e8a5f6-9edf-49bb-ab00-912a58fa363f.rna_seq.augmented_star_gene_counts.tsv,4.2,TCGA-FR-A7U9,1fb5b4fd-8891-4a21-96b6-45d4b848cc66
481fa807-fe38-42ee-bd7b-617066f616d6,855f0a82-04de-485d-9613-5ccf08074069.rna_seq.augmented_star_gene_counts.tsv,4.2,TCGA-GN-A4U5,c35d97f8-1b70-4fbd-a603-9230b3ba7952
80dde448-267a-474b-9704-d6f851fac063,e07c111b-da6e-4743-9351-77491153bec4.rna_seq.augmented_star_gene_counts.tsv,4.2,TCGA-EE-A2GK,f18cfe4a-fffd-4e09-9eef-343ba9ffd0d1
83512d89-11ea-45ad-98ed-18e4617b47ec,4d36189e-fe88-4cfb-970b-a51b8e9e0783.rna_seq.augmented_star_gene_counts.tsv,4.2,TCGA-EE-A3JB,6e1040d2-dee0-43c9-8462-fc0859d7d2af
6307d48e-e6c0-4d18-87b0-804fd4cc554c,5e2bb136-9a8b-4481-9394-d7eff1793f97.rna_seq.augmented_star_gene_counts.tsv,4.2,TCGA-QB-AA9O,2bdb65a5-4b72-4379-822d-69cc41fd663f
99e8fcd5-1512-43a1-91da-8f95037b3ad0,84ade22f-c13a-4c0d-97d7-715c2af09ba1.rna_seq.augmented_star_gene_counts.tsv,4.2,TCGA-FW-A3TV,04c3d01d-a949-4dc7-9829-a8c99180dba0
df4671bc-f386-4e21-a8d6-b624c71daf2f,e990acfa-7162-4c8a-9147-111104efd490.rna_seq.augmented_star_gene_counts.tsv,4.2,TCGA-EE-A3AF,015ba831-106b-4b84-9e8c-243a9eeeebf6
986b25d7-ff20-4d82-a38b-1da8b1974841,88049520-2494-4f0e-bcbe-c7a53aab6aa6.rna_seq.augmented_star_gene_counts.tsv,4.2,TCGA-D3-A2JO,04f7ecc8-4f6b-41ac-a984-9ea604698a21
616a1703-702d-4dde-a103-9bfa2a7eee96,3266aaf5-28ea-45af-9e1c-cb0d3ab3b807.rna_seq.augmented_star_gene_counts.tsv,4.2,TCGA-YG-AA3N,1c052cde-7a70-410b-a273-dbe39dd968f4
1ab14eb9-17c4-4922-bc38-e0f3126c0dad,cafeba8a-de28-40f8-b19a-af0ee8705957.rna_seq.augmented_star_gene_counts.tsv,4.2,TCGA-FS-A1ZA,177b515e-bcb9-4a08-9b38-3ccdec0e293f
06f35b28-be9e-4ee9-8eeb-3c107dec84d7,e2ea7b80-6949-457a-9d29-2452cd3b6ad8.rna_seq.augmented_star_gene_counts.tsv,4.2,TCGA-D3-A1Q6,1e05da2e-7dd7-4c98-9e77-59514e5f2582
3494de61-2d94-4acf-8e54-705f811a764e,3e1c728a-cf38-4ca8-9d87-0bbf098567a6.rna_seq.augmented_star_gene_counts.tsv,4.2,TCGA-FR-A8YD,2897a728-ec7b-4321-b0fe-3575b7c6ee39
293f11c8-1d40-4ff1-84be-ca82847e1c20,6a43f966-cb2b-47ee-b0f4-c269707daa88.rna_seq.augmented_star_gene_counts.tsv,4.2,TCGA-GN-A266,3429967f-4f77-4894-bf27-c4a22698ca92
852435f1-d6c4-4efa-8c27-ab27245640df,ef86558c-8a25-4bde-b139-ecf98e04ef0e.rna_seq.augmented_star_gene_counts.tsv,4.2,TCGA-EE-A184,3a8cfea5-1dcd-4dbb-bbd9-5bb602c54922
688a66a2-4c35-46c0-81c4-e3cfc762a4f8,6059e3d0-6430-4875-99df-9252a508974c.rna_seq.augmented_star_gene_counts.tsv,4.2,TCGA-ER-A193,8ab09143-daf6-40a9-85d3-0fe9de7b3e06
caf4a07f-721c-42bd-8496-a9cc06f9200f,3cf35e3b-812f-4cc1-bd37-e78fd6af6dc4.rna_seq.augmented_star_gene_counts.tsv,4.2,TCGA-ER-A42K,691a5156-281d-4fd6-b44a-299a3e8dc3e3
713980be-5929-4a1a-9a8a-ca0eba67fac5,14bc145a-8b15-42d2-bb12-d9a0f75a90f4.rna_seq.augmented_star_gene_counts.tsv,4.2,TCGA-RP-A694,ce727e9e-325d-41d8-bfaf-0051418b9bef
e0855900-7f4b-4a49-997a-2bbd5bf4268f,350f38a2-e597-494a-a387-975814453726.rna_seq.augmented_star_gene_counts.tsv,4.2,TCGA-EE-A17Y,e699a2a7-dbff-4122-8114-87d70a56f59f
7054573f-31e7-4718-bfdb-a674a1f53905,a8a19765-9554-4eba-876f-c7da2199cf20.rna_seq.augmented_star_gene_counts.tsv,4.2,TCGA-EE-A20C,bc71a91d-8ad1-4bab-a4fa-89470aa4e4d0
7042afe8-04ac-42d2-87ee-1ba95cf67b8a,b1f01324-d0ca-4779-9ae0-5348e2613084.rna_seq.augmented_star_gene_counts.tsv,4.2,TCGA-ER-A194,2bbf00f4-7798-4dad-9894-96202c9132be
27c45a4f-c722-4e5e-b5a1-ca4f915c756b,69d9a82b-5c37-45bd-a1cf-ffe1392e84fc.rna_seq.augmented_star_gene_counts.tsv,4.2,TCGA-EB-A57M,05f4058d-3066-4d16-8320-cf92f122945f
c4d6825d-8b46-41c5-8902-7919da14ffb9,edef6762-dd96-4284-81e6-2e128af287fa.rna_seq.augmented_star_gene_counts.tsv,4.2,TCGA-DA-A95V,d7ade261-b624-4e47-8a82-591bf1a8faa4
3fa8ca20-a82b-482a-bccf-5b7b38768b4c,176e93be-1ae5-43f2-a0b5-17f31695e679.rna_seq.augmented_star_gene_counts.tsv,4.2,TCGA-D3-A2JE,2ec330f8-96e4-4270-aadc-563bb72f4b2c
00fb6c2d-3abc-4d05-8506-e2d951543346,4f0c3ed0-647a-422e-b771-f201f5d5d29e.rna_seq.augmented_star_gene_counts.tsv,4.2,TCGA-DA-A1I8,7b92fcd4-f9be-4b97-94a2-b2e8348aeaba
099f829c-642c-4cf8-a48d-eaf4602eb5e8,399cd50c-1439-48a4-ba3b-a0782b2b7b62.rna_seq.augmented_star_gene_counts.tsv,4.2,TCGA-D3-A2JD,a5f95c6c-e25a-4ad8-bd5d-fcfd8a31933c
c73b76ac-c4fd-4896-b4cf-f73074040a34,c0ec10f4-f2d0-4a17-b2a2-3726a67de7f9.rna_seq.augmented_star_gene_counts.tsv,4.2,TCGA-ER-A3ET,4afa82f8-b317-4763-808c-c944ca6661d3
b2daff13-4bef-4182-b8ad-61fdc38b7568,4170ae68-a4d2-4095-af47-4f981f7812a4.rna_seq.augmented_star_gene_counts.tsv,4.2,TCGA-D3-A5GR,c714c48f-a18c-4110-a82d-3cc95c315afd
1e7f4af7-c5dc-4724-bd72-caedcb49dd6a,f426318a-9c1a-4476-a087-2b3a84096f5c.rna_seq.augmented_star_gene_counts.tsv,4.2,TCGA-D3-A3MR,0e597498-44ad-40ae-bb83-f1b27388ec0a
302aff21-ad7d-43cf-aa95-0bbf3535827f,98e3beb5-bff2-4c4e-b492-c4ed7dda9d9c.rna_seq.augmented_star_gene_counts.tsv,4.2,TCGA-WE-A8ZX,f11b1e99-c14f-442e-acab-6353a5c77266
a85800db-9522-4bb5-a95e-0fa7a21f1776,a88a1582-88b8-4e7e-9baf-09279b49a492.rna_seq.augmented_star_gene_counts.tsv,4.2,TCGA-D9-A149,0b1f4f52-12ec-44ab-8283-a502bdf48c3a
131c2ec9-8fe3-4b83-b638-c8c9df564509,689c3b5e-8bff-45d0-8165-b4b0e6dbf910.rna_seq.augmented_star_gene_counts.tsv,4.2,TCGA-EE-A29V,01cb0004-fc1e-4da5-9d27-f458f8d711ee
f79900ab-458d-4189-9544-70269dd3be82,d4cdfd13-829c-4f29-984b-5a8897437e3e.rna_seq.augmented_star_gene_counts.tsv,4.2,TCGA-EE-A2GP,06f09d1c-ba44-4cf9-a518-762d241a30db
0b6bb6c7-08dd-4b78-a064-419c16b881fc,63e18642-fcf3-460b-95de-de16428dea6d.rna_seq.augmented_star_gene_counts.tsv,4.2,TCGA-GN-A4U7,088c296e-8e13-4dc8-8a99-b27f4b27f95e
72e923f1-e883-4059-9ca9-819f575a010f,e5b29c06-2ed0-4913-bf24-5bfde047defc.rna_seq.augmented_star_gene_counts.tsv,4.2,TCGA-D3-A51F,2316bc62-974a-4dfd-8ee2-9e4a08660a45
3b684369-ea5c-43e4-8a58-0d550b2ca1e5,f7efd016-c382-4eef-9be3-c3e8b3a5386f.rna_seq.augmented_star_gene_counts.tsv,4.2,TCGA-WE-A8K5,0f579238-5a11-4adc-9c80-572cbb2ce58f
971db7b3-354f-49ab-810c-dab3f78d2d7e,4f521ce8-4aac-4ea5-abbe-732ff9ac5409.rna_seq.augmented_star_gene_counts.tsv,4.2,TCGA-DA-A1IA,2ea7ad21-3324-4eda-8c82-fc2ceea2fc73
170aa982-33f1-41d0-b0f0-2585d6e8f906,e0b0b87d-1125-4834-8133-5d719f1fd255.rna_seq.augmented_star_gene_counts.tsv,4.2,TCGA-EE-A2GU,24faa36a-268d-4a13-b3ae-eacd431a2bcc
768b55e7-3798-450f-9239-ebb33bc1e369,ac07e4e9-fa65-49f2-9f83-f13cc8a169d3.rna_seq.augmented_star_gene_counts.tsv,4.2,TCGA-FS-A1ZJ,2f0661e5-5006-481e-9b40-7b1ec96eaa3c
8b1ff403-c597-4c88-8e32-1e19c8c7c6ec,b556b718-38cf-498d-94c7-4e240fe57d48.rna_seq.augmented_star_gene_counts.tsv,4.2,TCGA-EE-A29X,26293554-04d3-4fc9-b12e-6a199278ed11
293079bc-8ce1-4e83-98a3-34e147aaecef,37e6146e-6fec-4160-822c-404a517610a8.rna_seq.augmented_star_gene_counts.tsv,4.2,TCGA-EE-A2GM,3d0cbbc9-f2ef-4d3e-ad55-b5cae6787c28
67694d6e-4c3c-4041-b97a-862aaaba8c89,25d48b78-8622-42af-b33f-4034a42f30cb.rna_seq.augmented_star_gene_counts.tsv,4.2,TCGA-D3-A1Q3,29476d6a-0d06-4a18-8910-c0502f6539ff
d720c204-3ccb-4551-ab28-188712a97667,97a6e3bc-f272-4d88-a1fe-ef3541cdf296.rna_seq.augmented_star_gene_counts.tsv,4.2,TCGA-GN-A9SD,ec4c4296-6ab4-420c-80a4-e7a34b9bf4a2
c53c476f-3cba-4a0c-adec-52943b368d70,edebd870-f100-41bb-946f-2edd4babbc80.rna_seq.augmented_star_gene_counts.tsv,4.2,TCGA-D3-A3ML,0153f141-625e-4623-9f8a-296678002c63
0675a938-3af9-4ac6-9fb6-9ff270dc6a65,06d5607b-45d7-4247-8d42-709d9d292530.rna_seq.augmented_star_gene_counts.tsv,4.2,TCGA-FS-A1ZW,49a6f6a6-bf6f-45cf-93dc-b006b4a0637d
2673447a-63f1-4221-87d7-c959a6d495c8,0056507f-a296-4148-bc9f-a831249c7973.rna_seq.augmented_star_gene_counts.tsv,4.2,TCGA-FS-A4F8,2f5813a8-97a6-4a96-886d-38f29272b16c
2d9f84cc-795e-4aef-890f-c2fc090e96e6,9604472c-4956-4170-8ba7-419f3e8d7418.rna_seq.augmented_star_gene_counts.tsv,4.2,TCGA-W3-A825,2f5d8110-35c7-419f-8b35-bc3040f940f3
5598235e-d2d1-46b9-9ef7-b1cab62fb633,20a06f04-b457-408f-8c3c-f0032badf064.rna_seq.augmented_star_gene_counts.tsv,4.2,TCGA-GN-A267,ab74d6ed-880e-4470-bfd5-2974a4c3a0d7
68badaa1-8052-44e2-a55e-67b657c87af2,1c25bdab-9259-4b1f-b4d5-20b496d36a1a.rna_seq.augmented_star_gene_counts.tsv,4.2,TCGA-D3-A8GQ,320a2dca-ee07-4d14-a7b8-178636636880
2dc18822-81e0-4200-9cde-94007b64bac6,ac295603-d08a-43f7-a78b-610be32aa49f.rna_seq.augmented_star_gene_counts.tsv,4.2,TCGA-EE-A3JA,41c4f51a-e908-42f9-9805-5cff5b12708c
67bdcff7-5af1-4f24-8eac-f47c133c9398,5a674268-79a8-4a30-a6db-a4fd0b83e208.rna_seq.augmented_star_gene_counts.tsv,4.2,TCGA-GF-A6C9,46801be1-f035-421f-aae4-81baf3bb8d40
04e2cdb4-4e22-4d01-b451-18002e2df72c,9f621704-2ece-4b25-be28-5fe14f71048d.rna_seq.augmented_star_gene_counts.tsv,4.2,TCGA-ER-A19A,41fcb9d3-9fb0-4625-98f4-1f564095ebc2
5c5b0972-267f-481b-88d6-7800e7cd52f2,6bf9821d-da67-470f-9650-69d05b056166.rna_seq.augmented_star_gene_counts.tsv,4.2,TCGA-EE-A2GE,4801c721-166f-4939-8ab7-aa024bec7089
1c6cb4d2-e5af-42ce-a2cc-9b2610cccd6e,5572a203-73b9-4a85-b47d-af228abca5b1.rna_seq.augmented_star_gene_counts.tsv,4.2,TCGA-D3-A51G,44d176db-2221-45a2-818b-eef6832a51b6
f49a4212-5c4a-4c46-aba5-2d586e100070,364e9fa9-3e1f-47cc-959a-1a2b3061c5d4.rna_seq.augmented_star_gene_counts.tsv,4.2,TCGA-EE-A29A,4811d530-ae99-4670-9f99-86996d667676
f1c96d98-c614-4a8e-8035-bb3bd0f665f6,be9a8b34-4ecb-4542-8d30-4d5019fd1903.rna_seq.augmented_star_gene_counts.tsv,4.3,TCGA-FR-A726,49f961af-1126-431d-93cd-18941c1738f3
397d35c9-da0a-4967-a30d-cc02fb35b127,718c4754-af81-496f-878d-83222a2581b8.rna_seq.augmented_star_gene_counts.tsv,4.2,TCGA-XV-A9VZ,4a2135bd-31ff-4564-9e87-1164b3422f61
aeada084-449f-4752-8794-61b0e89d213d,b2b4cc41-5760-4463-bcde-16115ceb12c2.rna_seq.augmented_star_gene_counts.tsv,4.2,TCGA-BF-A1PZ,455f982c-a067-46ac-bf89-3e535d0ffca0
939ca952-64a3-4b9a-9237-1e7a6251c36b,fa9f3cc6-06eb-4cfd-8f85-9d13df39d11e.rna_seq.augmented_star_gene_counts.tsv,4.2,TCGA-W3-AA21,4a9e5dc0-6fc3-47e0-8470-dac16ce16da3
ed72b0fe-a8b5-4ef1-878b-a67f1bfa8aa4,f8877925-49e4-420e-8bd8-cac3a47b67d1.rna_seq.augmented_star_gene_counts.tsv,4.2,TCGA-FS-A1ZP,4cdb18f5-47bf-475f-b34c-fa4912515268
1b354090-3362-4233-bb8a-c50bca73497c,967bf1b6-e9da-42b7-8d3c-e6a56394b568.rna_seq.augmented_star_gene_counts.tsv,4.2,TCGA-EB-A4IQ,4e9d1a69-1f10-4500-9dda-f8eb1ccc6576
cfce8a54-88f6-4bc1-8d1d-840d548568bb,dd629237-9358-4b4d-bbf2-346e3d5c34be.rna_seq.augmented_star_gene_counts.tsv,4.2,TCGA-EB-A82C,536e1779-550b-47f1-a204-50a16870a8e1
26df792e-6170-4252-b133-1036a584261f,362a2015-1791-4934-be81-df39540b38ff.rna_seq.augmented_star_gene_counts.tsv,4.2,TCGA-D3-A51H,50e4cdbc-b10b-4c6c-9981-68defa1a8fe0
c71c63ea-239f-42a3-980e-879289f171d1,1c3eaf9a-ffda-4c6d-bffb-2610a37ab837.rna_seq.augmented_star_gene_counts.tsv,4.2,TCGA-W3-AA1R,53fbe99c-180c-45e6-8585-796028b3d118
e4992d90-d425-4c03-ab00-5e9bfe232b8f,5566453e-df41-4aab-8dd0-825efbece954.rna_seq.augmented_star_gene_counts.tsv,4.2,TCGA-W3-AA1W,36f4be75-cbcf-431b-9199-dba295a905a1
4f2d30e4-0c50-49ae-b791-926e28a1f5f0,6d2b5716-f1e0-41af-bdc2-0efce35a3f26.rna_seq.augmented_star_gene_counts.tsv,4.2,TCGA-EE-A2MP,54782bd7-79be-4e3c-bf99-844e7bb0e5d7
e326e361-8c3b-443f-a0dd-ffab24a47451,b428d434-2904-4f67-a66f-b7928e2951e3.rna_seq.augmented_star_gene_counts.tsv,4.2,TCGA-ER-A19Q,391eab51-b140-4bc2-bc8c-99400fba9066
69e26c15-85d1-42c6-a278-5bc8746a34ef,04e3aeba-c9bd-483d-9484-5ecc0e64a054.rna_seq.augmented_star_gene_counts.tsv,4.2,TCGA-EB-A51B,554270fb-1fb3-4aeb-81a1-f78c30b143b4
245f93b1-4289-4485-ace9-6aea143be0c9,c2ccc6b3-34d8-47c5-9367-cc53aad1622e.rna_seq.augmented_star_gene_counts.tsv,4.2,TCGA-EE-A2GD,5c567ee6-bd57-448b-ad17-b74eb695b6f5
d43f1743-577e-4661-8b4b-30fecf950652,2d12ea90-c4f4-4aca-b353-360057b446e2.rna_seq.augmented_star_gene_counts.tsv,4.2,TCGA-EE-A2M8,5eda189c-2de3-429a-80d2-fc644623b37f
80f012fc-3440-45f3-bf1e-9656e21d96c5,223494f1-6c0b-446e-998d-53b3b4d0da1a.rna_seq.augmented_star_gene_counts.tsv,4.2,TCGA-FR-A3R1,68567581-0be3-48f1-8dcd-487bc0c1e6f6
567477da-1a56-45e2-b05d-245aa90bd48e,b02373ab-6860-4066-aebe-2c8a4cdffeda.rna_seq.augmented_star_gene_counts.tsv,4.2,TCGA-EE-A17X,5f8cc8d6-8a1c-41d0-bad6-fedd2948f40a
226f2102-0ca6-4d88-803e-dfd4ed9af516,b03d2223-38c1-4bb3-be8b-27db05f87b66.rna_seq.augmented_star_gene_counts.tsv,4.2,TCGA-D3-A8GD,74dc56e9-0076-458b-a12c-d50d7f057c47
82b0a570-0bc1-42b8-bc5e-15340268fc0f,66290e22-72a1-4af2-93a6-e4859f91a7ef.rna_seq.augmented_star_gene_counts.tsv,4.2,TCGA-DA-A1IC,6625ce3f-3a1f-45f9-aa42-ab1931d6daf4
b6eda0bb-5d08-45b4-9fbb-2fdd07db8169,9cde93c5-569a-482a-901b-2bbc21aadfa2.rna_seq.augmented_star_gene_counts.tsv,4.2,TCGA-D3-A5GU,6ac4e3df-6c43-4c73-8f4c-f89c3626f2d5
264c2801-550b-4087-bd92-8157753a226b,b8f68a8a-46f3-4c79-8474-13815946d4f9.rna_seq.augmented_star_gene_counts.tsv,4.2,TCGA-EB-A44P,6b02def4-04ca-4ba0-bc48-262c4d8a294c
77e14e11-91e8-4201-b837-a2fe46623b00,d2c9b21d-0f64-4182-9d5d-82b80a158a1f.rna_seq.augmented_star_gene_counts.tsv,4.2,TCGA-EB-A4OY,6e2d8818-b377-45f5-97f4-f905de22c487
569b8c86-9e1c-4c15-b78a-a91c39cdce45,beb52b13-584a-4227-abe8-9861c3388c14.rna_seq.augmented_star_gene_counts.tsv,4.2,TCGA-EE-A29E,83d05b9a-f409-4169-bef9-e772d2cfbfaf
5a9aae7b-4e56-4109-a744-ee851856372f,7d3b4d06-1249-4a85-a66a-387d4e2e2cb2.rna_seq.augmented_star_gene_counts.tsv,4.2,TCGA-EE-A2MJ,8509f10a-c454-45a5-9c22-853fda423b9f
c1bcb350-5ad0-4cee-bf2c-a85cb2b014b2,d34723c1-230c-45c3-9621-b2ef5919f244.rna_seq.augmented_star_gene_counts.tsv,4.2,TCGA-D3-A51E,963858b8-a8b6-498e-989a-271654713772
ae6459b2-07ab-4811-a0f1-a693a6a79953,fc68896b-f13f-4478-8573-3e18c64c3a2b.rna_seq.augmented_star_gene_counts.tsv,4.2,TCGA-GN-A4U3,909335d0-bb4b-4ea3-869a-93e4d91c2154
46b8b1b4-8793-4438-8d5e-9295368f0f7e,ee0e68bf-7fa0-4edc-a9df-30a63c2db34a.rna_seq.augmented_star_gene_counts.tsv,4.2,TCGA-FW-A5DY,9a7656cf-75a4-4b1f-a2d2-25e3ec147e63
69df044b-cac2-46e9-b28a-e3264c48b468,59c50e1e-fc77-441e-93c2-f69c013f362c.rna_seq.augmented_star_gene_counts.tsv,4.2,TCGA-D3-A3MO,85400bf1-23e0-4e0f-8df7-f0d108641aee
6e7ab4c9-511c-419d-954b-86057808646e,b4f1e5a5-061a-498b-aadc-bd568f0e4f87.rna_seq.augmented_star_gene_counts.tsv,4.2,TCGA-LH-A9QB,9ef30567-6e19-4cd0-8ec8-69194136418d
468624ba-36df-475c-ad9c-9be37ef010f3,034df4c4-52bd-4025-aee4-ad630d0d00af.rna_seq.augmented_star_gene_counts.tsv,4.2,TCGA-EE-A3AH,92d79156-9139-487b-8582-ce0e87b4ecd0
0d4fceab-190d-4e98-93b5-6c86c6988e2e,e7c14078-b85e-40b8-9f56-9474543905eb.rna_seq.augmented_star_gene_counts.tsv,4.2,TCGA-BF-A5ER,b44cced8-88db-4769-a1b0-b09d28558277
f0a81e8e-5ada-46dd-b4a3-de6f9cb9f04a,0edf46a2-3dfb-4bae-b642-281e05975bd1.rna_seq.augmented_star_gene_counts.tsv,4.2,TCGA-FS-A1ZC,b1739cb5-09bc-414a-8f05-c66d2cb9868d
8fe8d73d-2aef-4bfe-adf1-f0a0d0fa2692,065d8d7a-c241-4a24-8f77-2cb5a4341f35.rna_seq.augmented_star_gene_counts.tsv,4.2,TCGA-GN-A4U9,ab7eb3ec-bd87-4e49-9010-b51b17148f7c
a3b94365-2a03-4dff-a776-c97c74273d54,52ed30fb-f32a-4b5b-9ab6-e67438e9da8f.rna_seq.augmented_star_gene_counts.tsv,4.2,TCGA-D9-A3Z4,c4ed9e22-b5d7-4469-89a8-861a86791c8b
fea970e9-b09c-439c-9b4c-da5f5331643a,264656b8-d45c-4f5c-a431-366c566296fe.rna_seq.augmented_star_gene_counts.tsv,4.2,TCGA-GN-A262,e36c9411-773b-4a8e-9b43-895b3cb044c7
cdcbb78a-d1e1-4422-b38b-ef7b6f044f53,f5e6497a-ed39-408d-9034-a965baaafbf7.rna_seq.augmented_star_gene_counts.tsv,4.2,TCGA-FS-A1ZS,31e94518-f6dd-4458-94d8-dda3cc7a0831
c8d806cf-3298-4072-b800-19e9faa14f5c,c756a64a-a436-4d25-a9cf-a023b1d8a7a3.rna_seq.augmented_star_gene_counts.tsv,4.2,TCGA-ER-A3EV,e35be832-6972-4677-b985-02e90d51141a
a550e9b4-f276-4bb2-903c-8055fc96fa43,924ccfdb-f369-4b69-a034-bfbaf0878842.rna_seq.augmented_star_gene_counts.tsv,4.2,TCGA-FS-A1ZT,57882f61-4a32-49f1-afd4-61c70b184d8b
a3bf68fc-460f-49a2-a94e-4063537ab563,4ea93d27-97e3-40bd-8734-d026e48fbbe4.rna_seq.augmented_star_gene_counts.tsv,4.2,TCGA-D3-A2JG,47a16bf2-229b-4e9a-8b5e-3dcc61fa9106
2ce33010-4c28-423d-99e0-e006d9a2985c,66ba9b68-dcc0-4c51-a8c8-b4016502973d.rna_seq.augmented_star_gene_counts.tsv,4.2,TCGA-HR-A2OG,021d32b0-a94a-4dad-95f4-8eb0abd894bf
b6c72061-cab4-4aef-bd33-3b0b4881bed2,16ab68fd-4948-4cd5-b5d8-1b2e8a1fd3cb.rna_seq.augmented_star_gene_counts.tsv,4.2,TCGA-FS-A4F4,74596c13-8b5d-4289-a3c0-446fa968b241
f6dcffb7-a807-422c-86da-3271de2ebec3,d5610bbc-93c5-4ca5-b687-f955d1b84c92.rna_seq.augmented_star_gene_counts.tsv,4.2,TCGA-ER-A198,ea240769-e51c-45f5-a131-ba123e598622
758998a9-f7d9-4e18-87de-d264754211b3,c7d31245-5d71-4a23-8a33-4f83c4718e20.rna_seq.augmented_star_gene_counts.tsv,4.2,TCGA-D3-A5GT,6250b800-f72e-4c8e-a0e0-206049398ba7
21e2be3e-592f-4120-b234-cefa0e34427a,09f758e5-6be1-4f29-ac92-869d92f8fbcf.rna_seq.augmented_star_gene_counts.tsv,4.2,TCGA-DA-A1I0,68f75ab5-9d77-40c5-a8ce-f56016bbe9e4
96256b46-8d98-4ab3-aa8d-af99480a6ab3,d708a0d7-edda-46a8-b717-1b48c073c828.rna_seq.augmented_star_gene_counts.tsv,4.2,TCGA-FS-A1Z0,6a1966c3-7f01-4304-b4a1-c4ef683b179a
33e60d79-ee3d-4e8f-8a7b-6dcc2f69152d,156a3def-5866-4be4-ad0b-61b957d5b6eb.rna_seq.augmented_star_gene_counts.tsv,4.3,TCGA-FS-A1ZH,9f5bd948-dc3d-4b17-a114-d2f5c46fe10c
a2ae73d6-cf18-4450-89b1-c3273272896c,bd9c63e1-a1cb-4b2f-a909-839ce2fd8618.rna_seq.augmented_star_gene_counts.tsv,4.2,TCGA-GN-A4U8,d3b77da8-be1d-4955-b1c7-55b7769785e8
d0c42dcd-73f9-47f4-b18c-285ece825e1d,8683d8f5-bba5-40a1-a460-ad6183d2302b.rna_seq.augmented_star_gene_counts.tsv,4.2,TCGA-EB-A5SH,aa597e8b-7813-4837-b778-4dafe3b091bb
0bbe1ae0-71cc-4a7f-b7cf-80154249b326,aa5bae83-33a0-4b75-a52d-7ba53267f6d3.rna_seq.augmented_star_gene_counts.tsv,4.2,TCGA-GN-A4U8,d3b77da8-be1d-4955-b1c7-55b7769785e8
defe5fb5-4dd8-4fc7-9cce-534bb5190357,a6105a18-de2b-470c-bbb1-8c1188c57e22.rna_seq.augmented_star_gene_counts.tsv,4.2,TCGA-D3-A1Q8,7b7a49b5-5be8-4966-8f3a-e6e01e694f86
abec8314-9a0d-4807-9d53-b5e105ed3f6b,004064de-0e10-491d-b3d8-bc628a8f70a8.rna_seq.augmented_star_gene_counts.tsv,4.2,TCGA-GN-A268,c6be76d4-a1ba-4dd6-84bf-3b30cabe144e
698a72de-c0b0-4a97-b2a4-9acf4df06db8,a8736e1b-c036-42fd-b8d1-558724484f68.rna_seq.augmented_star_gene_counts.tsv,4.2,TCGA-D3-A5GS,c03152cb-c6e6-47e2-a1cb-2354260a3661
bdd5f0a7-3284-4ad9-9b42-3b7ee5863679,21e66f0f-e49d-4e75-bc70-f1d248c1b947.rna_seq.augmented_star_gene_counts.tsv,4.2,TCGA-ER-A19T,b85b14d7-3b5a-4800-af12-622ec03b9fe5
b487aab5-b70d-4f9f-8b19-8efeaa420b3a,e598b2c1-abeb-4421-acf8-79fe3d507ef8.rna_seq.augmented_star_gene_counts.tsv,4.2,TCGA-EE-A2MN,0797caaf-18ad-41c6-820a-e96554d14b31
cebcd3ab-a574-4504-8007-2d12d92d5e55,d01f4531-b145-414b-bc1c-0f1a148b771e.rna_seq.augmented_star_gene_counts.tsv,4.2,TCGA-EE-A29M,1af5d168-a3ff-4648-b195-ede2e7a5ca26
ed10b8f7-46a7-45b2-98e0-966b485d3dac,b35a4a43-866d-4781-a4a8-9e2e728202ba.rna_seq.augmented_star_gene_counts.tsv,4.2,TCGA-EE-A2ML,01cfbfae-f344-439d-aeab-a9e15d636325
262c1310-3584-4356-b0d4-3b4a6093c0f5,cc1c7e4b-89a0-4d94-b9e5-293c2eacadd9.rna_seq.augmented_star_gene_counts.tsv,4.2,TCGA-GN-A8LK,962ff090-16c0-438b-8213-86b2bd306e4c
50bbbefe-3eba-4562-be2f-870b7deab4db,1af0bfa7-8beb-499f-a658-ed1dd9fdb701.rna_seq.augmented_star_gene_counts.tsv,4.2,TCGA-D9-A4Z5,a4e5a8ba-dbb2-4ee9-8ab3-cc5bab152cc2
04f94e10-a3b8-4eac-9dfd-0745571698a0,25f272b8-11f5-4edc-9c54-f4115fc0a5de.rna_seq.augmented_star_gene_counts.tsv,4.2,TCGA-D3-A3MV,f581a9b5-8956-4ac3-9375-370c446cad29
aa5243e6-ef02-4940-8dbb-be91b7914863,12256b85-6662-41b3-a5d4-890ced0222e5.rna_seq.augmented_star_gene_counts.tsv,4.3,TCGA-EE-A20H,267b98e7-708f-458a-82d1-5faa415b9ee7
ffcf6ae1-5491-43cb-9b66-54addaa56362,d93b1580-c20d-4611-ac99-c0cb33f37a45.rna_seq.augmented_star_gene_counts.tsv,4.2,TCGA-EB-A5SF,32e40e0b-e74b-428c-acd3-84ec6a80c024
86955b55-77b1-41aa-8103-2b8bb284dff9,0ec02d90-7ccb-476e-a8bb-9a9c8f158dee.rna_seq.augmented_star_gene_counts.tsv,4.2,TCGA-BF-AAP0,5f07d78a-44a1-4002-a55c-5fe01b35d669
6c68991a-819b-4d2f-ab04-eed0fd6e7aa9,3bb03dc9-6daf-42ef-95d6-cdf726f926e8.rna_seq.augmented_star_gene_counts.tsv,4.2,TCGA-EB-A5FP,2e6f9985-6d13-4b08-8a40-5ea44e9553f0
d23b62de-cf67-4547-9041-27d447b6598e,49319954-0844-4fbc-a931-df0e4cdbcb14.rna_seq.augmented_star_gene_counts.tsv,4.2,TCGA-W3-AA1O,db950f20-c869-4e1a-ada2-dbdc82b5865e
e546a2d2-245b-4508-9b45-5817f3662043,87a582d2-22f0-4d22-8d2d-8fec2f1e7e8f.rna_seq.augmented_star_gene_counts.tsv,4.2,TCGA-FS-A1Z7,f3bb6362-6801-4c95-a828-09c0002a8b87
14b53b83-c7ad-40ec-b131-908cc76f7d41,de751aae-bc7a-4d70-9d06-4417be4facae.rna_seq.augmented_star_gene_counts.tsv,4.2,TCGA-ER-A19C,d5f8b18c-8ae7-457a-aa3e-c4bd77b276ab
ac71179d-766b-43e4-8cd4-04c6b63a70e1,7cd1f8af-7c1d-4a56-a617-b8debf493122.rna_seq.augmented_star_gene_counts.tsv,4.2,TCGA-Z2-AA3S,71b347ac-6ac6-475d-8e21-754764180948
b4e25212-c925-4cc2-b335-c047b40b1b72,f81935a9-10ff-4ea7-8f22-b78b842a00f1.rna_seq.augmented_star_gene_counts.tsv,4.2,TCGA-EE-A2A6,cdcf4d91-98a1-4a65-98dd-c6fc80805a0c
4185651f-b3cf-46a0-8108-f1609bcb37bc,d3be84d5-9dd7-4366-9aea-532dc76f19ba.rna_seq.augmented_star_gene_counts.tsv,4.2,TCGA-D9-A6E9,259b4d49-7cfc-420f-ba5e-65febc328ce4
b67d64a1-f19f-47ca-b22d-31ac89cb9e43,20679021-a108-4728-ab9a-fa3ca2fed0d0.rna_seq.augmented_star_gene_counts.tsv,4.2,TCGA-WE-A8K6,8d7f8f4d-aef9-4d1b-bfb4-7ed85b0797b3
fe379273-286e-4e32-9d66-bdbea6340e66,b2ea247e-4d51-4d77-a1ef-281bf4dfe249.rna_seq.augmented_star_gene_counts.tsv,4.2,TCGA-DA-A1I2,01ad975d-c2ed-4e4d-bd3b-c9512fc9073c
b2326886-2b2a-4fef-b540-6aede1219c10,1b0a23c2-785d-4a14-b673-86c97ceff401.rna_seq.augmented_star_gene_counts.tsv,4.2,TCGA-EB-A6R0,5bf40b29-d722-430a-91bc-cad941ee3694
4f85f74b-2f5f-4529-aef2-2467f4e13290,dfc53815-0784-48c7-84aa-f23d087a13df.rna_seq.augmented_star_gene_counts.tsv,4.2,TCGA-D3-A8GP,95f469b1-e109-4d0e-b9aa-2060207f8a03
df0c6c78-bbd5-4277-aa8c-baed39c22c5b,b1699698-8012-433d-9128-2e43158ec048.rna_seq.augmented_star_gene_counts.tsv,4.2,TCGA-EE-A3AB,0f7ff1fc-95ec-4eb5-a308-6b8f24eec29a
b36ebb94-8ea7-4ce6-8d16-83af643fb2bf,b09c5d28-8a02-4343-b678-07cbf351ed44.rna_seq.augmented_star_gene_counts.tsv,4.2,TCGA-FS-A1ZK,1404791b-86bf-4dfd-85b4-c8ff356f109c
2716fe1d-01ab-43b1-9f3b-cbc1ce9c7cbc,22f63ce0-5364-48b0-b424-5b971a1dcd33.rna_seq.augmented_star_gene_counts.tsv,4.2,TCGA-BF-A1PX,197ac33e-d5df-40de-92f2-6ef7fe2ad6dd
be14c489-c096-41fc-a3e3-be5a2cac97e9,85d43afd-9aac-48ca-a9c4-00357b7207e1.rna_seq.augmented_star_gene_counts.tsv,4.2,TCGA-BF-A9VF,1412ed30-82b3-4a89-9d19-f04196dc3a9c
f60d9aed-560f-4325-8423-b0ed5c7e7fcc,004589d9-7eb6-46cb-b822-20cd1939aa7e.rna_seq.augmented_star_gene_counts.tsv,4.2,TCGA-EE-A2MF,0e2af161-5a1e-47e1-a7ef-010e47b8cb40
ce3b6d73-7ed9-4502-9cc7-3176ba66ec3f,fe036511-fe82-467c-9c6e-59bfb8b0a329.rna_seq.augmented_star_gene_counts.tsv,4.2,TCGA-D3-A1Q5,238111f9-a08b-49b4-9035-cc43026330e7
b81a66ea-a3c8-44da-8a34-0f61805ae6d9,824433bf-151c-46ea-9ea7-f53813f66a97.rna_seq.augmented_star_gene_counts.tsv,4.2,TCGA-ER-A19D,3409f118-1798-48d6-9556-12a5c77ebefb
1e30f630-887a-4cff-a262-c0bac82c3af5,a8877d9c-7dfb-4544-bbb9-7ef4176f3429.rna_seq.augmented_star_gene_counts.tsv,4.2,TCGA-D3-A3C7,3b62e38c-d473-4329-86ab-5d4977f92b09
e8938336-0760-4332-8d95-84164bf0c873,9a4f9e4a-dc97-4f8d-9075-537b62fb98d3.rna_seq.augmented_star_gene_counts.tsv,4.2,TCGA-FR-A3YO,62e928c1-df8b-4771-ae46-5da40794daf2
2667bec0-5fb6-4499-88c5-6dbf8c58ab2f,3531a950-9532-4b22-93bc-f7f9551bc08c.rna_seq.augmented_star_gene_counts.tsv,4.2,TCGA-FS-A1ZF,e0d36cc0-652c-4224-bb10-09d15c7bd8f1
738d4e33-28a2-42a7-a9b9-c8b44bf3e787,4ff81b7f-2dbc-453f-a68b-fe40315b2ef7.rna_seq.augmented_star_gene_counts.tsv,4.2,TCGA-D3-A3C8,16182443-12a1-4b0f-a6ab-33c2942e2991
ba7d31f0-0f48-4d04-a8e5-2643f79ec011,d1ecfbcd-8e13-4c5c-8536-6fb1e878e193.rna_seq.augmented_star_gene_counts.tsv,4.2,TCGA-D3-A3MU,714f58d6-14bf-4e60-96ac-104d4abd45ed
efdfc201-4aa3-49cb-ae6b-e5746bb7244e,57f2cc66-9163-4e07-93f8-d5a2158e7125.rna_seq.augmented_star_gene_counts.tsv,4.3,TCGA-EE-A2MR,449c9d70-d8aa-41d4-beeb-0bbfc73a23d8
1abedfee-a1fd-45f1-9e3a-f43338d80ed5,52425995-0bd7-4149-bc2a-26522ebd143d.rna_seq.augmented_star_gene_counts.tsv,4.2,TCGA-ER-A2ND,1b3f92b7-658a-4bbd-b086-20c1cd976d54
95e466b9-f09c-42e1-b23c-844aa3e644c7,8ed1ae0f-90db-445c-9805-f8ae9b55da80.rna_seq.augmented_star_gene_counts.tsv,4.2,TCGA-ER-A2NG,f788f950-7953-47a6-b833-f9e5daa28fd3
1590089e-dd45-4e20-8110-1cd8e641a5aa,c8b9a438-4194-4243-a738-4e0bd4184f19.rna_seq.augmented_star_gene_counts.tsv,4.2,TCGA-ER-A3ES,b93f703e-be51-4469-aaac-2d4a87a37639
11583ac4-aac9-4506-9f5f-7370c9636c99,20d40b1a-fbe0-4710-b0db-5c190e00addd.rna_seq.augmented_star_gene_counts.tsv,4.2,TCGA-EE-A180,7ee2f8d5-6c31-4f5f-a779-b43979e66d0b
dfb021ae-9736-4497-b1a2-f647fdf281c3,4e24bc58-d246-4c96-952a-a18f95d142b2.rna_seq.augmented_star_gene_counts.tsv,4.2,TCGA-FS-A1ZY,a3df4ba6-538e-4b53-a356-eb1ef743b2ab
8620ba67-3c2b-43c8-a72d-987f52b14037,a7bda5b9-9c95-4f90-bab6-10ab15ee2b48.rna_seq.augmented_star_gene_counts.tsv,4.2,TCGA-EE-A2GO,783eb662-7d7a-4637-8500-e2d86d73ec7b
ee83417e-c740-4600-9461-a837aec99a47,6a2c6371-d8c6-4ca0-9a25-da16ed281d60.rna_seq.augmented_star_gene_counts.tsv,4.2,TCGA-RP-A6K9,5359d381-e7f2-4155-a559-7da9cda42ed9
3f8e4896-62b2-4102-b083-507aca152fdc,9488f59b-105a-4c4b-844e-23498427b51f.rna_seq.augmented_star_gene_counts.tsv,4.2,TCGA-D9-A148,fed23055-1600-4128-8d73-e1aa902a9d1d
06659cc6-27fe-44c1-806e-457868ea7c3c,8c7c9bb7-76e0-480c-a0de-bbf48fa398f4.rna_seq.augmented_star_gene_counts.tsv,4.2,TCGA-EE-A3AD,0f1fb775-c4a2-4a1e-8b09-f935233cdaee
0426ebba-c018-48ff-b493-4ccfc1b32f0c,6ca5eb09-d104-4305-b3ec-4d6e8a0c2850.rna_seq.augmented_star_gene_counts.tsv,4.2,TCGA-ER-A2NF,d32a4219-4cca-470f-b6b3-11447d9f5e0b
c3183b2f-9803-4d4e-8425-9bc1df199005,ddef6a35-2b19-45e9-9ace-420a8e94db86.rna_seq.augmented_star_gene_counts.tsv,4.2,TCGA-GN-A263,08d2b181-2b6e-4754-bfa9-5a94a1f18526
25091999-a496-480b-a60c-e43703ecb9d4,3711c9b4-a52b-4786-8bf8-5b6a59605c16.rna_seq.augmented_star_gene_counts.tsv,4.2,TCGA-ER-A2NF,d32a4219-4cca-470f-b6b3-11447d9f5e0b
f3cd8df4-ed49-4083-9629-e16f90993ea2,3ca8899d-3ed3-478b-a70c-919f68969d81.rna_seq.augmented_star_gene_counts.tsv,4.2,TCGA-FS-A1YW,57dd4d65-cfad-4533-92b4-90742289603b
19a4a35e-e528-4a0d-9228-3487d81bcbaa,637a6a07-fc4c-47ed-a442-a2e8368c59c6.rna_seq.augmented_star_gene_counts.tsv,4.2,TCGA-FS-A1ZU,7ce09a09-074e-4f38-bed7-98ab34347fbe
8d7ed67c-9a1b-4296-9d2c-5c900b265dbd,d14f7871-db2f-423a-9e08-4ca84e452d61.rna_seq.augmented_star_gene_counts.tsv,4.2,TCGA-GN-A4U4,6dc9c5b0-77e6-4c53-a75c-8f01731c54e8
c67be5f3-89cf-4209-a270-6d2989beaea5,53fd72a0-30b5-4488-afb2-e77c2fd6a0d4.rna_seq.augmented_star_gene_counts.tsv,4.2,TCGA-ER-A2NE,1068ad76-612e-40ee-b2fa-916da14b7916
e9814e23-2b75-4b4e-804f-12193a528da1,550c15f6-55cf-4928-bc62-bb28bc5672da.rna_seq.augmented_star_gene_counts.tsv,4.2,TCGA-EE-A2MM,c9dea107-fc12-4559-ad27-2800ae6b42e4
f71c6fd6-ff3c-402f-8458-7b536ba441a5,12305e97-f72f-4de7-9735-4cdbecb60296.rna_seq.augmented_star_gene_counts.tsv,4.2,TCGA-XV-AB01,04add7f0-d212-486e-ae70-d41d8112f523
31345409-df9a-48b9-91fd-09a18e099aa0,2d8d97e6-b599-4444-8e11-73adb55be0be.rna_seq.augmented_star_gene_counts.tsv,4.2,TCGA-D3-A8GB,4274d9ab-679f-453c-b086-7535cf798f0a
9e16818c-197c-459b-8747-f59474bdce71,b95ca895-419a-45de-8f20-9954a2447d6e.rna_seq.augmented_star_gene_counts.tsv,4.2,TCGA-D3-A5GO,854466bf-b943-4acb-b4f1-6b285cb813e3
4b99dab3-9393-4c29-a093-67878c3cdbf1,8d532c55-71b5-4992-9aba-7480d7c390ce.rna_seq.augmented_star_gene_counts.tsv,4.2,TCGA-ER-A19L,5f6df69c-4ebf-4811-8b28-ad393dfbe1a3
907aeb1d-3fb9-46bd-ac47-1226969d3c77,aefb974b-c7d9-47f0-8f18-9346c087ea64.rna_seq.augmented_star_gene_counts.tsv,4.2,TCGA-ER-A19W,e952fd3d-8e99-4199-bbcd-03c9a3430ee2
32081341-7445-40bb-b785-c8ed03db86d3,103802e1-b3a3-4c55-b094-5011798b6de3.rna_seq.augmented_star_gene_counts.tsv,4.3,TCGA-EE-A29Q,6a1818f9-9303-41b0-b3b7-07faf5055c86
fe6f0138-1707-4c1c-980f-4711f7c04dec,f5760366-59eb-417d-a935-3f78e999dd42.rna_seq.augmented_star_gene_counts.tsv,4.2,TCGA-D3-A8GJ,42fb358c-cc9b-4963-9d16-4a7aa915002a
eec07dba-842e-4f12-b78b-b94b5718964a,bbba6e8b-9e37-45e0-b663-f81631e76828.rna_seq.augmented_star_gene_counts.tsv,4.2,TCGA-FS-A1Z3,29bcb876-5a91-4d56-af47-7b4c856c151f
36fb8a2b-4671-4df9-8c06-263ee7dc8e15,1b572d35-f98e-4389-b234-a2591a74d7a8.rna_seq.augmented_star_gene_counts.tsv,4.2,TCGA-ER-A42H,ea3c0988-17c7-4eb0-a1a6-cef1e0865384
2b41f892-17f8-4657-8212-c1c15d960e3f,07108549-98ef-4c31-b649-feb043879304.rna_seq.augmented_star_gene_counts.tsv,4.2,TCGA-BF-A5EQ,53de8f81-a226-4ab9-bddc-856ffd111817
6008907a-31ee-4080-919e-1d1a0dd5ec25,b652254e-228b-40d4-be79-536ad87dad69.rna_seq.augmented_star_gene_counts.tsv,4.2,TCGA-EE-A181,dde0b2be-ea43-4de7-8feb-ccdc073c6978
1cc85ed9-2f62-4388-9657-8e39e36a10b4,9df80cad-d7ec-4d64-a96f-783e07b6281f.rna_seq.augmented_star_gene_counts.tsv,4.2,TCGA-ER-A19F,0bb8c284-412b-4bbc-a508-d0a21db376cd
0836c7ec-979c-4906-acd9-96b1e076149c,38ac1da2-32a1-4530-a553-e5adff884b4f.rna_seq.augmented_star_gene_counts.tsv,4.2,TCGA-D3-A51N,b770ed96-a48c-4e88-8db6-b2d1a1619da2
1812a244-f248-47cb-9519-5a8c4132a8cd,32a200c7-6f8a-4393-ae39-48c73b7935cf.rna_seq.augmented_star_gene_counts.tsv,4.2,TCGA-FS-A4F9,0caa706a-251f-43a0-897a-111aec0acc82
7004618e-df6f-491f-a7c7-4dd2bd07c594,981c9bee-bedd-4a1a-929a-26013d1077e0.rna_seq.augmented_star_gene_counts.tsv,4.2,TCGA-D3-A2JN,20ae4c90-ea2e-42e8-bc0e-f0e6be0dadeb
5768d960-0e79-4927-a7a2-860a7cc1bcf1,16dd072b-b664-43e8-8862-c9d9d945f8bc.rna_seq.augmented_star_gene_counts.tsv,4.2,TCGA-BF-A3DM,1ca2eb9f-9496-450f-83fe-c7a6cb1a075b
714c26a4-1a65-420b-bfb3-ca993a2906e0,1bc1db1d-c538-4aad-be91-ce3d683221e9.rna_seq.augmented_star_gene_counts.tsv,4.2,TCGA-EE-A2GC,0a4b780e-8143-4118-ad98-fd2a2a6678c3
52902940-1f79-4432-bdde-f20f286e0d9b,30608f63-2604-489c-bf96-09e56acfe912.rna_seq.augmented_star_gene_counts.tsv,4.2,TCGA-EB-A4IS,187376e0-b4f3-44ed-ab43-88b6eff3e552
a3e0b623-035f-4f3d-8476-ac7fd0d60ea1,b2e80b2b-559c-424e-837d-fa1de6b912e7.rna_seq.augmented_star_gene_counts.tsv,4.2,TCGA-D3-A51R,1f66a0e1-640a-4caa-85f1-61c6de475cf1
67dd7c74-80e4-449a-bd20-133a423419d0,74cffe84-dca8-4673-925a-9e0d6344832a.rna_seq.augmented_star_gene_counts.tsv,4.2,TCGA-EE-A3JH,2e7cfa51-8965-4c11-8fef-077fd258fbe4
883c037a-ace3-4aa5-b5af-b731c94d9963,aeac6db7-09bd-45f9-a5fd-c8358f86bff8.rna_seq.augmented_star_gene_counts.tsv,4.2,TCGA-D3-A2JL,28cf244b-77dc-4b31-a65a-9746f15bb07e
77859e33-6cbf-421a-b7b2-f17fda808f95,b65a6759-a9a4-4740-a9e3-962771dd9954.rna_seq.augmented_star_gene_counts.tsv,4.2,TCGA-D3-A3C1,2ff77467-19f8-45a0-8d42-2f9a69295498
04830303-b63a-4362-a03b-9cf0750e2063,a982666e-f262-43d0-86f1-6a6c20772b94.rna_seq.augmented_star_gene_counts.tsv,4.2,TCGA-FS-A1ZZ,f6ff5e77-60d8-4987-9a92-654fd4db81f1
780701d7-0632-40df-9860-88b1036686da,198b23eb-5efa-4c7e-84f6-96976474de0b.rna_seq.augmented_star_gene_counts.tsv,4.2,TCGA-D3-A2JA,33d7cccb-6349-4337-8c5b-6e3e8b3c7af1
b16ddfde-1f0e-418a-996b-672f8aa356f6,0bdec778-829d-4cba-8d0f-dcaa0d8803b1.rna_seq.augmented_star_gene_counts.tsv,4.2,TCGA-EE-A2MK,47ffe5ef-7d1f-44eb-9307-104771b39381
607aa123-b046-4f47-a098-2cfd2b2fe577,927add57-b6d3-46c7-bd4c-f27d98a5b864.rna_seq.augmented_star_gene_counts.tsv,4.2,TCGA-FW-A3I3,436a0116-eada-4b8f-aafe-29eb7f3241c4
6181aef4-c42d-4b29-be35-e502db0d697d,8b88f1a0-d67d-4400-95c1-dc00ceb8b15f.rna_seq.augmented_star_gene_counts.tsv,4.2,TCGA-D3-A8GM,44b5453a-3009-43b9-bc34-71a11a6d5e63
d47f96f6-a092-4dc2-8214-b7ed5b4212ff,ad2bbb19-6d02-480f-b011-d4327c3c5607.rna_seq.augmented_star_gene_counts.tsv,4.2,TCGA-EB-A5SG,44eb0daa-a3ed-4ab5-a3e8-91911bab0dea
4bb9ade9-6329-4319-a250-01f2fab3da5d,d09c8395-a27b-4c09-b2d2-79c2eb1db773.rna_seq.augmented_star_gene_counts.tsv,4.2,TCGA-FS-A1YX,4537c0e1-b2bd-425f-a6f4-27f4733dc25a
8e913dc0-81e2-4d51-b18e-d27dce439193,2c76906f-57a5-42b2-aa73-544814ea4657.rna_seq.augmented_star_gene_counts.tsv,4.2,TCGA-EE-A2MS,4a4f5ee9-b588-4357-b058-effbfb53e2c3
d7225a0b-71e4-412d-a39b-c2487836af8f,c4ed4554-ce21-40dd-b85b-3b2912b29b89.rna_seq.augmented_star_gene_counts.tsv,4.2,TCGA-FS-A4F2,4d22dce6-0f25-44ee-89e7-5b5ee2ee9799
ffbf537e-4ff7-42dc-aa8a-386caed2d422,bc467b80-495a-43d8-837a-4385aa178307.rna_seq.augmented_star_gene_counts.tsv,4.2,TCGA-DA-A95W,53848dbb-87a1-40fa-a5af-c711ea7c8778
631ef22b-0162-47a7-9dd0-c1d33f9a1de5,47f225d0-6724-404f-9489-19dc77637940.rna_seq.augmented_star_gene_counts.tsv,4.2,TCGA-D9-A3Z1,4f7e7a0e-4aa2-4b6a-936f-6429c7d6a2a7
48797c31-ab2a-48b0-add1-25954dc8c901,81c0d65d-fb6f-4acb-a038-17d90d32d922.rna_seq.augmented_star_gene_counts.tsv,4.2,TCGA-EB-A85I,50dc9c63-c491-4afc-ab12-74b40eba58b6
fc4734b5-f091-41f1-87db-2bd89752c943,3af1ff76-660f-4dff-822d-cbc90999d3ff.rna_seq.augmented_star_gene_counts.tsv,4.2,TCGA-RP-A695,382fd44f-6011-4427-841e-0f1eda447fe5
16d1ff06-7ddc-4c3c-8c53-1ab720a6d686,ccdce530-38ba-46f2-867c-9359902d85b0.rna_seq.augmented_star_gene_counts.tsv,4.2,TCGA-EE-A3JI,296f44f9-3ecb-4b40-ae51-c3a06e3fbe00
ab4c3e77-9668-4029-a3fa-d5759a18f91f,4ce20929-7d04-4c4b-9e3c-de22d237f254.rna_seq.augmented_star_gene_counts.tsv,4.2,TCGA-FS-A1ZE,2c79add1-8093-4e81-8f80-069af7b7c2fa
a949bd22-9889-471d-a2b4-f65544623f9f,6f1230e0-14a2-4018-bab4-f6ec2862fe6b.rna_seq.augmented_star_gene_counts.tsv,4.2,TCGA-RP-A693,3b618072-3bf5-4609-865d-ce3611c729cf
86a34fc7-5de9-404a-80a3-9b08328fd8f0,aa42cff8-f7f1-4210-ab49-a7eb563c2c98.rna_seq.augmented_star_gene_counts.tsv,4.2,TCGA-D3-A51J,2d8868ab-a7db-4cbd-a9af-cc485b29c177
65098f04-7be9-4727-b30f-59087fe4ffa6,2723b191-7c84-4edd-b0d0-da8ba4a1a894.rna_seq.augmented_star_gene_counts.tsv,4.2,TCGA-EE-A29S,5dec1b6a-5d60-463c-9655-fc7ed79ca19d
9be77f99-e6d0-4a90-8a04-167e4dff5cb1,59364db9-7bf7-4a15-9798-8e3886078012.rna_seq.augmented_star_gene_counts.tsv,4.2,TCGA-EB-A1NK,27c9e7aa-1760-4cfc-95b0-a091d35d317b
f462cb00-be8f-4f26-85a6-03dbf043a881,c2e34dda-0852-492e-9cde-3ff606259c12.rna_seq.augmented_star_gene_counts.tsv,4.2,TCGA-GN-A8LL,638eb185-fe03-4632-a969-9655e3339b2e
4d9d4c19-8f75-4b96-a080-400edb7f7974,a270eff7-ab2e-4b43-bf02-8995026372f0.rna_seq.augmented_star_gene_counts.tsv,4.2,TCGA-EE-A2MT,69a17647-493f-46d2-9cf0-6596e56289a0
3f52dc4b-32ee-4422-a492-71286ea0baa1,e8ff4a79-4175-479b-bc5c-e09d238babeb.rna_seq.augmented_star_gene_counts.tsv,4.2,TCGA-XV-A9W5,64690c6f-80cf-4a87-932c-7d7b3d0fbf6f
578856b4-6695-4aea-8b09-24e6e33fd094,da7cbc0a-95dc-4303-a5dd-75857c066f3b.rna_seq.augmented_star_gene_counts.tsv,4.2,TCGA-D3-A8GN,7038de05-4e26-49af-b78a-5a00ce9a120b
db4f787e-1275-4bdd-ba39-eafb8e3121fd,ec882950-7595-4ab7-a8b8-86d1422a948a.rna_seq.augmented_star_gene_counts.tsv,4.2,TCGA-FS-A4FD,745c699b-8ecf-4653-b41f-6620f11bcf39
50afa590-fd80-4faa-9210-c47c595e99f7,8914dcad-b703-4099-a5dd-edb9cedc104c.rna_seq.augmented_star_gene_counts.tsv,4.2,TCGA-GN-A265,61b777f6-a59a-4500-ad33-107e2c9254c1
1f8cef65-ab1f-44cf-b706-7f1f25926dc0,e0b149bb-4467-4928-a80b-ef3ac97ddbd2.rna_seq.augmented_star_gene_counts.tsv,4.2,TCGA-BF-A3DJ,62393dab-ab41-4785-9a57-aa4c25d223e9
2348b25a-1aaa-4554-b181-a431fcb7f5a0,4245e942-3439-4e98-9733-b0b8ac25ad56.rna_seq.augmented_star_gene_counts.tsv,4.2,TCGA-BF-AAP2,7c6e2fe9-d1ff-4bf4-bda1-cc3615eb3584
04705af1-2ee5-4aea-9273-5f7372f4aad9,bdb0fb38-9d28-4c8a-8e79-99b183062a2d.rna_seq.augmented_star_gene_counts.tsv,4.2,TCGA-GN-A8LN,7f7bc51f-7f75-4796-9ce5-a4735c3c0807
b888409c-180f-4365-885e-8e887721a968,530f723a-ac5b-4e14-93b9-1d501b92fddd.rna_seq.augmented_star_gene_counts.tsv,4.2,TCGA-DA-A95Z,668701cf-9c73-4caf-8482-3f478235909a
cb336dc0-2f5d-44e8-9f41-f9cf153b9ce3,4c075dfa-f213-4e97-9c4e-6aac7b8345c7.rna_seq.augmented_star_gene_counts.tsv,4.2,TCGA-DA-A1I4,7fb87427-9b19-4378-86d5-f4f775f97805
65a7c40e-6500-47aa-9e46-10922dd55c7f,d24acd56-d148-487c-8d44-b303a68eb9d2.rna_seq.augmented_star_gene_counts.tsv,4.2,TCGA-DA-A1IB,8fc9cc74-f388-49f0-b957-debb62638634
58aaca44-131d-43f5-b3c7-73bf8b96693d,6f73b289-b329-40b4-9ac7-b4de6d775251.rna_seq.augmented_star_gene_counts.tsv,4.2,TCGA-ER-A19M,7a918706-c697-4cef-9661-346c5a612ff8
7cfb8928-da64-4476-a214-d77b27f2f8b2,08e3d239-3d8a-4eee-9e08-ac2bcb3f2619.rna_seq.augmented_star_gene_counts.tsv,4.2,TCGA-EB-A553,960899ed-b61b-4b20-b16d-e37dffb01aa3
958ed743-9140-4ee6-b66b-4cae36f10b30,14a20c28-47d6-4c2d-98cf-6bf8aa2c386f.rna_seq.augmented_star_gene_counts.tsv,4.2,TCGA-W3-AA1Q,81807b84-da9c-4847-a303-5a8c7297127c
fc1a809f-2730-4f00-8100-7bd47a9d493e,725c559b-1699-476a-a9bb-c28daa78f682.rna_seq.augmented_star_gene_counts.tsv,4.2,TCGA-EE-A2M7,7b4bcf0e-ec55-489b-870f-a4360a6bea2f
03829d5e-7928-4b70-b496-d8a26620fdde,27dfc12e-4ed1-4d98-b6af-d4e9cbb96779.rna_seq.augmented_star_gene_counts.tsv,4.3,TCGA-EE-A29N,8aad9690-d1ad-424b-9a80-d7980760d093
77bac74b-40d3-4b5d-9b34-d8163e3b9489,b8ac3f4d-393c-4d6b-a383-1347148760e5.rna_seq.augmented_star_gene_counts.tsv,4.3,TCGA-FR-A8YE,a0bb7e56-85e1-4bc7-9515-f4279356e6d1
904305b9-ddab-4f58-8cba-5fa064ebb87c,3073c410-3a7e-42e4-a67a-3884840c49f4.rna_seq.augmented_star_gene_counts.tsv,4.2,TCGA-EB-A4XL,9c47ab1d-e3bd-4191-bd60-4a2123de534e
db1d223c-7f33-493f-8fa1-51db058bbfa1,e12ed261-55fa-4a24-93fb-eabeda863305.rna_seq.augmented_star_gene_counts.tsv,4.2,TCGA-WE-AAA0,adfa6beb-1aa3-4a2a-afe7-8d036a80b20d
4d75ec26-b48f-4ca9-a1b9-4a519ee7d3aa,c5e09ad2-1f0b-4ea3-9565-a1664f1bb468.rna_seq.augmented_star_gene_counts.tsv,4.2,TCGA-DA-A3F2,a20aeafc-9a68-4af0-87ea-532ee835ebb2
ff327399-14e8-4926-a7f9-27318dc5dd76,2bd0477f-40af-4969-9291-c05ab3d55268.rna_seq.augmented_star_gene_counts.tsv,4.2,TCGA-FS-A1ZN,9d86940d-50fb-4d2f-8b1e-539196885f46
0f1792a0-50da-4b52-8e6e-6ac3d676cf5b,bd926132-883f-4056-b4a5-7dc0f54f3618.rna_seq.augmented_star_gene_counts.tsv,4.2,TCGA-FS-A1ZQ,b91af125-a024-4ba3-a5e8-99955ff9efc5
759ecd04-a8f9-44b9-9fe1-a45e366334a4,653522fe-3289-4e1f-9373-c81f923893a3.rna_seq.augmented_star_gene_counts.tsv,4.3,TCGA-EE-A2A1,a92e70e1-c57d-45ef-a822-33b361c22291
62084ce4-545f-432f-b321-e26f078ca2a7,afb9b3c2-404f-4d40-8e6e-07b64a295d7e.rna_seq.augmented_star_gene_counts.tsv,4.2,TCGA-D3-A5GN,afbc376b-524d-4ecd-b79f-d8be770591a7
2c855c89-f5fc-44fb-b083-67284febb42b,dac229a2-aca6-4418-80b5-3ee1908da020.rna_seq.augmented_star_gene_counts.tsv,4.2,TCGA-W3-A828,ba207d79-91c0-45dc-a784-4bcaec580eb4
8409357c-1574-4e41-91b5-28366a9db520,6c9ce1b6-eef5-4c2f-b031-d973e0821a48.rna_seq.augmented_star_gene_counts.tsv,4.2,TCGA-D9-A4Z6,a276671a-02dd-4b94-9408-1c47710791fe
5a9e2b1d-ba94-4aa6-aea8-97a29efea791,299613f5-2f9a-4687-ab0c-323bf38f3699.rna_seq.augmented_star_gene_counts.tsv,4.2,TCGA-ER-A196,a9eb1022-ffd3-42de-a39d-2126fc7ec0ce
02549626-0196-4d16-8627-ce10c151256f,f374cce2-2fda-4c90-944f-3627ae5b71af.rna_seq.augmented_star_gene_counts.tsv,4.2,TCGA-ER-A19N,9ee83669-d7a4-476e-8857-304600b4917a
e3339be2-e251-41bd-8be2-03304ef09011,346fe4c0-2ea0-45b4-8863-b0f9e7756ad6.rna_seq.augmented_star_gene_counts.tsv,4.2,TCGA-D3-A2J8,affb02c3-ec15-465e-8296-6a32132d542e
4db2d4c0-19d2-4464-97e4-2a3140994a4f,85094fa3-e9f3-4cab-8a1d-37cb0462404d.rna_seq.augmented_star_gene_counts.tsv,4.2,TCGA-FS-A1YY,c3a8881b-70f8-402c-ac75-1cc49fca4e87
ee55def2-95bc-4697-82fc-c628b2fd729d,dceaa4af-2981-4ab1-b33e-71b28845da80.rna_seq.augmented_star_gene_counts.tsv,4.2,TCGA-EE-A29H,c8ba1856-d055-4dc6-a184-72763c76aae4
bc3c5640-1221-40e4-b742-e8642ffc05a5,22358a97-998c-4dd2-a48c-67626c744751.rna_seq.augmented_star_gene_counts.tsv,4.2,TCGA-EE-A2MI,c061ae6c-7a02-47c3-aecd-a56487c01603
915b0047-c8c4-4a4d-951c-8e5619cc89ec,1e41697d-1d03-461d-8e10-73af2d8bd770.rna_seq.augmented_star_gene_counts.tsv,4.2,TCGA-EE-A2GI,b4079a49-bb11-430a-9a1e-19bd46d87fbe
e1014f24-a114-4f70-b72f-95077e1cca4d,34c0a7a8-8ce8-4a2a-9bce-939eb2f6f1d9.rna_seq.augmented_star_gene_counts.tsv,4.2,TCGA-D3-A3C6,c0b0255b-74fd-4af7-a2b0-5a82829f680b
a359b6f9-15ca-4699-adb8-850db3754c74,6fdba671-fb71-438f-ad62-e3d515e0222d.rna_seq.augmented_star_gene_counts.tsv,4.2,TCGA-EE-A2MC,3791bd88-c61e-46c3-aaa4-942c2169887c
511a35d0-d1d1-476f-99ec-ce3c5511aad2,33d6df2f-acc4-4c91-b924-4fb2f519e8ed.rna_seq.augmented_star_gene_counts.tsv,4.2,TCGA-ER-A195,51b4e55c-5307-4a13-9b2a-fbd58575335e
9d908298-099d-48ba-b1cc-1d09015f8828,e8db6fe2-7a97-4f20-a7e0-9600f0e58800.rna_seq.augmented_star_gene_counts.tsv,4.2,TCGA-EE-A3J7,3df3f0a9-ba52-4c50-910f-828439b0ee14
d8dc459f-7d09-4e84-8756-dc990dded9a4,9075936e-cc58-4740-abf4-1c733abb3d9f.rna_seq.augmented_star_gene_counts.tsv,4.2,TCGA-BF-AAP7,3e39c93e-ccae-48d5-9b27-62dae0e75c07
5f85de6d-d2a3-4e98-b0aa-307c8e4037ed,e49406cc-fec1-4be9-9ef7-189386c60f46.rna_seq.augmented_star_gene_counts.tsv,4.2,TCGA-ER-A197,3ebb2374-4518-4e19-9b65-9c3e66252c4c
2eddfd42-de53-4fcd-80ed-0d95aa54d64b,70d9a694-2379-4310-aa52-4fe388a58a8a.rna_seq.augmented_star_gene_counts.tsv,4.2,TCGA-EB-A44R,5c091729-7b87-4046-bfa4-41c26c32837a
8bc6e827-abc8-4499-950c-cea2a65e6d41,2c343b93-910c-4921-bc2b-f7fbfa4f1596.rna_seq.augmented_star_gene_counts.tsv,4.2,TCGA-WE-A8ZR,56d4ca9b-c050-45b4-b636-03fe2251fa1a
9d8077b2-bae2-478d-bacc-fd1e5c6e61e7,12a488c6-c319-4f40-9f62-82e74773370c.rna_seq.augmented_star_gene_counts.tsv,4.2,TCGA-BF-A1Q0,633ddc04-c424-42c8-8e54-673968b130a7
7b449550-eb94-4b75-9835-37ee18d182ea,fef239bb-8093-42aa-b61a-7c55ff514836.rna_seq.augmented_star_gene_counts.tsv,4.2,TCGA-Z2-A8RT,590b5e18-d837-4c0e-becf-80520db57c0f
f40fb5dc-5ceb-4474-91cb-5d9d73478f86,718de66e-06d2-4c2c-8b2d-e40087c4340c.rna_seq.augmented_star_gene_counts.tsv,4.2,TCGA-FS-A1ZB,6f2ef983-0a22-4a65-9e53-8742ac89a1c4
fe048b7b-8589-4691-8343-b18953b47fd1,a92a00e1-51c4-465d-8547-ead45bf2527e.rna_seq.augmented_star_gene_counts.tsv,4.2,TCGA-D3-A2J6,6f5157b8-d43a-4fbc-b7da-23629f5b53da
3687bc2e-d96d-49e7-a3d7-c6d4c532d689,fb24d93c-9681-4d45-801f-9dcfd8c5703e.rna_seq.augmented_star_gene_counts.tsv,4.2,TCGA-Z2-AA3V,5b10234b-6189-449f-8886-d0d44a729ced
1822b628-9250-4ec1-a914-b5c759ff1bb1,4ca7e773-3858-4ece-b78a-c576b20a5cf3.rna_seq.augmented_star_gene_counts.tsv,4.2,TCGA-FS-A4FB,64d46463-8039-41d1-9bbb-0ca0504356c2
752252f1-b69a-4351-829a-bf5edb66e5c8,2aefe8ef-5ffd-4c0d-8550-2573eb6fb051.rna_seq.augmented_star_gene_counts.tsv,4.2,TCGA-EE-A2A0,81cedb9e-ee43-476b-9ed9-8d0fdb346065
12b5ba54-a173-4508-8e61-f6d53400296d,204241b7-1e28-43f8-a681-f872b52fa3f8.rna_seq.augmented_star_gene_counts.tsv,4.2,TCGA-WE-A8ZQ,77052f40-374e-4dae-bc17-908b52db0f08
90aecade-b0c5-4fc9-b5c5-d6a5493fb017,dfc6ffb8-20c4-4e80-8333-81bf1d7e5377.rna_seq.augmented_star_gene_counts.tsv,4.2,TCGA-DA-A1HW,800d3a17-269f-4d97-94ff-8585f20038d8
d39cca6c-336d-4c52-b70b-af97b6af6ac8,5af21474-88f9-4885-82d2-9c84b2ded99a.rna_seq.augmented_star_gene_counts.tsv,4.2,TCGA-ER-A3PL,88314f23-3446-4102-a117-b65a8520d8e6
15fb2340-6441-415e-88f3-21e337491eeb,17abac39-baa9-4ea1-83bd-543ba319e246.rna_seq.augmented_star_gene_counts.tsv,4.2,TCGA-YD-A9TB,807fb56b-bbb9-4df7-9a1e-d1fa627b425a
79938db5-9981-4a06-b4b7-5ee3555165d9,de92b16c-4549-4025-9885-76c260c30cf7.rna_seq.augmented_star_gene_counts.tsv,4.2,TCGA-FW-A5DX,889ae822-add8-4a10-abe0-50176c858f80
8851a16e-7b7c-498e-b802-5db09c5ee56e,9414ab7b-d8a9-4ccc-8fd8-1cb353257b84.rna_seq.augmented_star_gene_counts.tsv,4.2,TCGA-EE-A2GT,97d9dfc9-c937-48b4-b453-df081950419f
fd479d44-39dc-40a1-941b-67012d4663ca,4c67fdfb-4b74-46c4-9021-0b5317207db5.rna_seq.augmented_star_gene_counts.tsv,4.2,TCGA-ER-A19G,90aa7540-93e7-4ffa-9e77-879198be1e7b
d7a5abd0-5a82-4ee4-a3bf-767a4f7036be,f2903ac6-88e3-4653-a966-ab593fba51bf.rna_seq.augmented_star_gene_counts.tsv,4.2,TCGA-EE-A2GH,913f21a9-f727-4983-ab3a-61b5b3fc7f5e
1cac64eb-6dde-4e9f-9bd2-1d94a5cca7a5,7478db87-0751-4771-941f-9fccdf01853d.rna_seq.augmented_star_gene_counts.tsv,4.2,TCGA-EE-A2A5,865128c9-2e8e-4683-9232-174282ae984d
4f81c82d-c1a4-441f-ac6b-535c828e6c94,f02aa649-f382-4f91-9a51-ce73199f8fbc.rna_seq.augmented_star_gene_counts.tsv,4.2,TCGA-XV-A9W2,8b6b1cbf-dedb-4c99-8f75-eafbe5c43592
a5019d98-9b20-464f-b702-6109f86d8ece,4e06764d-9cf1-4cff-ad67-4c5e472fbff5.rna_seq.augmented_star_gene_counts.tsv,4.2,TCGA-EB-A3Y6,8b93bdb4-b64b-4940-a814-f5b3f5ae56cc
723a31d4-fae9-4311-90b4-e65b6dcaf434,ccfdc2a2-bb01-41c2-9ef1-98bbd1cfae22.rna_seq.augmented_star_gene_counts.tsv,4.2,TCGA-EE-A185,a01a350d-64be-4af3-91c3-7d681c3db11d
54d34d73-f640-4bba-9454-388b42f398af,be66e85c-d70d-4073-af6a-bcee51ef3240.rna_seq.augmented_star_gene_counts.tsv,4.2,TCGA-FS-A1ZM,9937259a-9d47-483c-8773-b3c60e02a653
134ebf9f-1250-47c1-9bca-f4e0e152d2ac,8828489a-e6fd-43ca-9232-e1b759d6edcf.rna_seq.augmented_star_gene_counts.tsv,4.2,TCGA-EE-A3JD,b8a1732f-c1cb-4a02-af4f-61b63d3d52df
2d189755-b948-46d2-92bc-51788453202c,526fa24c-bb8e-44e5-b5b1-2db9a1bbd935.rna_seq.augmented_star_gene_counts.tsv,4.2,TCGA-EB-A3XB,a9255dcb-b236-4777-ac43-555e3a5386c3
ccac6678-84f2-4719-a837-c6011133be2b,9bc1ce84-45e5-4c83-871c-02356d8311b9.rna_seq.augmented_star_gene_counts.tsv,4.2,TCGA-FS-A4FC,b5abfbd1-8f92-4ba3-8f2b-801fb600397a
374da7c9-c38e-40e7-98a3-99c0b632d89d,40b92a76-f324-4cdd-8209-517d021acd47.rna_seq.augmented_star_gene_counts.tsv,4.2,TCGA-D3-A8GI,beab616a-256e-48f3-a458-028897a6138c
7ae37987-5b2d-402f-b1f4-cb617c515793,06ef2350-1dd1-46e9-a1ac-8fc731a6abc7.rna_seq.augmented_star_gene_counts.tsv,4.2,TCGA-EB-A44Q,ca9f542c-fdac-4e58-8658-eca78e4fafca
30872d33-244d-4d66-817e-fb86e897e086,87dc0bab-b318-47ec-a9a3-819a7388e731.rna_seq.augmented_star_gene_counts.tsv,4.2,TCGA-EE-A3AC,c5476668-4b3f-47bb-9d67-488cef891243
a8046813-e06d-4044-99f5-794335d7dede,8da8aaa5-5059-4c87-a32b-8c99ebeeb52d.rna_seq.augmented_star_gene_counts.tsv,4.2,TCGA-EB-A97M,51f3321b-ed78-4bdd-aa75-7d632ef53df1
4baea7f2-ebc6-41bf-9d87-ee39b6114c03,ae30907a-a08a-44f3-b656-b0ba9729c8e7.rna_seq.augmented_star_gene_counts.tsv,4.2,TCGA-BF-A1PU,3dd5a206-d7f3-42f1-b9cc-4b31c76d495d
6d0cb26f-66c1-4a12-a378-57176b74fd94,e5361f4b-702f-4404-aa03-1cb37ea109b1.rna_seq.augmented_star_gene_counts.tsv,4.2,TCGA-EB-A3XC,5226b25f-e326-4884-af79-916e4bbb701f
bea60bf8-1f0d-40df-a4c5-cc7b91b1a26f,f20785b9-991d-4b87-8ba7-ca32373f1996.rna_seq.augmented_star_gene_counts.tsv,4.2,TCGA-D3-A8GV,3a71189d-aabd-475a-997c-b66cbc978e06
f522018b-3509-40a2-98ec-b0f9d8b92183,63f6d3e9-3f4b-44fa-8e48-980c70b7e4f1.rna_seq.augmented_star_gene_counts.tsv,4.2,TCGA-EE-A2A2,585a8d2e-cd09-4a61-b7c9-e8f70ce39e69
ee61c0af-a3c7-440d-998d-1e895853aa70,35c6ff25-753c-4ebe-bbe7-2e7105d052e8.rna_seq.augmented_star_gene_counts.tsv,4.2,TCGA-HR-A5NC,2c8d436c-4edb-4083-b23f-9a33307d5bb2
2ddc83c1-35f0-4060-95d5-dbfe479642f3,a9e8b311-dfde-4c34-80a2-5e64f94c596b.rna_seq.augmented_star_gene_counts.tsv,4.2,TCGA-BF-AAOX,2e0f7da5-9078-4c7f-b074-565246529a83
40c7d7fb-f6e0-4891-a941-88724b31666d,df6771b0-4b6c-4565-a2f1-4d919f8d68c9.rna_seq.augmented_star_gene_counts.tsv,4.2,TCGA-BF-AAP1,6783fb7d-f509-47c6-b39f-535a9026f6bc
3d67cbe2-5802-45ce-b224-772d665b3441,faffc96a-760c-405c-9bec-d2ec116b4a1d.rna_seq.augmented_star_gene_counts.tsv,4.2,TCGA-EE-A20F,70f52403-b4d0-4e77-96c5-68ce7265e312
c7fdb010-901f-4c54-989d-9199c79748f4,c0054cf0-8f4b-47b6-a8fc-63a1fd36bcc7.rna_seq.augmented_star_gene_counts.tsv,4.2,TCGA-EE-A182,714b4003-959a-47d5-8912-a250b90d7cd4
02213727-89b2-4d33-84cb-2cb1af63206e,06c948c5-b714-40b8-b4ce-814effef62c7.rna_seq.augmented_star_gene_counts.tsv,4.2,TCGA-BF-A5EO,8352cbb0-10e7-40bd-96f0-1e982ab4c07b
8675e889-8007-4020-a06b-1421b8bf1c20,fdb56994-5f12-4e78-bf53-e093049e4bb6.rna_seq.augmented_star_gene_counts.tsv,4.2,TCGA-D3-A1Q9,798074d3-0b84-4dd5-aa88-91feda9ac8c6
0e423b71-ba0b-4ae1-bf78-293a8f287570,525b66e0-235a-4bf5-bc46-eb022d630115.rna_seq.augmented_star_gene_counts.tsv,4.2,TCGA-EB-A299,90402c32-9548-432e-85b8-a4f80e14401e
2b378d98-f5d2-4f73-81b4-e201177e13a1,6b375859-116e-4a5e-b5b4-994a56cc9a75.rna_seq.augmented_star_gene_counts.tsv,4.2,TCGA-EE-A3AE,93a31e9f-6557-4f15-a49f-5dfea2c588b2
1e1397c5-ba22-4d9b-b39d-36158650fe9c,add96e53-1114-4364-979b-641665d16629.rna_seq.augmented_star_gene_counts.tsv,4.2,TCGA-BF-A5EP,888ef0fc-fc84-4afb-a369-695fee5ae4f6
4050fc40-52ea-413f-a38d-71ddf4c33413,27f76511-b825-41a5-a0b5-257c80223d8b.rna_seq.augmented_star_gene_counts.tsv,4.2,TCGA-W3-AA1V,9817ec15-605a-40db-b848-2199e5ccbb7b
a87e36d8-9cde-402c-9ed2-bd0e278c0ba6,733aa64f-0d61-4f6a-8353-0299d4678704.rna_seq.augmented_star_gene_counts.tsv,4.3,TCGA-FS-A1ZR,9f4dde50-fa0c-43bf-8d5d-70b76cc35793
6d7cf168-33c8-463d-83a1-9ba835e77086,62b39052-bdb9-4ba6-9eb0-f117480c98a8.rna_seq.augmented_star_gene_counts.tsv,4.2,TCGA-EE-A2GR,919dfc28-6b55-452e-884c-48cb86802ac2
9c5e5030-f082-4dc4-bd07-6b2f33134530,84ca3236-683a-40f6-b8a6-600ffd43a0da.rna_seq.augmented_star_gene_counts.tsv,4.2,TCGA-D3-A1Q1,8c54fcfd-999f-43c5-b31f-26d006f5fff3
1e7cfce7-21c7-477c-9494-7fdeba9a846d,3aa50a90-3e9b-4b72-aa81-7ea3bc7861a3.rna_seq.augmented_star_gene_counts.tsv,4.2,TCGA-EE-A2GS,880bb701-f1d3-4bf2-bfc8-143ad8d07b6a
9f3b4749-5931-40c9-8ad6-fd83cf810fc4,d7002469-704f-46bc-83db-679d5a0cd1e1.rna_seq.augmented_star_gene_counts.tsv,4.2,TCGA-IH-A3EA,a5930bc2-d0e4-454f-b60d-5dd1148d4669
3f635b2c-5deb-4ac1-966d-e5e859747f75,c52d39b7-3811-41e5-bdc8-9ed59632a903.rna_seq.augmented_star_gene_counts.tsv,4.2,TCGA-EE-A29G,8ee500d6-c7b3-46e9-86d0-933695934707
dd41a5ee-d4d1-4997-9c41-3998556ae1c8,8ad884fa-e426-4bc0-960d-08db42d341da.rna_seq.augmented_star_gene_counts.tsv,4.2,TCGA-DA-A960,931e39cd-b0c4-437f-b6c5-9358d74ea533
4f97f4d8-fc1c-4423-90de-a66470322787,a17b6971-a249-484a-805e-d20ef3c4cd15.rna_seq.augmented_star_gene_counts.tsv,4.2,TCGA-D9-A6EC,af915978-c5e1-4dd4-ab0e-d2be5ac0ae4f
3c0d074c-da2d-4c18-bb48-daf73f69c79c,7bc6961f-19df-4a54-a2d0-fb60e318cc10.rna_seq.augmented_star_gene_counts.tsv,4.2,TCGA-D3-A3BZ,c3d4caa5-eebc-4276-b1e1-ab9494867b10
06b204a2-957c-4378-bfce-d402b242aeb8,bd09bf00-3fb3-41fc-ae4d-4ac68a925a6b.rna_seq.augmented_star_gene_counts.tsv,4.2,TCGA-DA-A3F8,b6691e3c-ee3f-49a2-8bd4-2086413e5d8d
8ac25718-d0ae-414d-96fc-25b2e0ef92b7,cbe22cc2-8f24-447b-bd91-ae94ce780a7c.rna_seq.augmented_star_gene_counts.tsv,4.2,TCGA-EE-A3J3,b34e2ac6-0661-4f7c-97f5-f1f3b54aa0e4
9bbb8d76-226b-46b8-9adb-c8555826a0c3,c45ee30a-4699-4f7f-8820-3397f3915e35.rna_seq.augmented_star_gene_counts.tsv,4.2,TCGA-D9-A6EA,cfe787b3-8297-4318-987c-bfadd743d767
d3a51657-163d-488f-a7af-a2dc0caaf289,fd3ce752-3456-4aaf-bede-9cf5f0771b9d.rna_seq.augmented_star_gene_counts.tsv,4.2,TCGA-DA-A3F3,3582fb74-f43d-4fcd-8f22-bb1506fcff1c
94367955-d8ad-4a9e-9a31-e23055a1f474,3a2b80a5-6937-423a-92bf-9e25a0b23c5b.rna_seq.augmented_star_gene_counts.tsv,4.2,TCGA-3N-A9WC,551e071a-c290-4b48-9000-f64c2a44dfb7
d8f5a75c-8552-4c83-baf2-ca58f4973cfc,e3b31cde-eb1f-4977-86d3-984f3c5970a0.rna_seq.augmented_star_gene_counts.tsv,4.2,TCGA-D9-A3Z3,56ee81ed-242a-48ca-92a8-49973469a697
09476743-9115-4f1c-b597-61101b38f56e,289b3dee-bd46-4286-8e7b-86ffb573d37e.rna_seq.augmented_star_gene_counts.tsv,4.2,TCGA-D3-A8GS,588a48f7-947c-463e-8991-9a4ee82683aa
1c810802-db48-4188-8a71-460bd154cf6f,73370088-0b52-429b-957c-fd02d71f864d.rna_seq.augmented_star_gene_counts.tsv,4.2,TCGA-3N-A9WB,5564e6a7-2195-4b0d-994e-b0617b58e889
da78e095-a01f-481a-98b3-93e559407a89,de5a4588-05ec-461f-9235-90611b01f4b6.rna_seq.augmented_star_gene_counts.tsv,4.2,TCGA-EE-A2M6,58f0ae89-e277-4dff-bb73-777cdf602dc7
673afa25-50d5-4f38-a233-81b3fe14d7ac,2b17db8f-c184-498d-9a10-c6d8a5061206.rna_seq.augmented_star_gene_counts.tsv,4.2,TCGA-EE-A3J4,40005536-5325-4063-929d-0917726607cb
322086e7-d452-48ed-8ee6-3dfc62dcfecd,aad89bba-d9dc-4a93-8e77-26f2c1ba1c3f.rna_seq.augmented_star_gene_counts.tsv,4.2,TCGA-EB-A5UM,667d5c5e-abc0-4fb8-b6c4-739f7cb3f0fe
3fe22d67-6af5-4778-945b-3ce2607277f7,4a73aaff-d7fa-40d2-92f8-c9539055d35c.rna_seq.augmented_star_gene_counts.tsv,4.2,TCGA-EB-A6QY,82e85ac9-8e3e-4c2e-ae0b-a32ceeb8115d
c73fd616-bad9-42d1-8848-8ca51ddbedfe,9bce9dcb-5676-48d8-8a62-e45d4f297994.rna_seq.augmented_star_gene_counts.tsv,4.2,TCGA-EB-A82B,78f3d4db-a1ff-4ea2-aaa0-cbf0278b915e
32dab809-4c81-439d-8bd6-e41b52dfbfd5,ae8e545c-f6ab-40e2-8122-162eab4b2724.rna_seq.augmented_star_gene_counts.tsv,4.2,TCGA-D3-A8GK,6ec931e1-7a6f-47a8-8b30-f37271a50881
e9e1421b-3a11-4854-a151-4724ab17a193,02aa4891-0590-4a2f-bbd1-da2c88cc1508.rna_seq.augmented_star_gene_counts.tsv,4.2,TCGA-D3-A3CE,730f7400-e94a-4f41-b081-5227fa1a9c18
eb5e89cf-e731-4e82-acab-bc11f4ae7855,6dfa8fc5-ebbc-4e1d-865f-d9026eebd62d.rna_seq.augmented_star_gene_counts.tsv,4.2,TCGA-EB-A6QZ,800f3039-97e0-441e-8292-4ccf1bb4797a
3fdc53df-b3b6-4ec0-a62c-f3d4bd333bcf,f354d13d-89ec-4ed6-821d-df3ab230fc91.rna_seq.augmented_star_gene_counts.tsv,4.2,TCGA-EB-A431,96fc529a-6ad3-456f-a41a-63238ecbb9c4
3711f2fe-3ac6-4b64-932d-f1ef3f9f1bbe,fea785bb-de96-4411-8bf4-a7d254af9ff9.rna_seq.augmented_star_gene_counts.tsv,4.2,TCGA-D9-A1JW,9a903fc2-57d7-4a02-94e7-9b9b7ee99276
294e1d82-6193-4b6a-bf9c-7e5c874de5b4,c3cd581e-ebce-4eff-8bda-63903805d617.rna_seq.augmented_star_gene_counts.tsv,4.2,TCGA-FS-A4F5,87dc5c05-3121-46bf-adba-061f45cecf27
44c7be22-d4e7-41a4-b228-a492a3c5394c,23849071-df2e-4421-b91d-90f66ec2c162.rna_seq.augmented_star_gene_counts.tsv,4.2,TCGA-WE-AAA4,99706ad3-5cf4-45f8-815e-51e78f2e9f79
777e9c26-4dea-403b-9e88-99f367e5ce56,236350e9-8964-42ae-8880-d2f2281ff993.rna_seq.augmented_star_gene_counts.tsv,4.2,TCGA-EE-A29L,a6c0bfce-0adb-4dd0-bbe7-3f9e7dcdf7bf
469bc8df-9a94-484e-9844-ffe6b89ee2c0,97591eeb-89dc-4b70-92d4-2bb70d263098.rna_seq.augmented_star_gene_counts.tsv,4.2,TCGA-GF-A769,af852862-f01e-4ddd-82c6-9781c93ef20b
af9653fc-f863-4e78-92a8-4ec683d44461,8bcf201b-a2ac-4026-ace4-39a0d915da41.rna_seq.augmented_star_gene_counts.tsv,4.2,TCGA-3N-A9WD,a29a20e3-5c2c-4f37-b93e-ae9ebc46ec53
d197dca9-78f1-4675-a2cf-7509b3b100b9,f0e20c4e-ac0b-45e1-a53b-2de9a19843b1.rna_seq.augmented_star_gene_counts.tsv,4.2,TCGA-EE-A2GJ,a5286cd0-403a-421b-ab58-11e250740b00
6f7f6a7c-94a4-4a30-b768-b8d23d1d9b7f,271ce4d2-844f-4515-be45-10712b3685c5.rna_seq.augmented_star_gene_counts.tsv,4.2,TCGA-WE-A8ZO,b6750b08-c59d-49b9-8c08-a19e17cb366f
018cdbc8-5259-4cf6-9ffc-45d1bf9982d2,f8676f25-4b49-44b3-b953-c457c3be5a3b.rna_seq.augmented_star_gene_counts.tsv,4.2,TCGA-WE-A8ZT,5a4d93c3-8116-4555-b19d-d7acd4b4eeed
c20877dc-eb5e-41b9-a395-5bb629344e38,3c5fe4dc-8606-4615-994f-c41861f08f5a.rna_seq.augmented_star_gene_counts.tsv,4.2,TCGA-EB-A551,63db0da6-f451-436f-9b1c-211b55947770
2f4ee6db-303e-40b6-9bf1-6aa168fd2f51,09c2c2d4-0d2f-488e-b42e-9c4756a27940.rna_seq.augmented_star_gene_counts.tsv,4.2,TCGA-WE-A8ZY,5f39db5b-e5c6-4b7c-acbc-a7c73b556829
a6bab58d-25a3-44ee-82a4-6ae69e393168,efe57fc7-7cf4-432b-86ff-9fd2d1a37b5e.rna_seq.augmented_star_gene_counts.tsv,4.2,TCGA-DA-A1I1,6993bc23-cd58-4761-bb77-3a3dcc2f7a1b
20b7751f-9977-409e-a59e-1db15810eb04,7645a3b1-639d-4677-8bcf-c16df24fcc2b.rna_seq.augmented_star_gene_counts.tsv,4.2,TCGA-EB-A3XD,6fe664cc-e66b-4abf-a7d2-08bb4ce8eba3
7b9c0df7-dd10-4c76-b5c7-c1b0eaa4aa7d,2c1c1b9c-180d-44af-b62a-ca9d83ae993f.rna_seq.augmented_star_gene_counts.tsv,4.2,TCGA-GN-A26A,5bc515c8-7727-4d69-98e9-31bbcb748550
a81c1b8a-daf7-4a54-ad50-ece64777d51b,f4513bf5-e339-47a4-95c8-d331333794db.rna_seq.augmented_star_gene_counts.tsv,4.2,TCGA-EE-A183,5bdadeb6-a1fb-477d-877b-034bfd52294e
a15bfa8a-ade0-4167-8cd4-5a860a5c4f9d,70b9dbcc-882d-4c90-a286-c94169e1d418.rna_seq.augmented_star_gene_counts.tsv,4.2,TCGA-GN-A264,76cc1d42-acec-46b3-9663-5e4de2550353
720e1e69-184a-4b7e-bba0-8d4fbc1adaf3,de19e3c1-3508-4c13-b2cf-7079ee934a55.rna_seq.augmented_star_gene_counts.tsv,4.2,TCGA-YD-A89C,7b617d72-ae16-4829-a1d9-274d1d30617f
1e47e2ed-59c1-4f38-898c-3f29b851247f,4fc05c1a-63b9-415b-ad42-68b013e21b21.rna_seq.augmented_star_gene_counts.tsv,4.2,TCGA-BF-AAP4,727a7579-bd82-4141-973f-794424f4d111
3031ed04-095b-41cb-a717-1360d04a898b,0e8bcafe-b201-4c66-8a0b-d89a4fd7c7ae.rna_seq.augmented_star_gene_counts.tsv,4.2,TCGA-XV-AAZW,7436a28f-01a3-4148-b38e-63c57b5d86c4
9a733e63-6340-4ac2-ba6d-84f52135a057,9eec558d-cc8f-4816-80a5-b6aac4cbb94e.rna_seq.augmented_star_gene_counts.tsv,4.2,TCGA-FS-A1Z4,8465257b-7212-44a3-bd9f-1f7d017499ad
ab989339-de30-48b5-b30d-5d23123aaaee,482876d9-a6fb-4642-acbc-c3e45880e576.rna_seq.augmented_star_gene_counts.tsv,4.2,TCGA-EE-A29B,905ea29f-588a-497b-9f06-2eef3bdc9442
5083314d-3a90-4be6-a0a6-a63630e235ab,0f055e01-74ea-4e11-8e8f-8c22b3048875.rna_seq.augmented_star_gene_counts.tsv,4.3,TCGA-EE-A2GL,9c0240d6-8b75-41ae-8fe8-269831fd1e41
54885644-d9f0-4278-bc7c-40e42bcd28e1,becdc4f8-3eee-4085-9046-31c7a059adff.rna_seq.augmented_star_gene_counts.tsv,4.2,TCGA-WE-A8K1,a25b293b-e019-4890-b44d-bec4dedf46fb
0c94b1ef-6f1b-4701-b524-e0aefc49bb31,60644345-255f-4313-b2b1-ea76f686146e.rna_seq.augmented_star_gene_counts.tsv,4.2,TCGA-EB-A44N,9e5a0b7e-9682-4f29-8e4a-7af968ca93fc
a0bbd6e3-9296-452c-9012-86aeccf66e32,57583139-d2d3-4b97-a616-aa96058d4682.rna_seq.augmented_star_gene_counts.tsv,4.2,TCGA-EB-A3HV,b53cf25c-929c-4f1a-870e-13f260c5cf7d
918d78c9-e35a-4eaf-ae1a-29d7696a9df3,956f6e0c-42d0-4892-848e-fd165e9ac12b.rna_seq.augmented_star_gene_counts.tsv,4.2,TCGA-EE-A2MH,bd2345ed-33b8-4010-8479-4d6c67e29561
1117dfdc-a2e5-4d59-940a-2465da7fc914,2835bce2-bf08-41a7-98b4-f488159b2685.rna_seq.augmented_star_gene_counts.tsv,4.2,TCGA-D3-A5GL,9e5b6bee-0e10-4559-8d0e-2dc9677cc90c
dd88fe86-216c-431a-9ef5-4076cf879caf,c353cc16-2e98-48ac-8416-49f1532466f7.rna_seq.augmented_star_gene_counts.tsv,4.2,TCGA-EE-A3AA,aa55097f-4fd6-45e7-a394-f4122ceafc51
4c5d65b1-0e25-4c82-9008-6ff9edabdc7b,040cf8cf-7b9d-4873-a51d-ba13bba4201a.rna_seq.augmented_star_gene_counts.tsv,4.2,TCGA-EE-A2M5,b5e37b9b-6264-4cc8-9b44-1d8ac0692d6c
fb3fc884-12f8-4634-8439-6d306fb59aff,ca188ec2-4185-4871-b71b-d024a37e5654.rna_seq.augmented_star_gene_counts.tsv,4.2,TCGA-XV-AAZY,b2fbea07-eede-4ab1-994a-da26583a5106
d560a960-803c-4d1a-a404-d094f9faa44a,f26d1599-6e75-4c0d-8b40-c7e45fe9da76.rna_seq.augmented_star_gene_counts.tsv,4.2,TCGA-EE-A3JE,acd3deaf-39df-4996-b6ce-2b295b9315a1
6af765aa-3805-416d-9688-ba5d24d1b03a,60c210ff-d245-40d2-9de9-7b799cc3ffc9.rna_seq.augmented_star_gene_counts.tsv,4.2,TCGA-EB-A3XE,caaf50a4-13b5-4003-b52f-e5f9780f9f94
d545f5a5-90d2-4366-b302-0ff76f3d6c26,5ed0377f-26aa-4b4c-bb59-03001895aecd.rna_seq.augmented_star_gene_counts.tsv,4.2,TCGA-D3-A1QB,c59a5615-2dd1-4902-a62b-0e312eab5484
32d77f7f-9757-41a0-96c3-bccd4d1fb30e,853ba3ed-7943-46df-9405-c19f0b01e8f6.rna_seq.augmented_star_gene_counts.tsv,4.2,TCGA-GN-A26D,b6b51b28-bdee-4fe6-a3f3-7b128e16721c
df2a1203-891b-4b47-99c5-01a2fe3cfe66,5ab66d03-c324-4ec2-b3bb-7970c121a7f5.rna_seq.augmented_star_gene_counts.tsv,4.2,TCGA-BF-AAP6,a5ab4498-8721-40ea-8ee4-fc1a6d05721d
bb000b50-39bf-4a3c-9892-c7be9cc3c363,d31b7542-ab53-4c4f-b070-0c50bb195d1c.rna_seq.augmented_star_gene_counts.tsv,4.2,TCGA-GF-A6C8,11463605-7086-48f4-b9bd-027715071880
cfd69a9f-0e5b-4710-9f4c-e2c635aa052e,79cf2255-57c7-4f54-8f0b-1e0f4a8cc8b5.rna_seq.augmented_star_gene_counts.tsv,4.2,TCGA-EE-A29T,9b99ffee-fe9f-4be5-a00a-ef86627282a4
c41e26bd-086f-446f-9dd3-fccdb704218c,32a88c36-6b9a-483f-ad00-bf899ae279ba.rna_seq.augmented_star_gene_counts.tsv,4.2,TCGA-ER-A19E,3fea3f02-2db3-44e0-984e-c61130d92c9b
d6af61bb-5401-40d5-9d7b-8773702e06d0,5231481f-3568-46e3-aa4d-cbd9c4e95383.rna_seq.augmented_star_gene_counts.tsv,4.2,TCGA-WE-A8JZ,71115011-ff31-45a1-9949-dd69a51cac2a
6d49ec40-9d38-4e6e-a23e-9820dbaf0740,94b2af92-0cfc-40b2-977d-6bd0fa4440d9.rna_seq.augmented_star_gene_counts.tsv,4.2,TCGA-FR-A7UA,e3905d75-9d0a-4981-ab42-83ce2c20c4ea
483671c4-84fe-4a28-8259-bb486f398a5b,486430aa-f745-4353-9e03-6226ac8d9993.rna_seq.augmented_star_gene_counts.tsv,4.2,TCGA-DA-A95Y,40a4b549-09a4-4621-9715-e44d4b9d1198
e9756382-11dd-4218-a76f-29609fd85e19,c2d0d36b-83b0-4a2b-a5d7-6567bf5aa557.rna_seq.augmented_star_gene_counts.tsv,4.2,TCGA-D3-A2JH,3a27966b-2c4c-402f-b71b-df7925c36a7c
bbc13cd0-5837-499b-b819-a8e77a04f4cd,773b41d4-8c43-4777-99b8-190c7e7793e0.rna_seq.augmented_star_gene_counts.tsv,4.2,TCGA-WE-AA9Y,122f855b-f3b8-440b-bf9b-e24e1d3db867
ca2e3afb-057d-4b8c-b73d-003fa45af981,41b25e1d-b18b-427f-906c-b16f29056775.rna_seq.augmented_star_gene_counts.tsv,4.2,TCGA-ER-A1A1,1251acee-ceb4-4530-ba5b-4d163fcab8d2
75dce2b2-d301-4e8a-ae5a-b9065275e492,d00dcdf0-3e98-41c5-9978-7a0ffceefa6c.rna_seq.augmented_star_gene_counts.tsv,4.2,TCGA-EE-A2MU,0dcd7af7-ea83-4131-821d-a17943919c1a
cd2830dc-6445-47c5-bdb2-fe52a36450c4,15d39440-6bb8-4ecb-add1-9ae8b007dc70.rna_seq.augmented_star_gene_counts.tsv,4.2,TCGA-D3-A8GL,14407399-b1f0-46bf-9179-8bf11c39d919
e8ea5496-aa18-4d25-8673-8acd272bd2c4,1f57edd1-3bc9-4eaf-8045-8984d5c7f148.rna_seq.augmented_star_gene_counts.tsv,4.2,TCGA-DA-A1HV,210726bd-db19-48ae-9a3d-e6ac44480e85
f5cb8623-1932-48a9-b2d3-e769b76a6f9a,7cebd572-2edd-4351-b59e-fb4417a46b9c.rna_seq.augmented_star_gene_counts.tsv,4.2,TCGA-EB-A4OZ,236ef9ca-9362-44f3-a36b-2a19509bab9d
9d620b36-099d-4844-a62d-2ac97a41f481,3f4020bf-9f9a-479d-b3af-883c5875d84e.rna_seq.augmented_star_gene_counts.tsv,4.2,TCGA-GF-A2C7,285d8e2c-f183-49d5-bc1c-fd47c6670acc
545e47c0-281d-4a8e-9dc7-bb783516667e,b9cd3900-965a-4cc4-8867-b416407d5c30.rna_seq.augmented_star_gene_counts.tsv,4.2,TCGA-D3-A8GC,1e3bc429-50eb-4087-b39a-6d92f03412f7
70fd4072-7a4e-4613-b528-2f31753a72c9,98e49cc4-1040-4291-b975-da3e8fc3ddfc.rna_seq.augmented_star_gene_counts.tsv,4.3,TCGA-D3-A2J9,e9e615a1-9323-49d3-904c-fcf4887fea61
c2bce9e5-73ee-43fd-bd95-ac606ac71183,3d89c16f-8045-4861-a82c-9f4624292284.rna_seq.augmented_star_gene_counts.tsv,4.2,TCGA-FR-A728,ea6337b3-3b5e-489e-ae2f-2908447f6300
8f2c4b4e-db26-4c8d-b226-2062bcb7f6a5,1c7309b2-91f0-4305-aad7-f86c0d143559.rna_seq.augmented_star_gene_counts.tsv,4.2,TCGA-EB-A42Y,ef7bc188-6aec-467e-801a-ab2109a28104
1e0103aa-b6ee-46a6-bca0-3742d69bbf34,8ef24f8e-03c4-4db0-a136-7381346e9836.rna_seq.augmented_star_gene_counts.tsv,4.2,TCGA-RP-A690,c7ecf63a-a412-43e6-805e-e9f49d7dfe6b
6a15d826-5616-43ab-87ff-a9a193d0c155,959c268c-637f-4f39-a254-a505c57e8448.rna_seq.augmented_star_gene_counts.tsv,4.2,TCGA-D9-A1X3,f0744fa2-db4a-40de-9fd2-f61863fd98d4
f7a5f579-285d-4b00-a557-127fae791e35,9ca1da07-df79-4bbf-be81-0ef9de95ab0c.rna_seq.augmented_star_gene_counts.tsv,4.2,TCGA-EE-A3AG,f09f3062-f904-4aff-9cd6-38eed201e652
9baec627-bdef-4d0c-8d55-84397e2d35ce,dc3154b7-6ae4-446a-8a80-91a86c57cefe.rna_seq.augmented_star_gene_counts.tsv,4.2,TCGA-WE-A8ZN,f311877d-021a-423b-a6f5-e574c9a3ca7c
a52ad41c-475e-41fb-a6f6-c3bc0caaed03,247323b2-dc45-427e-bc41-c33f2fbbe77b.rna_seq.augmented_star_gene_counts.tsv,4.2,TCGA-GF-A3OT,f94ae8f2-d555-4c2a-97b0-dbe7d642c566
85ab5d1a-630e-4984-a657-c56a34356aa2,1268327c-805e-4f52-b9ab-451f17e3d129.rna_seq.augmented_star_gene_counts.tsv,4.2,TCGA-ER-A19K,f9e36bc2-484f-48e8-82ba-99026957277a
3d0de176-c9db-474a-baf2-bc6405236fed,60e8eebe-9770-4db0-9892-d1100114c923.rna_seq.augmented_star_gene_counts.tsv,4.2,TCGA-D9-A4Z2,fdbbdbf8-cf2e-4550-9727-b023aed9b8d9
5f2c407c-a2f3-4542-a8e2-6a46de8f42a4,966a66a2-8aac-41e8-8007-88fd92d2e8e8.rna_seq.augmented_star_gene_counts.tsv,4.2,TCGA-QB-A6FS,d7207811-3f9a-48ac-ab9b-3e8af1b1d9f2
4c02a1c5-5305-4a42-8a5f-b29767cd7497,65567450-e04a-4251-9939-8d2545077236.rna_seq.augmented_star_gene_counts.tsv,4.2,TCGA-D3-A1QA,fbee9fe7-8bed-41a6-bcfe-de9f1bc80d01
733d38f8-4099-4b12-aeca-dcd85f334ff3,412859bb-8b2a-44bf-b3b2-6acd30986067.rna_seq.augmented_star_gene_counts.tsv,4.2,TCGA-D3-A3C3,fc59cc57-ca7a-4de3-bd13-2e283716a243
8ba83836-6f6a-474d-945e-8240f175fc09,dd75267f-824e-4ddc-9056-cdf0f500d39b.rna_seq.augmented_star_gene_counts.tsv,4.2,TCGA-EE-A17Z,d84d9c7b-b464-4ea1-8c39-9c929bb34c08
4ea0a9ff-df73-4a24-b9a9-8f7f561c28c4,bb6e957d-5069-447e-95f0-5fcac2c5e744.rna_seq.augmented_star_gene_counts.tsv,4.2,TCGA-ER-A19J,ce28f65d-4ae8-4e63-815f-5b8d4389e092
8b0a21bd-dc4e-4831-b735-9872dbff13d6,21e5a870-f00c-4bb9-a1bf-66291ab0d80a.rna_seq.augmented_star_gene_counts.tsv,4.3,TCGA-YD-A9TA,ceb45393-54ee-4801-8c6f-c0aa66e37e60
6e9538f8-598a-489e-b26b-637ec5efb830,c0693cea-de7a-4490-a0a4-7aabbb54bd8e.rna_seq.augmented_star_gene_counts.tsv,4.2,TCGA-EB-A550,c757c326-6803-4451-a2d3-4368812855a7
47d99511-66e7-4462-ba0e-b399efdc7dba,f7ddd671-b2ba-4952-918b-07ae0ea84263.rna_seq.augmented_star_gene_counts.tsv,4.2,TCGA-D9-A6EG,c77e1eef-ec9a-42ea-96cc-70aa437a00e6
f0bf8174-6862-4ef6-963e-b06a8df88c1d,e2ac493b-9157-4756-8949-edf4b7f334cd.rna_seq.augmented_star_gene_counts.tsv,4.2,TCGA-EB-A42Z,eea5ea8b-6579-44c2-a205-47befe82ee9f
a20d9e3d-4b44-4843-8387-b75b20ba47a5,c6e243ee-b2d9-408e-ac05-ccbcffa805ab.rna_seq.augmented_star_gene_counts.tsv,4.2,TCGA-EB-A44O,c787c4da-c564-44f1-89eb-dd9da107acb1
9eea238f-8581-462a-bbba-18d5fbe2ad29,a7e776a3-4159-4cf7-8e05-2c2202330f58.rna_seq.augmented_star_gene_counts.tsv,4.2,TCGA-FR-A2OS,f1a69042-8347-45c1-b925-8526a8443b86
02e637c0-a367-4b3c-a2d1-e9ff3297a4fd,7ca9c52f-2d6e-4868-b4e8-9dd7937f6b2b.rna_seq.augmented_star_gene_counts.tsv,4.2,TCGA-EE-A29P,fd1a49f2-fb3b-481d-888e-f4224d59f6d1
5a02f129-6918-4628-a87b-31a0d4d7e40a,897de94a-21ad-4ec5-b50b-1a84370f41a0.rna_seq.augmented_star_gene_counts.tsv,4.2,TCGA-GN-A26C,fa099993-ef30-4eff-a8fb-aa41b5ea671a
414cae71-40b6-4833-95be-0e36746becb8,09552358-6d23-4990-858e-908ee5a132f6.rna_seq.augmented_star_gene_counts.tsv,4.2,TCGA-EE-A20B,f632effd-be12-41ab-8e4f-2a5f38af8bae
afdc80d5-1388-4a92-9807-5575a0209e91,0b5850f2-648a-4dad-a48d-82150c12acb4.rna_seq.augmented_star_gene_counts.tsv,4.2,TCGA-FR-A8YC,d781260c-f969-456e-bf16-044dc5b181a4
d2bdd151-17ab-4061-9b56-acb12a4ad065,e3d71c3f-4e56-45fa-be88-2cf444b70a5c.rna_seq.augmented_star_gene_counts.tsv,4.2,TCGA-WE-A8ZM,f8e01148-6fc7-4451-b24a-f3510cd24f9d
0c8bffdc-844f-44b4-bdcc-77f2f3438f97,5b6bd2fd-de8e-4d58-9b38-c3b2bf2ed418.rna_seq.augmented_star_gene_counts.tsv,4.2,TCGA-BF-A3DN,d7e86c99-a716-48b8-b067-e73d68b14dee
fac8149c-e53b-40c5-bf87-2324156a18f7,b98a06c6-3b43-4749-98cf-b28f4ba06845.rna_seq.augmented_star_gene_counts.tsv,4.2,TCGA-EB-A24D,d7ee2693-39a8-4e3a-b6f6-e4729800e34e
54eb3fd8-625f-4fa8-8d93-bba58a02f37e,eb5f1a1d-7abc-4a8d-ae7f-eade4dd13f40.rna_seq.augmented_star_gene_counts.tsv,4.2,TCGA-EE-A29C,fc5b5d2f-0d03-45c2-b7a0-ba6ec108fe51
a71586bc-96e5-40ac-bfb8-facc232009fd,44f9e45d-d779-4865-8f10-d085d5d25447.rna_seq.augmented_star_gene_counts.tsv,4.2,TCGA-D3-A2JK,d7f251c3-8312-47d8-a9cc-2917d2284cc3
0e1a1325-890d-4170-91fa-c53d4b8065e6,7153b1ef-41b9-4b43-a766-0910291502dd.rna_seq.augmented_star_gene_counts.tsv,4.2,TCGA-EB-A5VU,b6ee9305-c935-4692-81f3-956956d5b4c4
2b9aca13-857c-4aca-ae39-61d02c7e5924,2bd9ef82-12dc-4dcb-8a2c-c58cdf463116.rna_seq.augmented_star_gene_counts.tsv,4.2,TCGA-FR-A69P,ccf8809a-cdfd-46f7-b607-001b8b91c1a4
e57a50e9-60d5-4dd8-a379-2b473995356d,7688db2f-f816-443c-98d8-f8077ba0e74f.rna_seq.augmented_star_gene_counts.tsv,4.2,TCGA-D9-A1JX,f505058f-74f2-4476-887f-06590a605980
a6270c4d-f101-4404-852d-1bdd3785fbeb,28541e4e-2e2b-4772-9566-acf35b31a581.rna_seq.augmented_star_gene_counts.tsv,4.2,TCGA-FS-A1ZG,f52ae9f4-8a61-4ff2-9c24-23f4048d3da6
08858805-ac7c-4ab9-9df3-a1f99f85a279,eb84c7b1-da0d-48cb-ba8b-0c1f2b3df4cd.rna_seq.augmented_star_gene_counts.tsv,4.2,TCGA-FR-A729,f55914f3-f19a-4d93-b368-554ec1a9cf40
94f73ca7-d3e5-412f-ad44-00256eb80065,6dfa748c-af43-469f-a98b-8472a4132739.rna_seq.augmented_star_gene_counts.tsv,4.2,TCGA-EE-A2ME,d70e0d27-7f27-4807-a36e-9fb7b00f0a70
7b5b2b7a-8b22-4e41-9faa-ffa3c7fa727b,9bca5326-6bb0-42ec-9f36-7ca085721397.rna_seq.augmented_star_gene_counts.tsv,4.2,TCGA-WE-AAA3,cf409c7c-ff82-4529-bda4-554310843bc5
d0571992-9837-4f26-ba4c-346e59dff792,13e18e29-9f8a-4bd4-9a5d-e6c30668d07a.rna_seq.augmented_star_gene_counts.tsv,4.2,TCGA-EB-A3Y7,cf97d5ff-1cb7-434e-9ca8-c396cf960e5a
0ffda990-2112-4d7e-9d9e-e002b2e0ffd5,39632b4c-bc6d-449f-82c7-56dfe6766791.rna_seq.augmented_star_gene_counts.tsv,4.2,TCGA-D3-A8GO,d0680568-bbb3-4561-9e4b-08fe2a4832cb
a1274594-3ca8-424f-b1a6-26d4a6a353dd,79e77cb6-d567-4e9b-99df-e38e6e05d72e.rna_seq.augmented_star_gene_counts.tsv,4.2,TCGA-EB-A430,d0c3a83d-a1bf-4e9a-a610-2fb4370f2891
3abfe4ef-13cd-49ce-a893-dd971755528f,b0be4742-ccb7-48e2-b756-0c384321114e.rna_seq.augmented_star_gene_counts.tsv,4.2,TCGA-EE-A29W,d2372037-5eea-4f98-bd72-551218e83779
5660d9c5-d7e8-4ee9-a385-17d5d5666c76,35f68daa-0cea-40de-99b8-446d9e9784c8.rna_seq.augmented_star_gene_counts.tsv,4.2,TCGA-DA-A95X,d241a660-1c84-44fa-a6b3-ec9284333bd2
3307cc3b-99b9-4a48-82ed-a57f3ac67229,2617d866-0750-4a93-a533-5e15b536bfa9.rna_seq.augmented_star_gene_counts.tsv,4.2,TCGA-EE-A2MD,d28b2d64-2399-4ce1-9c9a-7538dabab862
79a169b1-5739-440d-8ade-2b6f7268c192,cf2834ac-00ed-4372-be25-042f38241196.rna_seq.augmented_star_gene_counts.tsv,4.2,TCGA-EB-A41B,d56a707b-dbf5-481d-9d93-1e23a854a684
5004071e-c48a-4c31-b78b-6619620e461d,83227973-9c84-4ee2-b567-5fd59ef885fa.rna_seq.augmented_star_gene_counts.tsv,4.2,TCGA-EB-A5UN,d6276407-52a3-4f0c-8332-1b3477f6d2fc
0887daa5-30a3-4701-8f6b-b0ff87ae2035,3e94d9d5-8c59-4366-babb-193bdc57d661.rna_seq.augmented_star_gene_counts.tsv,4.2,TCGA-DA-A3F5,d8eac750-9daf-4465-b672-9e31fd369057
3a2454a3-042d-45cc-85c5-559bf19c67ca,16edbdd6-190c-4051-a957-4c048aa7ed2e.rna_seq.augmented_star_gene_counts.tsv,4.2,TCGA-D3-A2JC,db239624-3dba-48bb-9889-f479dc2ba046
90cb69cb-502b-429e-be32-6378cb5d1bee,102d912c-5882-4ae4-9eaf-cbd2f55f66af.rna_seq.augmented_star_gene_counts.tsv,4.2,TCGA-D3-A8GE,dcc005ba-f8c9-4845-bf08-0dbabe291c9a
156d125e-470e-45e5-9d45-73392a8ab1e3,6d7694d5-8582-466f-8072-df47dc10d780.rna_seq.augmented_star_gene_counts.tsv,4.2,TCGA-D3-A2JB,dceb4909-cb3e-4aa5-8ff6-23d27b39aca3
60b9da6a-d9d4-42c2-b2dc-6d8242cf1567,b6a7e87e-2674-4a48-a3c2-c8a9806762b5.rna_seq.augmented_star_gene_counts.tsv,4.2,TCGA-EB-A4P0,debd7156-8b97-4bdf-9dd9-7e469277d252
4cfd30a2-f8cf-47d9-aab0-65d68ffdff57,957a7228-3558-48fd-81d9-13f951e0b597.rna_seq.augmented_star_gene_counts.tsv,4.2,TCGA-D3-A1Q7,df6303cd-ffb5-422f-9865-b09029a6d54f
5f4ae66f-50bc-4a2e-b559-eedf7f6c825b,427e0060-e33b-4ca8-83d8-1dd51a82a267.rna_seq.augmented_star_gene_counts.tsv,4.2,TCGA-DA-A1I7,dfe8baa8-1c2c-4c36-92c9-61548cebec19
78bc8a71-9cde-4a7b-bb58-233985dea6fa,0143a79a-bac2-47c7-b65d-7e472b2b72ab.rna_seq.augmented_star_gene_counts.tsv,4.2,TCGA-BF-AAOU,dfe9d2bd-2317-4103-b493-41c5469e08a0
05ba6463-6a5d-4281-aea4-84bf76bb65aa,2c2c7f46-2271-42fb-9857-05de4bc0aee6.rna_seq.augmented_star_gene_counts.tsv,4.3,TCGA-ER-A19H,e11a109d-31cb-40f7-aa17-50797b287a4f
080d3a20-1685-4a9a-904a-749a9d92da0c,88c46445-0117-4051-829d-202a13d08fe5.rna_seq.augmented_star_gene_counts.tsv,4.2,TCGA-ER-A199,e218fc54-1139-4944-82e2-742839e5553a
fba37a4a-c965-469e-bf24-d8332c22164b,88652d2f-b913-41e8-bd7c-c40967e94d5f.rna_seq.augmented_star_gene_counts.tsv,4.2,TCGA-DA-A1I5,e2271488-1a7d-4733-a1ea-38bbaeb97b4c
d4330cf6-e37d-4761-89d0-0fd985615aae,877f3bcc-97ea-4b0e-9f61-98a9eaedd952.rna_seq.augmented_star_gene_counts.tsv,4.3,TCGA-EE-A2GB,e58bed18-503c-4182-bcf3-5af6f20e1b8a
505dd750-d263-4990-a6a8-9ebfe6be5f44,54f66d7c-b022-4df2-830d-48d55791c80e.rna_seq.augmented_star_gene_counts.tsv,4.2,TCGA-D3-A51K,e63a9717-7851-4706-951a-dc0b87c45edf
8b544cdb-6076-40ba-bbdb-37635e19be83,cf9ea065-c101-48e2-a1ea-54eb01658eef.rna_seq.augmented_star_gene_counts.tsv,4.2,TCGA-EE-A2MG,e653f888-37cf-41d5-a1cf-45397c90b31d
917d082a-07d4-4bb3-9865-ffc96a751ee2,ee3e7969-ff2a-4b27-8f15-6cb46eed7c61.rna_seq.augmented_star_gene_counts.tsv,4.2,TCGA-D3-A1Q4,e85c07ed-51ef-4c91-8431-0dc738d9ccc6
4a836377-512e-4b2c-96c3-ac3906985de0,399e5b76-1d8d-4db9-a186-ffdc2f6e0884.rna_seq.augmented_star_gene_counts.tsv,4.2,TCGA-WE-A8K4,e865b9be-ca10-4805-9634-2f35ad18b63e
a0eda3dd-6d74-45c9-bf21-f4dafbc0c71f,b734ed82-e267-4070-9a8f-190cbbd78766.rna_seq.augmented_star_gene_counts.tsv,4.2,TCGA-D3-A2JP,e9a42a85-9513-41b2-a71d-6d62f70b00e4
133f2c18-5ad4-4c39-ba24-fe9b9e7dfe53,47c0b7df-a564-4e71-8d90-ba07bac40f59.rna_seq.augmented_star_gene_counts.tsv,4.2,TCGA-EE-A2MQ,c127ffb6-2ccf-4e90-b811-0aa40ebfab17
697cf437-ef38-4203-af4f-b36ec2c81493,f0f41799-29e8-43f9-b357-722df163e963.rna_seq.augmented_star_gene_counts.tsv,4.2,TCGA-BF-A3DL,e9f0f030-d9aa-47c8-9f4d-a9ce58888c41
54ddc3db-a7e7-4b81-9b73-ee0e149305d5,0918cbd5-edd0-41c8-8b67-677f35ad4611.rna_seq.augmented_star_gene_counts.tsv,4.2,TCGA-FS-A1ZD,c2948fe9-5798-43bc-a743-511e94e417f8
60b03d91-797f-4251-b13a-3ce71b189cc5,ff12dc45-d7ab-45ae-a049-2d20e3c546b6.rna_seq.augmented_star_gene_counts.tsv,4.2,TCGA-GF-A4EO,ec4cc744-04df-4ba9-9159-e4940c702281
8ffd5617-149a-479e-a7d3-81c49c067fee,5467227e-26db-4241-9b21-0dd8ee39fcee.rna_seq.augmented_star_gene_counts.tsv,4.2,TCGA-BF-A5ES,ef40fa3d-807b-47c1-9f77-58e9778ce391
249418f5-3327-4754-b3e7-b17e9f510b07,22289933-9224-46e9-a9c4-f0b6f1947490.rna_seq.augmented_star_gene_counts.tsv,4.2,TCGA-EE-A29D,ef608754-3f87-458e-9bcf-4434c54c8c9e
8f193b3f-fd2c-4d70-9b10-8b3cb7586375,fe769a85-08b2-4442-aa8f-2b587e49001d.rna_seq.augmented_star_gene_counts.tsv,4.2,TCGA-W3-A824,ed471051-41dc-404c-87ec-db4a281ecfb5
c7ba090c-98e4-4f0d-bf9a-e7ec40bd7487,8cb3ba59-cfa2-4529-87a4-80d3f7be1332.rna_seq.augmented_star_gene_counts.tsv,4.2,TCGA-EB-A85J,ee08eda6-033e-403b-a26a-747b118ae897
3a9207af-6a95-4ee4-91d5-79510f10e6e2,50f58d2f-7e67-40d8-a35c-a3e2c0bbe457.rna_seq.augmented_star_gene_counts.tsv,4.2,TCGA-EB-A41A,ee143e06-0334-45dd-a2b0-1169527d6b4e
905f0b11-0d02-4e19-a15b-93b56b6b94a7,fac69f81-0d8c-40a0-8263-b54d5f06d7b3.rna_seq.augmented_star_gene_counts.tsv,4.2,TCGA-OD-A75X,ef9f1829-0eed-47b3-9d44-06d0a8bb2bfb
09d5efc7-ba65-495d-a9fa-e38e49500be3,b1802901-fe29-4665-b960-ca263cba9243.rna_seq.augmented_star_gene_counts.tsv,4.2,TCGA-BF-A1PV,eff78af6-0f68-49b9-866b-0d511606f2b1
a95414b1-7b8a-41b0-bf44-0a283ffb57a7,7c025d06-2593-493c-b4a5-9f976149b0e2.rna_seq.augmented_star_gene_counts.tsv,4.2,TCGA-FR-A3YN,f027da44-6adc-4207-93ac-e8bf45a1bf3d
26f47a26-8f8c-401c-9215-3c744d8be063,e97f9781-5033-40bd-bc5c-7a703ef965b1.rna_seq.augmented_star_gene_counts.tsv,4.2,TCGA-YG-AA3P,f1713c39-26b8-4667-a08b-f8cf6d2b8e13
3fd71552-68f9-483a-96b7-b30a8f782052,3e17c945-a810-4d82-af11-93debdee3f21.rna_seq.augmented_star_gene_counts.tsv,4.2,TCGA-ER-A19S,f405c603-bcbc-434f-b620-c32eb27b215b
d076714e-3a5a-479e-81d5-2a377d3e37ea,05d365ce-b1d0-46af-b74a-b254f2c7de8e.rna_seq.augmented_star_gene_counts.tsv,4.2,TCGA-EE-A3J5,d6283ab0-9019-4ad2-93aa-2e6b39cd9641
0c5744ec-f8ca-42a9-a493-4d66f9740669,444cc5d2-e345-43ca-8289-193072077eca.rna_seq.augmented_star_gene_counts.tsv,4.2,TCGA-EB-A5SE,fda160c9-efdc-4263-98f1-e38b00571b4d
e39517d6-efdd-4ab7-8c7b-f11f8670d6f9,be8d8236-4ebc-46de-a4fd-a901fec1cdce.rna_seq.augmented_star_gene_counts.tsv,4.3,TCGA-ER-A19P,fecff768-2cf4-487f-8ea4-c24a947330b7
b9f7e5c9-7033-4ab1-a3c0-801feddb9eeb,fcfc55a0-35e6-4fae-a599-66af11ba856d.rna_seq.augmented_star_gene_counts.tsv,4.2,TCGA-EB-A5UL,f5f42370-9974-4375-b338-5f68bb0c3958
62e41639-9f17-4e20-94db-5c31394478c1,eaecaea1-2cb7-472c-b549-ff779e5e1d30.rna_seq.augmented_star_gene_counts.tsv,4.2,TCGA-EE-A29R,d73d1b38-9ab4-409e-a360-e93f8c54715c
7f724059-fa84-460d-bfb2-cb6d13e6bce9,57ab4aef-e740-4494-b0b5-3b008f9d446f.rna_seq.augmented_star_gene_counts.tsv,4.2,TCGA-D3-A1QA,fbee9fe7-8bed-41a6-bcfe-de9f1bc80d01
b515b2b2-acd1-48a7-a9ad-42d219dffe6c,d2bd30d9-e0ce-4b80-889b-974bc0563d9c.rna_seq.augmented_star_gene_counts.tsv,4.2,TCGA-ER-A42L,021a9431-7fdc-42b8-9ff0-e17ded79ff1d
731d5053-54b5-4ee5-8697-de22da1798ff,a277c487-2d13-460f-a0d8-26acac1657d0.rna_seq.augmented_star_gene_counts.tsv,4.2,TCGA-EE-A3J8,0d68acef-b6a0-4a8b-9088-15b9103e6aaf
8dfc111d-af9f-4ffb-a6ff-d0fffa16f8d4,2833b2f4-e943-4570-96c2-a42c127cd1fa.rna_seq.augmented_star_gene_counts.tsv,4.2,TCGA-D3-A3CB,b829885f-8681-4b00-b301-8b0e0c2c6684
6d546d48-476a-4896-9646-f254521dcf06,e6420396-6f46-4b74-a97b-82e54d07e92b.rna_seq.augmented_star_gene_counts.tsv,4.2,TCGA-YG-AA3O,19e9ba4b-8f8e-4899-b667-b49fdd7ef6f4
f30a50c6-41a7-4cc5-b6c1-40a7e5d2fa73,c3b46d4b-4d9f-4d2d-bbca-c0dbd6901e56.rna_seq.augmented_star_gene_counts.tsv,4.2,TCGA-EB-A5KH,0eb0b477-1c7a-4416-895a-ea6463dbe847
22e9fbd3-2724-448e-ba19-41a3dca233f2,f0a22b8b-4cf5-4edc-9502-1e01839fa7c7.rna_seq.augmented_star_gene_counts.tsv,4.2,TCGA-D9-A4Z3,1cad4b22-ec8b-4e34-bfef-5464d185923a
71e58654-6605-418e-bf61-0f46067eba99,43c87798-5762-42c1-b7d8-47fc126fc2d3.rna_seq.augmented_star_gene_counts.tsv,4.2,TCGA-FR-A7U8,23809ce7-77b4-432f-bda2-678f822b604a
aff52dfe-72ed-4139-b5ee-564c3bb92663,903db52d-a7e4-4490-b256-dd1149c78f38.rna_seq.augmented_star_gene_counts.tsv,4.2,TCGA-D3-A2J7,19322032-c144-4962-b886-37606dad33b7
