,Gene,Log2FC,PValue,AdjPValue,Significant,Direction
ESYT2_S691,ESYT2,1.713183062672197,0.008171904014144733,0.04525168554910525,True,Up (resistant)
ESYT2_S693,ESYT2,1.8551166786001687,0.0028284877154268486,0.04077983623271274,True,Up (resistant)
SAC3D1_S402,SAC3D1,1.2132952766702552,4.268311106035597e-05,0.004219211579587083,True,Up (resistant)
ANKRD36_S384,ANKRD36,1.019518281827203,1.633622318275621e-05,0.0024696946192250906,True,Up (resistant)
POM121C_S246,POM121C;POM121,1.7212645020803023,4.6424091182226586e-05,0.004388237218999968,True,Up (resistant)
SGK1_S401,SGK1,1.7171446324615545,0.000785927107523735,0.023306591321939154,True,Up (resistant)
SGK1_S74,SGK1,1.7137576570572897,0.0005165255477775314,0.018688833455950682,True,Up (resistant)
SNAP23_S5,SNAP23,1.5576067740967119,2.652067844109253e-07,0.00030853749287929494,True,Up (resistant)
SNAP23_S110,SNAP23,1.0914769638055795,4.6973089746428717e-07,0.0003946783385138822,True,Up (resistant)
GTPBP1_S580,GTPBP1,2.015619992682911,6.961640627837377e-06,0.0015999290390086769,True,Up (resistant)
GTPBP1_S24,GTPBP1,1.3080826136601011,0.0005602700453902013,0.01979795366000328,True,Up (resistant)
GTPBP1_S25,GTPBP1,2.108245137582877,3.90950836722601e-05,0.004106069760133762,True,Up (resistant)
TAF4_S109,TAF4,1.0584349417189287,0.0036764976069668534,0.04466132514680056,True,Up (resistant)
DNM1L_S616,DNM1L,2.4433842856907937,2.640731451525776e-06,0.0009288005226250195,True,Up (resistant)
ARID1A_S715,ARID1A,-1.8407606344865783,0.007714825553646839,0.04525168554910525,True,Down (resistant)
ARID1A_S1755,ARID1A,1.608385618254971,0.0061294448430733025,0.04525168554910525,True,Up (resistant)
CIT_S480,CIT,1.4202041985972542,3.8279406719153145e-05,0.004077026388876565,True,Up (resistant)
AP3D1_S9,AP3D1,2.4449961321323492,9.549342720254696e-07,0.0005651909912992679,True,Up (resistant)
CHD1_S1040,CHD1,1.5689418063540863,0.000263960517831713,0.012553895822914551,True,Up (resistant)
HAT1_S361,HAT1,1.1055763693151022,0.005816953814292715,0.04525168554910525,True,Up (resistant)
PPP1R12A_S995,PPP1R12A,1.0246645089736575,0.0001219023890516257,0.007878853555627296,True,Up (resistant)
ZNF609_S467,ZNF609,1.8716919549672824,5.862402694557651e-06,0.001510218760227095,True,Up (resistant)
SEC16A_S391,SEC16A,1.1199703370281107,0.003997782358045472,0.04525168554910525,True,Up (resistant)
ARHGEF11_S251,ARHGEF11,1.618870388933484,0.0009549513928938946,0.02503064968132974,True,Up (resistant)
ARHGEF11_S255,ARHGEF11,1.2425855565472332,0.009666952211008807,0.04525168554910525,True,Up (resistant)
TRIM24_S660,TRIM24,2.4862040233787717,1.619039588243055e-06,0.0007201869038996459,True,Up (resistant)
TNRC18_S1359,TNRC18,1.0053901105389826,0.00444143788305581,0.04525168554910525,True,Up (resistant)
CD3EAP_S490,CD3EAP,1.5934119868045329,0.00048237653869959683,0.01788103620414878,True,Up (resistant)
ZZEF1_S2444,ZZEF1,1.9300920435151845,0.0038138390432788053,0.04525168554910525,True,Up (resistant)
ASAP2_S701,ASAP2,2.44703093669348,6.02567006288374e-07,0.0004556611701552684,True,Up (resistant)
PJA2_S309,PJA2,1.0867885565593838,0.002264769193528679,0.0374849332951243,True,Up (resistant)
CCP110_S400,CCP110,1.0551713993891134,0.002033065366277745,0.03651354781088569,True,Up (resistant)
PPIP5K2_S1006,PPIP5K2,1.0799306334866827,0.00786071614764004,0.04525168554910525,True,Up (resistant)
WDR62_S33,WDR62,1.436864659830288,1.9181279411568398e-05,0.002736770470005287,True,Up (resistant)
PRPF3_S133,PRPF3,1.506933904134769,1.8977178121143924e-07,0.00023917570158681726,True,Up (resistant)
TPD52L2_S21,TPD52L2,2.3835568869279307,2.6261006034202714e-05,0.003255503731649851,True,Up (resistant)
BUB3_S325,BUB3,1.033891237437068,0.0008506247950983496,0.024014024053495592,True,Up (resistant)
STRN_S376,STRN,1.133559866628211,0.004664995930965252,0.04525168554910525,True,Up (resistant)
RRP9_S50,RRP9,1.0623755027321309,2.017581992437154e-05,0.0027994412893228918,True,Up (resistant)
RRP9_S51,RRP9,1.0162187133051503,0.0012777723282248446,0.02923604945850613,True,Up (resistant)
RRP9_S53,RRP9,1.3553402503014667,5.512837379273776e-05,0.004899428208885723,True,Up (resistant)
KALRN_S2296,KALRN,1.1485266423685445,0.00046764236259061855,0.017549933230323857,True,Up (resistant)
ZFC3H1_S949,ZFC3H1,1.1803444625037898,0.01034949847931345,0.04575601489194074,True,Up (resistant)
ZEB2_S731,ZEB2,2.5666431950757804,4.125034815404759e-06,0.0012732046234322772,True,Up (resistant)
ZEB2_S647,ZEB2,1.8314494619924666,6.703477142246997e-07,0.0004742458318385703,True,Up (resistant)
MCM3AP_S538,MCM3AP,1.2529847053235983,0.004148888480967235,0.04525168554910525,True,Up (resistant)
KIF1B_S1454,KIF1B,1.0362900134629598,0.0009931754674898474,0.02545895893273975,True,Up (resistant)
TBC1D4_S591,TBC1D4,1.4748706239966438,6.345061435757956e-05,0.005251745769705269,True,Up (resistant)
FZD6_S620,FZD6,1.1514478785474118,0.00011157777390761176,0.007533492199012145,True,Up (resistant)
KPNA6_S6,KPNA6,1.4602679603866484,2.137747419560896e-06,0.0008241768837112144,True,Up (resistant)
CTNND1_S920,CTNND1,1.8863307668610645,2.1543381227478965e-06,0.0008241768837112144,True,Up (resistant)
EIF5B_S135,EIF5B,2.181982639477887,0.00010631643921641571,0.0073087719395866875,True,Up (resistant)
EIF5B_S137,EIF5B,2.0592622592748633,0.00039299286748228365,0.015892043122465394,True,Up (resistant)
GAS7_S117,GAS7,1.2583177969975274,0.0019393067117443293,0.035557983988854826,True,Up (resistant)
NBN_S397,NBN,2.0946556622703483,5.455763683598662e-10,8.251296995074615e-06,True,Up (resistant)
CLUH_S664,CLUH,1.0994591404413647,7.050892752921725e-05,0.005672218191233413,True,Up (resistant)
ANKRD17_S2401,ANKRD17,1.13816962837641,0.0008957320352761259,0.024670942096344413,True,Up (resistant)
ZNF217_S662,ZNF217,1.0351479964396937,0.008209702776353228,0.04525168554910525,True,Up (resistant)
ZNF217_S407,ZNF217,1.2607028704028522,0.008484548504585365,0.04525168554910525,True,Up (resistant)
TRIM3_S7,TRIM3,2.1744193686067064,8.555979349036668e-06,0.0017486571847950077,True,Up (resistant)
PRPF40A_S933,PRPF40A,1.0993259380394136,9.187563475779965e-06,0.0018504663599288786,True,Up (resistant)
PRPF40A_S938,PRPF40A,1.3172050963407216,8.457542143847306e-06,0.0017486571847950077,True,Up (resistant)
NUP155_S992,NUP155,1.2537710857623239,0.003054349019791409,0.042263471706610496,True,Up (resistant)
PIAS2_S499,PIAS2,1.0927042484072622,0.00202313937863136,0.03651354781088569,True,Up (resistant)
MPDZ_S1595,MPDZ,1.2592564211426378,1.6175828443380848e-05,0.0024696946192250906,True,Up (resistant)
ZFAND5_S48,ZFAND5,1.5835674012545127,0.00010548083293647877,0.0073087719395866875,True,Up (resistant)
RECQL5_S727,RECQL5,1.1376864337287387,0.008872929598250229,0.04525168554910525,True,Up (resistant)
TOMM70A_S110,TOMM70A,1.1507109363193493,0.00010695608227134196,0.007319474155075909,True,Up (resistant)
FCHSD2_S644,FCHSD2,1.118133855928999,0.00580874025708144,0.04525168554910525,True,Up (resistant)
PHF14_S280,PHF14,1.4990846118636725,0.007550474188035562,0.04525168554910525,True,Up (resistant)
PHF14_S294,PHF14,1.2692415052316584,0.0018086078154582904,0.034273915988849296,True,Up (resistant)
PRPF6_S143,PRPF6,1.0181891729987598,0.008320889388638647,0.04525168554910525,True,Up (resistant)
PCF11_S777,PCF11,1.308338619343182,7.354598017923835e-06,0.0016601632898967176,True,Up (resistant)
PCF11_S511,PCF11,1.543210247256372,7.022753929643938e-05,0.005672218191233413,True,Up (resistant)
PCF11_S489,PCF11,1.0234915547098247,0.006407179118731712,0.04525168554910525,True,Up (resistant)
CEP152_S1461,CEP152,1.1620009645652765,0.0020927635075788406,0.03651354781088569,True,Up (resistant)
UBR5_S2241,UBR5,1.1171949211051313,0.008505067376797357,0.04525168554910525,True,Up (resistant)
UBR5_S327,UBR5,1.0600279494332625,0.0023031000888458827,0.03775918366540978,True,Up (resistant)
SNUPN_S350,SNUPN,1.1461939303575335,0.00010941581735269991,0.007420649424404634,True,Up (resistant)
UBE4B_S101,UBE4B,1.4142735651268588,0.0019295151147048725,0.03549706534405252,True,Up (resistant)
MPZL1_S210,MPZL1,1.3850206759558077,0.0004479432810696926,0.017139105227718672,True,Up (resistant)
TACC2_S2359,TACC2,1.5502489958068075,0.003757077143060047,0.045034455102703055,True,Up (resistant)
PGM3_S64,PGM3,-1.0174942134289608,0.01101406022251309,0.04663536930860654,True,Down (resistant)
MED26_S447,MED26,1.5090502975884874,0.006653721521297767,0.04525168554910525,True,Up (resistant)
SVIL_S1120,SVIL,1.3154548205839411,0.0006973439040719436,0.022018015042137944,True,Up (resistant)
BRD1_S814,BRD1,1.0761898623268173,0.004872692044862181,0.04525168554910525,True,Up (resistant)
STARD3NL_S15,STARD3NL,1.2920898815942827,0.00032241689929052633,0.014457872959634249,True,Up (resistant)
BAG3_S195,BAG3,1.0740827913023345,0.012134154292150387,0.04817791670145697,True,Up (resistant)
MBD3_S85,MBD3,1.40288429911865,0.0062248947380036815,0.04525168554910525,True,Up (resistant)
MYC_S293,MYC,1.4335034975699372,0.0033357468223018786,0.0433599438978035,True,Up (resistant)
RAF1_S259,RAF1,1.017991835260279,0.0026723652890317242,0.040102367279472195,True,Up (resistant)
HSPB1_S199,HSPB1,1.0005064150017908,0.006681720154320291,0.04525168554910525,True,Up (resistant)
SLC4A2_S173,SLC4A2,1.2200991300367008,0.004759313017309971,0.04525168554910525,True,Up (resistant)
JUN_S100,JUN;JUND,1.30638209361895,0.0010574202845757598,0.026126939123210305,True,Up (resistant)
NPM1_S254,NPM1,3.0891902916843215,1.4515972876686315e-05,0.002275328438303057,True,Up (resistant)
SP1_S2,SP1,1.2889277241651342,0.00011778941392422375,0.007798239003188013,True,Up (resistant)
PDHA1_S232,PDHA1,1.4944236912124182,8.280389237784462e-05,0.006271963873630926,True,Up (resistant)
PDHA1_S293,PDHA1;PDHA2,3.1069659810301715,5.599000151293025e-07,0.0004456804120429248,True,Up (resistant)
NFIC_S339,NFIC,1.57491895998308,0.0007678945024144307,0.02308874046623429,True,Up (resistant)
MYBL1_S458,MYBL1,1.1381811624676281,0.0008894633294326803,0.024626995555415827,True,Up (resistant)
TOP2A_S1247,TOP2A,1.0347865900351145,0.005651120924376811,0.04525168554910525,True,Up (resistant)
TOP2A_S4,TOP2A,1.6935094506719643,5.778301889736728e-08,0.00010923879722547283,True,Up (resistant)
ESRRA_S19,ESRRA,1.2206154074224962,0.0027567941009716,0.04034563158673185,True,Up (resistant)
ESRRA_S22,ESRRA,1.1558072459430448,0.005142488475848712,0.04525168554910525,True,Up (resistant)
TPR_S1185,TPR,1.0219925112252604,0.004741585494416542,0.04525168554910525,True,Up (resistant)
TPR_S379,TPR,1.2150294562856345,0.0007520158897468243,0.02270157348608976,True,Up (resistant)
UNG_S23,UNG,1.1524929424849901,0.007492831497037083,0.04525168554910525,True,Up (resistant)
HNRNPL_S185,HNRNPL,1.0799103601925424,0.003219369382450537,0.042981798821846176,True,Up (resistant)
FOSL2_S200,FOSL2,1.1006882779259612,0.008943313513468346,0.04525168554910525,True,Up (resistant)
CD44_S706,CD44,-1.7856677060263735,0.0001245871458632342,0.007950447232217528,True,Down (resistant)
NCK1_S166,NCK1,1.8406928502495354,0.0009855489640985715,0.0254275275918074,True,Up (resistant)
HIST1H1C_S2,HIST1H1C,2.486436616965001,0.000774646454630027,0.023107994043046406,True,Up (resistant)
PTPN1_S352,PTPN1,2.043847649924075,4.075065790645733e-05,0.004164276690386896,True,Up (resistant)
SON_S1769,SON,2.0597621365501766,0.0002648445152862722,0.012556452818776114,True,Up (resistant)
RPL17_S142,RPL17,1.0514062841350622,0.001031120083882245,0.025930616031535316,True,Up (resistant)
ATF1_S198,ATF1,1.113898819165513,0.00013024524460435104,0.0080715552922094,True,Up (resistant)
LIG1_S51,LIG1,1.5961996360557116,0.0010135746478874205,0.025778296583272832,True,Up (resistant)
LIG1_S66,LIG1,1.0568139847871585,0.0021318079024736885,0.03651354781088569,True,Up (resistant)
SLC9A1_S693,SLC9A1,1.6970551031775365,0.000496395090124796,0.018266373097438966,True,Up (resistant)
PAICS_S27,PAICS,1.0328543707394502,0.004503078113377256,0.04525168554910525,True,Up (resistant)
POLR2A_S1966,POLR2A,1.5365079218424356,0.009601292310544435,0.04525168554910525,True,Up (resistant)
POLR2A_S1882,POLR2A,1.1187402983318542,0.0008926021257005986,0.02463451560053988,True,Up (resistant)
YY1_S247,YY1,1.145974377269102,0.0023748820410024016,0.037967987302452766,True,Up (resistant)
ATP5A1_S53,ATP5A1,1.3175186293390944,4.032515016114613e-05,0.004148827013858328,True,Up (resistant)
DNMT1_S714,DNMT1,2.817421241962503,3.0780386573923414e-06,0.0010580058330545857,True,Up (resistant)
MAP4_S507,MAP4,1.4220113287279297,0.00264492500318643,0.040102367279472195,True,Up (resistant)
SSFA2_S591,SSFA2,1.4004488660817813,0.0009275394709329116,0.024740179653072486,True,Up (resistant)
SMARCA1_S116,SMARCA1,1.4023470221404182,9.566962808155849e-05,0.006890035500502336,True,Up (resistant)
PML_S8,PML,1.606372312664778,0.0002996355265354177,0.013760972586225094,True,Up (resistant)
MARCKS_S81,MARCKS,1.780692404681215,0.0004060310887653933,0.01620267595379369,True,Up (resistant)
CLIP1_S147,CLIP1,2.0649046039089356,0.0007035968145874372,0.022123073230395845,True,Up (resistant)
AKT1_S124,AKT1,1.286757941417072,0.0010624218170308343,0.026126939123210305,True,Up (resistant)
CSTF2_S524,CSTF2,-1.756756815140541,0.0030605421683737133,0.042271817127382684,True,Down (resistant)
MCM4_S31,MCM4,1.276068374980067,0.0072293304049502296,0.04525168554910525,True,Up (resistant)
MCM4_S32,MCM4,1.2190735900972527,0.00721982476686122,0.04525168554910525,True,Up (resistant)
HSPA4_S647,HSPA4,1.572129380594692,0.0010379622041740567,0.0259902986356431,True,Up (resistant)
HSPA4_S546,HSPA4,1.54858684128018,0.0032575041270300805,0.042981798821846176,True,Up (resistant)
NF2_S518,NF2,1.9993231408036571,0.00043093341405872447,0.016711376805702945,True,Up (resistant)
RFC1_S190,RFC1,1.2754329557482151,0.00041659948101920523,0.01640794414305849,True,Up (resistant)
NUP214_S666,NUP214,1.0881781440901683,0.006072674895159233,0.04525168554910525,True,Up (resistant)
SOX5_S21,SOX5,1.408425974710525,0.0002486309357685151,0.012129981524396845,True,Up (resistant)
SOX5_S408,SOX5,1.3702917803704366,0.0006180572547840675,0.020589202469943255,True,Up (resistant)
SOX5_S411,SOX5,1.2936480485433748,0.0009074489264698518,0.02468391648188856,True,Up (resistant)
SOX6_S442,SOX6,1.202896698191541,0.0005644555517142702,0.019899360755539913,True,Up (resistant)
RBMX_S352,RBMX,1.4173177475848604,0.0005489717322979561,0.019489785162615698,True,Up (resistant)
CUX1_S1270,CUX1,1.7283824577845444,0.00012740427009984444,0.00798081013209266,True,Up (resistant)
CUX1_S1059,CUX1,1.053309374752324,0.000601090062711916,0.020387609498675713,True,Up (resistant)
PEX19_S147,PEX19,2.7671708601248035,4.013639452189479e-08,0.0001011704717915228,True,Up (resistant)
ETV3_S245,ETV3,1.4465874165797814,0.00029672032298295363,0.013717934399156728,True,Up (resistant)
ETV3_S250,ETV3,1.809854129689839,1.016975098622012e-05,0.0019095504623337395,True,Up (resistant)
PPP1R2_S20,PPP1R2;PPP1R2P3,1.3922519762268202,0.0006588316303507397,0.0213823381489798,True,Up (resistant)
TMPO_S310,TMPO,1.279353077236106,0.00015431446036989993,0.008840348100887751,True,Up (resistant)
SLC1A4_S507,SLC1A4,1.007039676743279,0.0026749077949555643,0.040102367279472195,True,Up (resistant)
MCAM_S614,MCAM,2.0037681126571165,6.294959807174739e-06,0.0015111900337096945,True,Up (resistant)
NAMPT_S472,NAMPT,1.2895315399922183,0.0011659534732299005,0.027682700673671925,True,Up (resistant)
MKI67_S1679,MKI67,2.113728143500019,6.476693162455949e-09,4.897675369449188e-05,True,Up (resistant)
MKI67_S579,MKI67,1.3654453120941419,0.0006552918401758239,0.021313190947998197,True,Up (resistant)
MKI67_S2708,MKI67,1.1840849244651395,0.001266521647195945,0.029138029933700686,True,Up (resistant)
MKI67_S827,MKI67,1.3626399328762062,0.0004402259024645573,0.016941416154895583,True,Up (resistant)
MKI67_S2105,MKI67,2.4429076951414856,1.0792527494061949e-06,0.0005829506636435461,True,Up (resistant)
MKI67_S1131,MKI67,1.1450627621081537,0.001062204241169811,0.026126939123210305,True,Up (resistant)
MKI67_S2588,MKI67,1.3868025726069781,0.006614936969381436,0.04525168554910525,True,Up (resistant)
MKI67_S2638,MKI67,1.311653795110697,0.0042680736981663345,0.04525168554910525,True,Up (resistant)
MKI67_S2505,MKI67,1.6938066682355917,0.008976052987158567,0.04525168554910525,True,Up (resistant)
BAG6_S973,BAG6,2.0159378125369045,0.0002825204394629648,0.013147197312116552,True,Up (resistant)
RPL28_S115,RPL28,1.0088923365235871,0.004929786428589173,0.04525168554910525,True,Up (resistant)
PLA2G4A_S437,PLA2G4A,1.102868967858555,0.007761910564625798,0.04525168554910525,True,Up (resistant)
TRAPPC10_S711,TRAPPC10,1.1448247307746016,0.0011447589032449524,0.027308097243969497,True,Up (resistant)
HARS2_S67,HARS2,2.1183598638244234,5.719270269714589e-06,0.001510218760227095,True,Up (resistant)
MCM2_S40,MCM2,1.0480745564986798,0.010418278212193412,0.045804193769263,True,Up (resistant)
PSEN1_S367,PSEN1,1.5515609790104747,0.010143634448810376,0.04561651807172137,True,Up (resistant)
RANBP2_S1509,RANBP2,1.371247826161376,0.0005017487955409274,0.018373967999421273,True,Up (resistant)
RANBP2_S2805,RANBP2,1.5975448178338851,0.008255050500183365,0.04525168554910525,True,Up (resistant)
PSEN2_S22,PSEN2,1.9391095149985063,1.7246147980166663e-06,0.0007248377411941116,True,Up (resistant)
LIG3_S210,LIG3,1.053058316744309,0.009615515787426861,0.04525168554910525,True,Up (resistant)
FXR2_S566,FXR2,1.1735622768837324,0.012174500579414646,0.04823712469119722,True,Up (resistant)
SMARCA4_S695,SMARCA4,1.367246834430592,0.0015143621228524962,0.031374264035645416,True,Up (resistant)
MECP2_S423,MECP2,1.529717009641125,1.2552836903936068e-05,0.0021405374659567798,True,Up (resistant)
HCFC1_S2020,HCFC1,1.2616238759808347,0.0017196032552112338,0.033442496340456616,True,Up (resistant)
CLCN7_S61,CLCN7,-1.5580263230992024,0.009052722527355459,0.04525168554910525,True,Down (resistant)
HNRNPM_S575,HNRNPM,2.201474370992557,5.787654545791571e-06,0.001510218760227095,True,Up (resistant)
HNRNPM_S618,HNRNPM,1.5863631975846886,0.0030475190910074054,0.04224294027104216,True,Up (resistant)
HNRNPM_S528,HNRNPM,1.6728706041270271,0.00044876260712619633,0.017139105227718672,True,Up (resistant)
ARHGDIA_S24,ARHGDIA,1.437347808997309,0.011765676061639039,0.04761682760402163,True,Up (resistant)
MSH6_S309,MSH6,1.7469411520611793,3.336045711841889e-05,0.0038222996474164186,True,Up (resistant)
ARFIP1_S79,ARFIP1,1.2180387500556016,2.1797854633991386e-06,0.0008241768837112144,True,Up (resistant)
ACLY_S481,ACLY,1.036203350675521,0.0012134058588575347,0.028320293532965054,True,Up (resistant)
MFAP1_S52,MFAP1,1.0255999420909347,0.008511601018030822,0.04525168554910525,True,Up (resistant)
PKNOX1_S41,PKNOX1,1.0062866512040145,0.011967448686369838,0.04786979474547935,True,Up (resistant)
SOX10_S8,SOX10,1.0000611222348645,0.012402335500756787,0.048657048537858794,True,Up (resistant)
SOX10_S221,SOX10,2.327193047805949,0.00021978787784409151,0.011043428121309103,True,Up (resistant)
SOX10_S224,SOX10,2.434871408183163,0.0001277014051815937,0.00798081013209266,True,Up (resistant)
CLDN12_S231,CLDN12,1.369207544564535,0.012953292655642736,0.04964662902279289,True,Up (resistant)
RIPK4_S436,RIPK4,1.2504073780541027,0.0027614500251799514,0.04034563158673185,True,Up (resistant)
HNRNPK_S284,HNRNPK,1.5560967094600606,0.007951076337861535,0.04525168554910525,True,Up (resistant)
TMSB4X_S2,TMSB4X,1.2380024949414654,0.00038091610743183813,0.015518348104791805,True,Up (resistant)
CXADR_S332,CXADR,1.2025439554005608,0.007559319301344735,0.04525168554910525,True,Up (resistant)
NOP14_S96,NOP14,1.9151584211220651,3.0272760173620124e-05,0.003549187789657603,True,Up (resistant)
EIF4G2_S395,EIF4G2,2.034204444520398,0.00023657862308426762,0.01180863067830516,True,Up (resistant)
PHC1_S645,PHC1,1.6414018045293695,1.26198866080671e-05,0.0021405374659567798,True,Up (resistant)
SRSF3_S5,SRSF3,1.9065869939235824,0.000454526499462939,0.017212429599819876,True,Up (resistant)
FOXK1_S416,FOXK1,1.2777263537906123,0.004276984606039216,0.04525168554910525,True,Up (resistant)
FOXK1_S257,FOXK1,1.4169610131742516,0.0004153722464498232,0.01640794414305849,True,Up (resistant)
RBM10_S738,RBM10,1.0371405698338236,0.004420451026054518,0.04525168554910525,True,Up (resistant)
HNRNPU_S59,HNRNPU,3.2109416701173927,7.724854171735578e-06,0.001667119173976878,True,Up (resistant)
SPTBN1_S2138,SPTBN1,1.953976272933346,0.007470525757447265,0.04525168554910525,True,Up (resistant)
ANK2_S3793,ANK2,2.3328931016105514,7.62161150207755e-05,0.005911243710636968,True,Up (resistant)
ANK2_S3833,ANK2,1.504919588113907,0.007791879647483423,0.04525168554910525,True,Up (resistant)
CAP1_S310,CAP1,1.641872376089367,0.00013984208009112524,0.008322191720764838,True,Up (resistant)
MEF2A_S255,MEF2A,1.0256267865251019,0.0003754964334318129,0.015410192418037743,True,Up (resistant)
FKBP4_S258,FKBP4,1.4990066419513575,1.929556513263359e-06,0.0007887192623404065,True,Up (resistant)
AKAP12_S505,AKAP12,1.1952939058535854,0.0013073447751189482,0.029554981134378135,True,Up (resistant)
KMT2A_S1837,KMT2A,1.5638746871402525,0.00020616032640414288,0.01067797526211047,True,Up (resistant)
KMT2A_S2098,KMT2A,1.192210125715345,0.0007221856349650167,0.022427793723225696,True,Up (resistant)
RING1_S38,RING1,1.3770634446297265,9.241155942418232e-05,0.00671938665736218,True,Up (resistant)
EP300_S2328,EP300,1.0318594775124694,0.0009220562927108423,0.024740179653072486,True,Up (resistant)
AHNAK_S5762,AHNAK,1.5005472262063648,0.004242958155138184,0.04525168554910525,True,Up (resistant)
AHNAK_S2397,AHNAK,1.201356826692951,0.0006179993744008079,0.020589202469943255,True,Up (resistant)
FCHO2_S488,FCHO2,1.0740493959482507,0.0021280017725255323,0.03651354781088569,True,Up (resistant)
KIAA0196_S917,KIAA0196,1.0503330696466584,9.298825929290848e-06,0.0018504663599288786,True,Up (resistant)
GTF3C1_S1865,GTF3C1,1.57567214870161,0.0008427940497155056,0.023914478814066244,True,Up (resistant)
AKAP13_S2398,AKAP13,1.31961080603757,0.006254602063079334,0.04525168554910525,True,Up (resistant)
NFIA_S300,NFIA,1.347974189408049,0.0028342374467086634,0.04078497349573913,True,Up (resistant)
CHD3_S1601,CHD3,2.133807297422578,4.38133002457236e-05,0.00427504743816983,True,Up (resistant)
CHD3_S1605,CHD3,1.512700155339811,0.0014372806971379357,0.030789565529056855,True,Up (resistant)
TP53BP1_S1426,TP53BP1,1.0773429227629023,0.0013165717019083967,0.029622847678526812,True,Up (resistant)
TP53BP1_S580,TP53BP1,2.0585294435945762,0.0001342301033412225,0.008152996316998591,True,Up (resistant)
TP53BP1_S1701,TP53BP1,1.2172154624958793,0.012120792970547753,0.04816470648622286,True,Up (resistant)
TP53BP1_S525,TP53BP1,1.1503510037515703,0.00019346132834846877,0.010266347824358743,True,Up (resistant)
TP53BP1_S398,TP53BP1,1.4117240242537825,4.549743879227887e-06,0.0013762065285888511,True,Up (resistant)
TP53BP1_S639,TP53BP1,1.2172620575777344,0.0009324188311459479,0.024740179653072486,True,Up (resistant)
TP53BP1_S1317,TP53BP1,2.859582296661987,2.1153942475602853e-05,0.0028312586371771462,True,Up (resistant)
TP53BP1_S1320,TP53BP1,1.3039671322272568,0.004494991252709683,0.04525168554910525,True,Up (resistant)
ILF3_S382,ILF3,2.6887134351348116,0.0003319253589676965,0.01459313700298675,True,Up (resistant)
EPS8_S685,EPS8,1.3019643299044752,0.0021311411228247036,0.03651354781088569,True,Up (resistant)
PRDM2_S912,PRDM2,1.7741824339523333,0.006621775699444872,0.04525168554910525,True,Up (resistant)
TRIM32_S335,TRIM32,1.7677532034547774,4.2099755589631364e-07,0.00037453923737504986,True,Up (resistant)
CHAF1A_S65,CHAF1A,1.1776838605114932,0.0021413132477141905,0.03655216880183907,True,Up (resistant)
CHAF1A_S775,CHAF1A,1.1905759403510459,0.010910072606781241,0.04654810217930611,True,Up (resistant)
CHAF1A_S206,CHAF1A,1.1281436281837358,0.0017458718659055157,0.03359395723121566,True,Up (resistant)
CHAF1B_S538,CHAF1B,1.2883141271549157,0.005749004593334496,0.04525168554910525,True,Up (resistant)
CHAF1B_S429,CHAF1B,1.1439566027169086,0.0019396546410212399,0.035557983988854826,True,Up (resistant)
RLF_S634,RLF,1.4677113733665266,0.0014170960544523932,0.030443410124343744,True,Up (resistant)
PPFIA1_S693,PPFIA1,1.4206605519106361,0.00026613103426868264,0.012578018007123614,True,Up (resistant)
EIF2B5_S544,EIF2B5,2.242775188064307,0.0002620766533196637,0.012503619258064966,True,Up (resistant)
STK3_S316,STK3,1.8721434117284126,0.0025849185809319595,0.039940062506968674,True,Up (resistant)
TBX2_S657,TBX2,1.0778760589397898,0.0042083706257251136,0.04525168554910525,True,Up (resistant)
PRKG2_S431,PRKG2,1.2320465123252369,0.0003563271350222578,0.015137897724934344,True,Up (resistant)
KCNAB2_S9,KCNAB2,1.7350844508762897,3.7863852029066685e-05,0.004077026388876565,True,Up (resistant)
MTA1_S449,MTA1,1.5595077314212773,0.002039709106367141,0.03651354781088569,True,Up (resistant)
PDE3B_S65,PDE3B,1.4460969821209595,0.0005792593284545855,0.020138476352065598,True,Up (resistant)
PDCL_S296,PDCL,1.0443485163825343,0.00685391774553749,0.04525168554910525,True,Up (resistant)
ORC1_S311,ORC1,1.1210462856866492,0.002760513644317183,0.04034563158673185,True,Up (resistant)
PPIG_S753,PPIG,1.1813888806049704,0.004224315577235442,0.04525168554910525,True,Up (resistant)
SF3B2_S307,SF3B2,1.1001109831425495,0.011488616537457596,0.0472605877400179,True,Up (resistant)
MYO9B_S717,MYO9B,1.959629258932992,4.91773988972557e-06,0.001425958016795601,True,Up (resistant)
MTM1_S591,MTM1,1.038203501122858,0.00032311300319732715,0.014457872959634249,True,Up (resistant)
SQSTM1_S366,SQSTM1,2.927015700222718,3.472969992747285e-05,0.0038907554200229583,True,Up (resistant)
PRPF4B_S20,PRPF4B,1.068044757826776,7.837728532532578e-05,0.006047847261531771,True,Up (resistant)
PRPF4B_S144,PRPF4B,1.511884382639895,5.793763387489626e-05,0.004950980531141846,True,Up (resistant)
EIF4EBP1_S96,EIF4EBP1,1.763519142550166,0.006488619458572624,0.04525168554910525,True,Up (resistant)
EIF4EBP1_S101,EIF4EBP1,1.582366417713608,0.008819141182021623,0.04525168554910525,True,Up (resistant)
HDAC1_S393,HDAC1,2.102746844689772,0.008170488841837522,0.04525168554910525,True,Up (resistant)
STIM1_S608,STIM1,1.5254119810463251,6.38932307343143e-05,0.005251745769705269,True,Up (resistant)
STIM1_S519,STIM1,1.8786062352406638,0.001985285575968004,0.03611632701845357,True,Up (resistant)
STIM1_S621,STIM1,1.040185731490606,0.0052931087008921615,0.04525168554910525,True,Up (resistant)
EXOSC2_S124,EXOSC2,1.1477493164669177,4.013759548892217e-05,0.004148827013858328,True,Up (resistant)
HNRNPD_S80,HNRNPD,1.5306504034798536,0.010594957571989699,0.046042942126582345,True,Up (resistant)
FAM53B_S167,FAM53B,1.149693524726736,0.00012300436189884912,0.007883621629242105,True,Up (resistant)
UBAP2L_S467,UBAP2L,1.9940115721307734,0.00024330220478755766,0.011947086185737085,True,Up (resistant)
SCRIB_S1475,SCRIB,1.2057367079239718,0.0010838235921574449,0.02652386409027378,True,Up (resistant)
SCRIB_S1306,SCRIB,1.2902289786858532,0.007123588197374389,0.04525168554910525,True,Up (resistant)
SCRIB_S1508,SCRIB,2.0058113424191717,0.00030025925373276124,0.013760972586225094,True,Up (resistant)
DYNC1H1_S4368,DYNC1H1,2.09599236410531,1.2097939080192238e-06,0.0006098974354960913,True,Up (resistant)
CTTN_S438,CTTN,1.4173329903214622,5.299770800493305e-06,0.0014573406106665589,True,Up (resistant)
CTTN_S447,CTTN,1.7751087341767864,0.0003478014237821047,0.015028996380801575,True,Up (resistant)
SLBP_S7,SLBP,1.050153491185693,0.0006336904524052146,0.02088003137729078,True,Up (resistant)
MCM6_S13,MCM6,1.6577562813538087,5.629533879537274e-05,0.004899428208885723,True,Up (resistant)
MDC1_S1820,MDC1,1.588808560625921,1.2207287340334338e-07,0.00018391876350759478,True,Up (resistant)
KANK1_S1350,KANK1,1.1853160314508244,0.0006323381109664332,0.02088003137729078,True,Up (resistant)
NCOA6_S926,NCOA6,1.5355021273162386,0.007181593812837687,0.04525168554910525,True,Up (resistant)
CHD4_S1531,CHD4,1.8124339991440657,0.007489284477443677,0.04525168554910525,True,Up (resistant)
CHD4_S1535,CHD4,2.285426810705399,0.00038281634813915755,0.015522022652162517,True,Up (resistant)
LASP1_S146,LASP1,2.6755780566306946,5.826993748632958e-05,0.004950980531141846,True,Up (resistant)
ZNF638_S552,ZNF638,1.2641498658253987,0.0013716697540942199,0.03024071918501601,True,Up (resistant)
NUMA1_S1945,NUMA1,1.2229115815786855,5.620715097538847e-05,0.004899428208885723,True,Up (resistant)
SUZ12_S546,SUZ12,1.1769064499787625,0.00047865261884948607,0.017786590190367636,True,Up (resistant)
SUZ12_S583,SUZ12,2.2558841537175773,0.00014031730288250685,0.008322191720764838,True,Up (resistant)
R3HDM1_S973,R3HDM1,1.1477107004447902,0.006609294562643005,0.04525168554910525,True,Up (resistant)
PCM1_S384,PCM1,1.0551883283902868,0.00358388484517305,0.04457456776183981,True,Up (resistant)
PCM1_S69,PCM1,1.5680134171441722,0.009328777559285439,0.04525168554910525,True,Up (resistant)
PVRL1_S422,PVRL1,1.364773829022596,0.005081936748972833,0.04525168554910525,True,Up (resistant)
PCBP2_S272,PCBP2,2.0838656123402153,0.0007377659714513736,0.02244645458032202,True,Up (resistant)
TAF7_S201,TAF7,1.2281816794803575,0.0005845537634591905,0.020138476352065598,True,Up (resistant)
MED1_S1223,MED1,2.244435752213988,9.864415085416732e-05,0.007006903435627029,True,Up (resistant)
MED1_S1207,MED1,1.2765276758603967,0.002186175219934741,0.036901466547202035,True,Up (resistant)
SEPT7_S334,SEPT7,1.4948635749627464,3.8826428549627944e-05,0.004106069760133762,True,Up (resistant)
ADRM1_S405,ADRM1,1.0201568811314274,0.0015027366944346443,0.031261884135666516,True,Up (resistant)
SRSF7_S231,SRSF7,2.1995459157089883,5.2378981792849526e-05,0.004724154640941116,True,Up (resistant)
SRSF7_S233,SRSF7,2.1995459157089883,5.2378981792849526e-05,0.004724154640941116,True,Up (resistant)
DBN1_S337,DBN1,1.7683398279654625,0.0016273442769083437,0.03246959741947466,True,Up (resistant)
IFI16_S153,IFI16,2.5484168866997656,0.0003759826105696857,0.015410192418037743,True,Up (resistant)
IFI16_S166,IFI16,1.1171071764769458,0.0007341125711043674,0.02244645458032202,True,Up (resistant)
IFI16_S168,IFI16,1.497817583553946,0.0004977328515255964,0.01827114477299301,True,Up (resistant)
ZNF800_S317,ZNF800,1.276692730473055,0.00789532839278958,0.04525168554910525,True,Up (resistant)
ZNF800_S419,ZNF800,1.4186246314822242,0.0004270916093969687,0.016690784239069133,True,Up (resistant)
ZNF800_S426,ZNF800,1.132232471497442,0.007153497471928194,0.04525168554910525,True,Up (resistant)
CTU2_S419,CTU2,1.3395461109754798,0.00050760344651395,0.0184987819881373,True,Up (resistant)
LRRFIP1_S521,LRRFIP1,-1.3971431496181381,0.011055457025943733,0.04671772340328947,True,Down (resistant)
GLYR1_S130,GLYR1,1.7060001691386901,0.004759180436839705,0.04525168554910525,True,Up (resistant)
CCDC14_S798,CCDC14,1.0838918407310665,0.001106276125977858,0.02681301302770693,True,Up (resistant)
MAP9_S79,MAP9,1.2763529649216103,0.0007744913867828541,0.023107994043046406,True,Up (resistant)
LARP7_S300,LARP7,1.4497978150039472,0.006986124812970957,0.04525168554910525,True,Up (resistant)
TBC1D10B_S707,TBC1D10B,1.6300757935899597,0.0018637067122901226,0.03488453009489581,True,Up (resistant)
ARID4B_S675,ARID4B,1.749243148265684,9.54816116390523e-06,0.0018533011855615426,True,Up (resistant)
C17orf85_S415,C17orf85,1.8742674538247464,0.0001365494414363523,0.008260695009133569,True,Up (resistant)
COBLL1_S364,COBLL1,1.999757545930521,1.1914859552815422e-06,0.0006098974354960913,True,Up (resistant)
CYBRD1_S260,CYBRD1,2.332174651655606,2.8610892946374132e-05,0.0034616891593676987,True,Up (resistant)
CYBRD1_S284,CYBRD1,1.2129588982009203,0.011974187621586566,0.0478840860890733,True,Up (resistant)
SGOL2_S1085,SGOL2,1.388497639302237,0.00010489101030075978,0.0073087719395866875,True,Up (resistant)
PLEKHG4_S64,PLEKHG4,1.0206459216561043,0.011112584585357427,0.04680106794811624,True,Up (resistant)
SLC45A4_S289,SLC45A4,-1.3882462117750478,0.008874314927525362,0.04525168554910525,True,Down (resistant)
SLC27A3_S139,SLC27A3,1.339091334474272,0.011798670224215569,0.047710674210853427,True,Up (resistant)
SPECC1_S218,SPECC1,1.5636141995195736,0.0006793701117733234,0.021676779684514227,True,Up (resistant)
CEP170_S1521,CEP170;CEP170P1,1.9639087709620107,0.007644331068931413,0.04525168554910525,True,Up (resistant)
NHSL1_S930,NHSL1,1.0270171063859195,0.003940620568961662,0.04525168554910525,True,Up (resistant)
NHSL1_S1167,NHSL1,1.7053465331667326,0.004296180989377206,0.04525168554910525,True,Up (resistant)
FKBP15_S979,FKBP15,-1.3903854406298208,0.0013693491971724014,0.03023363103362832,True,Down (resistant)
TMEM63B_S102,TMEM63B,1.2767166176362927,0.0027054484906505784,0.040233124207251406,True,Up (resistant)
GPATCH4_S130,GPATCH4,1.0471552113141804,0.010555999408768712,0.0459685963311886,True,Up (resistant)
FAM102B_S276,FAM102B,1.2206818111603397,0.0003634792186830916,0.015227866214302154,True,Up (resistant)
RBM26_S616,RBM26,1.0287673268430417,0.002224011786218473,0.03729041491659444,True,Up (resistant)
VPS13D_S1042,VPS13D,1.0942456624265944,0.0035474998088948703,0.04441422773983942,True,Up (resistant)
RIF1_S1616,RIF1,1.2334974883285064,0.0008119739416345217,0.023567320088671618,True,Up (resistant)
RIF1_S1579,RIF1,1.4010838697692307,0.0047404517895385835,0.04525168554910525,True,Up (resistant)
RIF1_S782,RIF1,1.2483946506344772,0.00141521781669056,0.030443410124343744,True,Up (resistant)
RIF1_S1162,RIF1,1.5581831917352815,0.0016016524492379095,0.032176567224057,True,Up (resistant)
VPS53_S377,VPS53,1.1435136832120634,0.011812104848357352,0.047710674210853427,True,Up (resistant)
RPRD2_S479,RPRD2,1.153199311839412,0.0013642110827136716,0.030208387137571846,True,Up (resistant)
RPRD2_S1068,RPRD2,1.3859995550240711,2.2038298256894827e-05,0.00289832367684589,True,Up (resistant)
PRPF38B_S320,PRPF38B,1.193743882279911,0.00799173063806332,0.04525168554910525,True,Up (resistant)
PRPF38B_S318,PRPF38B,1.1313637193444883,0.004290647696823192,0.04525168554910525,True,Up (resistant)
MYSM1_S340,MYSM1,1.1857676780683306,0.00035401363843256373,0.015118293456010725,True,Up (resistant)
TAF3_S183,TAF3,1.371222144269975,7.826333070110972e-06,0.001667119173976878,True,Up (resistant)
SNX30_S40,SNX30,1.2378959630604953,0.01118515226854199,0.046950941690099654,True,Up (resistant)
LRRC16A_S1101,LRRC16A,1.0801617394727714,0.0022414917657102283,0.03737631914509536,True,Up (resistant)
LRRC16A_S1291,LRRC16A,1.8824308277140176,0.00015381707096250735,0.008840348100887751,True,Up (resistant)
FAM21A_S498,FAM21A;FAM21C,1.1034683942434924,0.0007809002129529683,0.023248690591930497,True,Up (resistant)
FAM21A_S728,FAM21A;FAM21C,1.2740328418694915,0.01192884929030994,0.04785180577419147,True,Up (resistant)
TNS3_S1441,TNS3,1.9003518091137792,5.607490478665475e-08,0.00010923879722547283,True,Up (resistant)
CDCA2_S936,CDCA2,2.2763284574575984,2.4657532492287687e-06,0.0008879060033651404,True,Up (resistant)
IQSEC1_S180,IQSEC1,1.2319833781980627,7.555688977208584e-06,0.0016615921770129737,True,Up (resistant)
OTUD7B_S467,OTUD7B,1.208494559493058,0.011574317436468836,0.04733862027628115,True,Up (resistant)
KIAA0930_S267,KIAA0930,2.8428738400433353,1.334706555991388e-05,0.0021877614806429207,True,Up (resistant)
KIAA0930_S287,KIAA0930,1.0407918261200209,0.005698231840660051,0.04525168554910525,True,Up (resistant)
JADE1_S743,JADE1,1.0450332802625901,0.009771387856671112,0.04525168554910525,True,Up (resistant)
NIPBL_S350,NIPBL,1.1552253144440847,0.00035957660384900965,0.015173487987871388,True,Up (resistant)
LIN54_S310,LIN54,1.209583293841792,0.0023366179523396234,0.03782040256394212,True,Up (resistant)
LIN54_S314,LIN54,1.1673185613136177,0.002214935026774425,0.037186822510237506,True,Up (resistant)
RSBN1L_S6,RSBN1L,1.4530179954869809,0.004172474667310414,0.04525168554910525,True,Up (resistant)
BRAT1_S742,BRAT1,1.4699516300588158,0.00011924898255800723,0.007798239003188013,True,Up (resistant)
LARP1_S75,LARP1,2.479311273705921,4.997075832462765e-06,0.001425958016795601,True,Up (resistant)
ATF7IP_S477,ATF7IP,1.0946366164007344,5.247672439024778e-05,0.004724154640941116,True,Up (resistant)
ATF7IP_S559,ATF7IP,1.08004886501039,0.0026755732540727777,0.040102367279472195,True,Up (resistant)
RAB11FIP1_S206,RAB11FIP1,1.203963956422907,0.0008813011576560508,0.02455597072410015,True,Up (resistant)
RAB11FIP1_S357,RAB11FIP1,2.1996879214247684,0.0002424869134503803,0.011945837390956195,True,Up (resistant)
GIGYF2_S384,GIGYF2,1.0922096523295863,0.011882369264967215,0.047818855668058914,True,Up (resistant)
AEBP2_S18,AEBP2,1.8779440004782124,0.006033498948737246,0.04525168554910525,True,Up (resistant)
AEBP2_S27,AEBP2,1.2616931726140699,0.0043051956931360645,0.04525168554910525,True,Up (resistant)
NFXL1_S65,NFXL1,1.0316410601481714,1.345291045356993e-05,0.0021877614806429207,True,Up (resistant)
FAM83H_S1068,FAM83H,1.532497459362311,0.00361207476866572,0.04459098278355613,True,Up (resistant)
VPS13C_S737,VPS13C,1.6142098197181056,0.00041478481305868545,0.01640794414305849,True,Up (resistant)
ASXL2_S530,ASXL2,1.6220504121166215,0.0002010360790150905,0.010557186316056351,True,Up (resistant)
MARK2_S619,MARK2,1.0329175200796925,0.00524413979837362,0.04525168554910525,True,Up (resistant)
TRMT10C_S83,TRMT10C,1.5343261205026977,0.004399987724498921,0.04525168554910525,True,Up (resistant)
DHX30_S226,DHX30,1.086387274085311,0.0003101935806560972,0.014087224264283186,True,Up (resistant)
RSRC2_S17,RSRC2,1.9753958479353209,0.005728038494717498,0.04525168554910525,True,Up (resistant)
MICAL3_S977,MICAL3,1.4024217796467333,0.007882188156069008,0.04525168554910525,True,Up (resistant)
MICAL3_S1143,MICAL3,1.160520536927752,0.00019111163614248658,0.010206817604500746,True,Up (resistant)
GPRIN1_S452,GPRIN1,1.4047947680900137,0.002695693947370264,0.040208118924227584,True,Up (resistant)
ZC3HAV1_S275,ZC3HAV1,1.3421751375264392,0.00017031634672036195,0.009277883001762697,True,Up (resistant)
TICRR_S599,TICRR,1.1664456886685635,0.00795698241908017,0.04525168554910525,True,Up (resistant)
MAVS_S152,MAVS,1.6844431265680484,0.0027275311887057442,0.04034104676969396,True,Up (resistant)
MAVS_S165,MAVS,2.1203717990032054,0.0004013028003524192,0.016098948415198905,True,Up (resistant)
HDGFRP2_S454,HDGFRP2,2.0972145077185687,1.0963689616701795e-05,0.001973986211464261,True,Up (resistant)
RAI1_S1121,RAI1,1.330284823850075,8.29405431583037e-05,0.006271963873630926,True,Up (resistant)
HUWE1_S3662,HUWE1,1.0034017853431578,0.002562706544977271,0.039870051196104685,True,Up (resistant)
TMEM55B_S162,TMEM55B,1.5235741384403028,7.556005482707135e-05,0.0058905683979619955,True,Up (resistant)
TTC7B_S678,TTC7B,1.0787142859468624,0.004263734660711505,0.04525168554910525,True,Up (resistant)
PABPN1_S150,PABPN1,1.1238472272901419,0.0020668101788623807,0.03651354781088569,True,Up (resistant)
ZC3H18_S67,ZC3H18,1.6417028626441272,0.009862962883992254,0.04525168554910525,True,Up (resistant)
ZC3HC1_S24,ZC3HC1,1.0861358232271279,0.00768493372153277,0.04525168554910525,True,Up (resistant)
PALB2_S190,PALB2,1.1299221476247716,0.0006373243659155193,0.020954116761100684,True,Up (resistant)
C2CD5_S852,C2CD5,1.7160866404374673,0.0010744072051468456,0.026336036581265626,True,Up (resistant)
ERC1_S191,ERC1;ERC2,1.3753626820606613,1.1548683193458238e-05,0.0020309567978821206,True,Up (resistant)
RELL1_S157,RELL1,1.2564038333120955,0.0006920988239512374,0.021898122622256308,True,Up (resistant)
RELL1_S161,RELL1,1.0898822687151757,0.000975283538030038,0.025343966029495353,True,Up (resistant)
NAV2_S458,NAV2,1.1819014085201758,0.0015496547783849675,0.03180051406824186,True,Up (resistant)
NAV2_S1280,NAV2,1.226465393619062,4.6065815024144894e-05,0.004381757147328097,True,Up (resistant)
NAV2_S1591,NAV2,1.08469483462871,0.002325562872111503,0.03782040256394212,True,Up (resistant)
WDR75_S796,WDR75,1.190125195394554,0.009957514941156516,0.045323717877325836,True,Up (resistant)
ZSCAN29_S153,ZSCAN29,1.1331143494277462,0.0003743973498712978,0.015410192418037743,True,Up (resistant)
SUGP2_S315,SUGP2,1.9738583588562904,1.5204125632823923e-05,0.0023463999599064186,True,Up (resistant)
SIRT2_S368,SIRT2,1.1894267618572343,0.007677470934000532,0.04525168554910525,True,Up (resistant)
BAP18_S110,BAP18,1.1387748062451521,0.0006441456603832636,0.021132448953658307,True,Up (resistant)
BAP18_S36,BAP18,1.017512337213688,0.000509868335100147,0.018536655528977458,True,Up (resistant)
PNPLA6_S353,PNPLA6,1.2717614147653826,0.010650884845315543,0.04614156274343487,True,Up (resistant)
PHACTR4_S147,PHACTR4,1.3028519788956388,0.0007996163585207867,0.023563843675058857,True,Up (resistant)
CCAR2_S675,CCAR2,1.4711331789341315,0.0006056181422688128,0.02044501960641412,True,Up (resistant)
CCAR2_S678,CCAR2,2.2746233657620465,1.6990085099263585e-05,0.00251919653962022,True,Up (resistant)
CCAR2_S681,CCAR2,1.838159922183923,1.2231415630222176e-05,0.0021262980458790826,True,Up (resistant)
REXO1_S610,REXO1,1.72338924904167,5.0584099886023344e-05,0.004647059241531049,True,Up (resistant)
REXO1_S459,REXO1,1.0444339611023885,0.007536319783548018,0.04525168554910525,True,Up (resistant)
SCML4_S311,SCML4,1.3374519735327048,0.0020598705132997093,0.03651354781088569,True,Up (resistant)
DOS_S528,DOS,1.3678167368467165,0.005199978108367428,0.04525168554910525,True,Up (resistant)
MICALL1_S273,MICALL1,1.107561837099155,5.636739674332953e-05,0.004899428208885723,True,Up (resistant)
MICALL1_S295,MICALL1,1.1408544633756712,9.846558660631552e-05,0.007006903435627029,True,Up (resistant)
MICALL1_S578,MICALL1,2.0888577704759825,1.273792461889118e-05,0.0021405374659567798,True,Up (resistant)
FNBP4_S508,FNBP4,1.1876506470813446,0.0011225314964474326,0.027052330372751048,True,Up (resistant)
CCDC82_S220,CCDC82,1.1221526635772499,3.446267973354073e-05,0.0038896534947020153,True,Up (resistant)
FAM63A_S103,FAM63A,1.329773480784823,0.0006529613762701376,0.021283163479977503,True,Up (resistant)
ARFGAP2_S146,ARFGAP2,1.4246685454768624,0.003105413418502007,0.0424093764313463,True,Up (resistant)
ARFGAP1_S150,ARFGAP1,2.5730433209840307,1.4444309348101655e-06,0.0006619870744869376,True,Up (resistant)
ZNF655_S12,ZNF655,1.5602788196224928,0.0011761217556010958,0.027836722115353638,True,Up (resistant)
C19orf47_S151,C19orf47,1.0922657104742513,3.799714953068929e-05,0.004077026388876565,True,Up (resistant)
TMEM87A_S475,TMEM87A,2.005322195410219,0.0008256515928757732,0.023612077946065402,True,Up (resistant)
NFATC2IP_S168,NFATC2IP,1.2843421919136482,0.0068697195805349056,0.04525168554910525,True,Up (resistant)
NFATC2IP_S173,NFATC2IP,1.1038855294035983,0.01122376011218788,0.047034313873839405,True,Up (resistant)
ZBTB44_S161,ZBTB44,1.175425548501181,0.004231206880679809,0.04525168554910525,True,Up (resistant)
RBM15B_S109,RBM15B,1.9290567924247028,9.189556531886446e-05,0.006714147487355102,True,Up (resistant)
SHCBP1_S273,SHCBP1,1.291250449310791,0.0008231475742957752,0.023612077946065402,True,Up (resistant)
NAV1_S391,NAV1,2.3886599392678356,1.5137162158456466e-08,5.723361012112389e-05,True,Up (resistant)
DDX55_S544,DDX55,1.70422309376033,0.003852757829431076,0.04525168554910525,True,Up (resistant)
KLHDC4_S418,KLHDC4,1.1876017673906887,6.981970151717315e-06,0.0015999290390086769,True,Up (resistant)
BAHD1_S184,BAHD1,1.0931850500471398,0.0011698971007774004,0.027732795849776493,True,Up (resistant)
TMEM163_S61,TMEM163,1.7914238558912814,0.001049949315521383,0.026104032410137507,True,Up (resistant)
PLEKHO2_S278,PLEKHO2,1.1683033178455347,0.0010221244470207747,0.02585051862331471,True,Up (resistant)
RB1CC1_S653,RB1CC1,1.208544226194178,0.0027287021188440175,0.04034104676969396,True,Up (resistant)
GEMIN5_S757,GEMIN5,1.6825261265180167,2.621212650197042e-05,0.003255503731649851,True,Up (resistant)
PARD3_S852,PARD3,1.3877898186332942,2.1004756172737613e-05,0.0028312586371771462,True,Up (resistant)
ZNF384_S214,ZNF384,1.9426093772540085,0.0002191106535467188,0.011043428121309103,True,Up (resistant)
TRIM41_S447,TRIM41,1.1277125071126406,0.00012744288622592057,0.00798081013209266,True,Up (resistant)
SYNE2_S6361,SYNE2,2.0899687150126596,0.0063091799957747646,0.04525168554910525,True,Up (resistant)
BAP1_S327,BAP1,1.2972309642034965,0.006988853517107824,0.04525168554910525,True,Up (resistant)
PHF3_S1133,PHF3,2.107375804098254,4.452539766979214e-05,0.004289185441770296,True,Up (resistant)
LARP4B_S601,LARP4B,1.2237452259970034,0.011011187985496551,0.04663536930860654,True,Up (resistant)
LARP4B_S718,LARP4B,1.2692263567125224,0.00040492930224905575,0.016201457056123598,True,Up (resistant)
ZNF516_S116,ZNF516,1.9597852212827291,0.0030380752533246225,0.04224294027104216,True,Up (resistant)
ANKS1A_S626,ANKS1A,1.305429814141597,0.0004523429775712329,0.01721110396845262,True,Up (resistant)
AKAP1_S429,AKAP1,1.3031863724542951,0.00512971048200575,0.04525168554910525,True,Up (resistant)
SYMPK_S1243,SYMPK,1.6866626401365572,0.001379496615908378,0.030280851696659374,True,Up (resistant)
SYMPK_S494,SYMPK,1.6571589746295174,0.0030374382959094436,0.04224294027104216,True,Up (resistant)
BAD_S75,BAD,1.250309664308645,0.002071663813475192,0.03651354781088569,True,Up (resistant)
BAD_S118,BAD,2.039903937961988,2.0644055195313668e-08,6.244413815478479e-05,True,Up (resistant)
ARHGEF2_S177,ARHGEF2,1.6322592610873983,0.0001266462011924089,0.00798081013209266,True,Up (resistant)
ITFG2_S104,ITFG2,1.0036051604775196,0.0009311733755966031,0.024740179653072486,True,Up (resistant)
FERMT2_S666,FERMT2,1.3216326093260022,9.862996179829766e-06,0.0018882019521993085,True,Up (resistant)
C18orf25_S145,C18orf25,1.5218989324205126,0.00014325433152793439,0.008463197304798747,True,Up (resistant)
NMD3_S25,NMD3,1.1784709923932688,0.006855107610138074,0.04525168554910525,True,Up (resistant)
REPS1_S562,REPS1,1.520302562210798,0.0015480860640638113,0.03180051406824186,True,Up (resistant)
SAAL1_S6,SAAL1,1.7137333644026214,0.00047104284292285827,0.017604276755868408,True,Up (resistant)
SIPA1_S67,SIPA1,1.1686280074148243,0.0049614523591465015,0.04525168554910525,True,Up (resistant)
LIN37_S182,LIN37,1.843773746474735,4.325897065887528e-05,0.004248368001589804,True,Up (resistant)
PRR11_S307,PRR11,1.3744071961414086,0.012585806670113256,0.048977109813718556,True,Up (resistant)
PRR11_S40,PRR11,1.0325970925343881,0.007341858573326836,0.04525168554910525,True,Up (resistant)
RBM17_S222,RBM17,2.4942125431611686,2.5027886610768505e-05,0.0032078115008581597,True,Up (resistant)
CCDC132_S494,CCDC132,1.7981307378219782,3.411089190150906e-05,0.003878895707657316,True,Up (resistant)
CCDC132_S498,CCDC132,1.504290490908975,3.4580094256083687e-06,0.0011369333598456731,True,Up (resistant)
CHAMP1_S452,CHAMP1,1.0462012983210442,0.00681905199674964,0.04525168554910525,True,Up (resistant)
CHAMP1_S386,CHAMP1,1.0085424611077762,0.00021131139185010163,0.010781018573752433,True,Up (resistant)
EP400_S1732,EP400,1.2306785297109712,0.0014952329680693484,0.031261884135666516,True,Up (resistant)
ALPK3_S1852,ALPK3,1.2769702442509043,0.00624761344355055,0.04525168554910525,True,Up (resistant)
ALPK3_S1855,ALPK3,1.2769702442509043,0.00624761344355055,0.04525168554910525,True,Up (resistant)
NDNL2_S64,NDNL2,1.2327284349240415,0.0009036890748124292,0.024670942096344413,True,Up (resistant)
DOCK7_S180,DOCK7,1.867243338924368,5.876790748401884e-05,0.004965395713901123,True,Up (resistant)
DOCK7_S182,DOCK7,1.9868660152318007,0.0009437719745720226,0.024906875050719028,True,Up (resistant)
MUS81_S95,MUS81,1.4005228994077434,0.0004202577953752726,0.016509036096767852,True,Up (resistant)
AGAP3_S538,AGAP3,1.2432544878983087,0.0024010112449206005,0.038215372982489566,True,Up (resistant)
NEDD4L_S487,NEDD4L,1.2437429284578343,0.007811643723314001,0.04525168554910525,True,Up (resistant)
SMG1_S3570,SMG1,1.2014131667469101,0.0006009375740180153,0.020387609498675713,True,Up (resistant)
NACC1_S145,NACC1,2.4434947592505765,0.00015709841243739445,0.008932166878583284,True,Up (resistant)
UIMC1_S653,UIMC1,1.696698954354975,1.7253477045085965e-06,0.0007248377411941116,True,Up (resistant)
TGS1_S89,TGS1,2.2927825079586555,1.2310669648236562e-08,5.723361012112389e-05,True,Up (resistant)
CRAMP1L_S307,CRAMP1L,1.23194747092111,0.00016172264752887074,0.009025436609692404,True,Up (resistant)
RANBP9_S483,RANBP9,1.127168482618412,0.0009165798173477182,0.024740179653072486,True,Up (resistant)
CLCC1_S509,CLCC1,1.9210822413064683,0.004016160148784457,0.04525168554910525,True,Up (resistant)
CLCC1_S438,CLCC1,1.0493545120121581,0.010851319262959336,0.04649160128413513,True,Up (resistant)
SRPK1_S311,SRPK1,1.0236775503476139,0.006561821515229141,0.04525168554910525,True,Up (resistant)
SIN3A_S832,SIN3A,1.9409158945047515,0.00017930231814479946,0.009684886641506954,True,Up (resistant)
RSF1_S397,RSF1,1.1267326455337638,0.008761603523128197,0.04525168554910525,True,Up (resistant)
UHRF1_S287,UHRF1,1.9681050983415354,2.2398459119742754e-06,0.0008262299895780229,True,Up (resistant)
SEC62_S356,SEC62,1.6465035485538486,0.0003298032021713176,0.014542109707402355,True,Up (resistant)
MPHOSPH8_S403,MPHOSPH8,1.1903226361689399,0.0010107226520796072,0.025777688684741958,True,Up (resistant)
MPHOSPH8_S85,MPHOSPH8,1.4552638420244612,0.006915667957231103,0.04525168554910525,True,Up (resistant)
ELF4_S151,ELF4,1.024884504612821,0.004539277995047225,0.04525168554910525,True,Up (resistant)
CDCA3_S87,CDCA3,1.019725182498977,0.007568053316026645,0.04525168554910525,True,Up (resistant)
ATXN2_S624,ATXN2,1.7969826863827407,6.284917471152211e-05,0.005251552035011383,True,Up (resistant)
NAP1L4_S5,NAP1L4,1.1536902288207571,0.007254866500191733,0.04525168554910525,True,Up (resistant)
NAP1L4_S7,NAP1L4,1.2692939305082582,0.011088058096920256,0.046754687885340866,True,Up (resistant)
ARID3A_S88,ARID3A,1.033244681888572,0.0017203294203170622,0.033442496340456616,True,Up (resistant)
ARID3A_S119,ARID3A,1.5315219488616165,0.006207623609722014,0.04525168554910525,True,Up (resistant)
MYBBP1A_S1186,MYBBP1A,1.0819458088651928,0.0016097516641300183,0.032246204196427014,True,Up (resistant)
MYBBP1A_S1241,MYBBP1A,1.5044907283962878,0.005367791949190753,0.04525168554910525,True,Up (resistant)
TTYH2_S504,TTYH2,2.123388082821265,0.0005677353659292735,0.019968441103056588,True,Up (resistant)
DIDO1_S898,DIDO1,1.6106215399342716,0.0012957907303043467,0.029469983466350283,True,Up (resistant)
RPP25_S161,RPP25,1.7323373944525358,0.011098715037192647,0.04678287798843411,True,Up (resistant)
WRAP53_S90,WRAP53,1.158534201804791,0.007098566893010057,0.04525168554910525,True,Up (resistant)
WRAP53_S30,WRAP53,1.330369101917519,0.011575916964750904,0.04733862027628115,True,Up (resistant)
UTP14A_S434,UTP14A,1.3685818069667626,5.991346575881096e-06,0.001510218760227095,True,Up (resistant)
UTP14A_S445,UTP14A,1.1008885659149072,0.00904491182223564,0.04525168554910525,True,Up (resistant)
DDA1_S95,DDA1,1.2614542540742946,0.004556285121664674,0.04525168554910525,True,Up (resistant)
HIRIP3_S530,HIRIP3,2.477429830991131,2.5344499055203002e-05,0.00322109414883101,True,Up (resistant)
RPAP1_S80,RPAP1,1.1137237150330428,0.006947183678137059,0.04525168554910525,True,Up (resistant)
SLC4A1AP_S82,SLC4A1AP,1.03399574602334,0.002326980298592325,0.03782040256394212,True,Up (resistant)
RAB11FIP5_S307,RAB11FIP5,1.7052576131474844,1.9432337589415986e-05,0.002746679193479695,True,Up (resistant)
BCL2L13_S305,BCL2L13,1.7116988425570803,0.0036251132273234,0.04459098278355613,True,Up (resistant)
PARD6B_S11,PARD6B,1.0226081514422205,7.529527363518297e-05,0.0058905683979619955,True,Up (resistant)
OSBPL8_S14,OSBPL8,1.6383253268020042,0.0014612204906986124,0.03099557912211434,True,Up (resistant)
TNKS1BP1_S1439,TNKS1BP1,1.1405871481874712,0.00019645575581285694,0.01038880017801975,True,Up (resistant)
UBE2O_S401,UBE2O,1.4941160725209848,6.812379145826405e-05,0.00553927001083218,True,Up (resistant)
UBE2O_S836,UBE2O,1.113047442997285,0.00024165483401951903,0.011945837390956195,True,Up (resistant)
UBE2O_S839,UBE2O,1.4310503070540435,0.010309637450856664,0.04572996168822306,True,Up (resistant)
TANC1_S270,TANC1,1.2976390011567602,0.0037149686056122465,0.04492933307608377,True,Up (resistant)
TTYH3_S496,TTYH3,1.4226403943369448,0.00299556973890368,0.04200361263764351,True,Up (resistant)
DDX24_S287,DDX24,1.7981543070678256,0.006177019058975975,0.04525168554910525,True,Up (resistant)
MFF_S155,MFF,2.997280490428075,7.525720685087071e-07,0.0004742458318385703,True,Up (resistant)
MFF_S157,MFF,2.31802086581596,0.00027860602944246294,0.013005054287925338,True,Up (resistant)
XRN2_S471,XRN2,1.437973233814553,0.0009468292652210516,0.024906875050719028,True,Up (resistant)
XRN2_S475,XRN2,2.165680273824872,0.0008201817861137406,0.023612077946065402,True,Up (resistant)
XRN2_S487,XRN2,1.2631663872174457,0.0012646362240923898,0.029138029933700686,True,Up (resistant)
DNTTIP1_S161,DNTTIP1,1.0469779749603987,0.004834964705902251,0.04525168554910525,True,Up (resistant)
SLC6A15_S687,SLC6A15,2.1337423151315313,6.122949370378396e-05,0.005144638126533492,True,Up (resistant)
ADNP_S1071,ADNP,1.981206299291614,0.0010076119458201068,0.025741761940174482,True,Up (resistant)
ZNF106_S1370,ZNF106,1.1074398457924985,0.0026119264416836385,0.04005438505869344,True,Up (resistant)
ZNF106_S1025,ZNF106,2.032676299804127,1.0367649628305575e-05,0.0019095504623337395,True,Up (resistant)
ZNF106_S861,ZNF106,2.03526660242672,1.2726709701371914e-06,0.0006208992178178995,True,Up (resistant)
PNN_S450,PNN,1.097831507676858,0.0013201401306087723,0.029622847678526812,True,Up (resistant)
DSN1_S125,DSN1,1.0382719709981316,0.00795757698084985,0.04525168554910525,True,Up (resistant)
SENP3_S232,SENP3,1.0816358774553727,0.0016558184458660742,0.032907487746752305,True,Up (resistant)
SUV39H2_S388,SUV39H2,1.1003004790878421,0.01143023039122235,0.04722728334769722,True,Up (resistant)
CCDC86_S69,CCDC86,1.1384115788430123,0.007931176246130758,0.04525168554910525,True,Up (resistant)
REEP4_S152,REEP4,1.9163970978465663,6.281270377377609e-06,0.0015111900337096945,True,Up (resistant)
YTHDC2_S1090,YTHDC2,1.3982708976566656,6.520465523226663e-05,0.00533056867963676,True,Up (resistant)
PEAK1_S370,PEAK1,1.030808732339267,0.0034553029771829417,0.0439142875856427,True,Up (resistant)
ACTR8_S412,ACTR8,1.2070981117911899,0.0013598185094903762,0.030155271462657552,True,Up (resistant)
PLEKHA5_S410,PLEKHA5,2.040484939533126,2.864158890530902e-07,0.00030941099328849543,True,Up (resistant)
SP110_S244,SP110,1.3505081209435978,0.002210815894469896,0.037186822510237506,True,Up (resistant)
ZNF532_S314,ZNF532,1.5412474009751094,0.00011917685346378613,0.007798239003188013,True,Up (resistant)
CWC22_S61,CWC22,1.6400093133027163,1.8413751088878814e-05,0.0026777843410404154,True,Up (resistant)
SYTL2_S488,SYTL2,1.155186654553745,0.009407674391104449,0.04525168554910525,True,Up (resistant)
SYTL2_S493,SYTL2,1.3609982820961264,0.00010112979371801029,0.007113893024145059,True,Up (resistant)
SYTL2_S322,SYTL2,1.848611290795322,0.0016789937687427354,0.033107042709863276,True,Up (resistant)
SYTL2_S301,SYTL2,1.2359144813350937,0.0038739181659004653,0.04525168554910525,True,Up (resistant)
SYTL2_S460,SYTL2,1.186812342935685,8.9881037486553e-05,0.00663102834608111,True,Up (resistant)
SYTL2_S278,SYTL2,1.07537020134615,0.006381151223540568,0.04525168554910525,True,Up (resistant)
CHD8_S2046,CHD8,1.4638144744075277,0.00033944139008553744,0.014880323430880197,True,Up (resistant)
JPH1_S216,JPH1,1.039778206847263,0.0032041980050088225,0.042981798821846176,True,Up (resistant)
IL1RAP_S556,IL1RAP,1.4361807475074428,0.005650377962771776,0.04525168554910525,True,Up (resistant)
IL1RAP_S557,IL1RAP,1.440449074376538,0.003756146282306067,0.045034455102703055,True,Up (resistant)
RIC8A_S502,RIC8A,1.2026243959035448,0.000409000868621839,0.01627823457114919,True,Up (resistant)
RTN4_S11,RTN4,1.6984664986605083,0.00036017470164280803,0.015173487987871388,True,Up (resistant)
RTN4_S12,RTN4,1.8667102228624088,0.0006751635624553179,0.02158810511326475,True,Up (resistant)
INCENP_S306,INCENP,1.4486312787077509,0.009280781480168756,0.04525168554910525,True,Up (resistant)
ACSS2_S267,ACSS2,1.485761746428583,4.7504778692519046e-05,0.00445046376975827,True,Up (resistant)
DDX21_S13,DDX21,1.7043225680719338,3.1903927683662327e-05,0.003683320628150451,True,Up (resistant)
BAZ1A_S1413,BAZ1A,1.2715774514250633,0.005440618407828988,0.04525168554910525,True,Up (resistant)
HELLS_S115,HELLS,1.2661990524493447,0.0014963957978125226,0.031261884135666516,True,Up (resistant)
MBIP_S91,MBIP,1.0499460093291333,0.010164421004018088,0.04567044066095352,True,Up (resistant)
BRWD1_S2018,BRWD1,1.2001752568732762,0.006314491793831278,0.04525168554910525,True,Up (resistant)
PDS5B_S1182,PDS5B,1.9263474726381702,0.00035058706323548604,0.01506329188742469,True,Up (resistant)
PDS5B_S1383,PDS5B,1.518969140343362,0.010550518974640356,0.0459685963311886,True,Up (resistant)
ZBTB40_S190,ZBTB40,1.6967021370069695,3.2551767081999904e-06,0.0010940287229959256,True,Up (resistant)
ZBTB40_S214,ZBTB40,1.4784887018972093,0.0009886460334659105,0.0254275275918074,True,Up (resistant)
GNL3L_S465,GNL3L,1.520755479400833,0.00012953378746711556,0.008062012352480065,True,Up (resistant)
INTS10_S231,INTS10,2.851488978748897,6.115426455772917e-06,0.0015111900337096945,True,Up (resistant)
POLR3E_S503,POLR3E,1.8723097607569166,0.006747892521539565,0.04525168554910525,True,Up (resistant)
WDR70_S638,WDR70,1.751608106804337,1.6492935502627225e-05,0.0024696946192250906,True,Up (resistant)
SLTM_S1002,SLTM,1.5273633679490892,0.00797165968401608,0.04525168554910525,True,Up (resistant)
SLTM_S553,SLTM,1.6651348644638624,0.004802298030885163,0.04525168554910525,True,Up (resistant)
UCKL1_S56,UCKL1,1.06768826861477,0.0008600679926376351,0.024132965344437096,True,Up (resistant)
CWC25_S218,CWC25,1.1536109067893605,0.003247530919074163,0.042981798821846176,True,Up (resistant)
KCTD5_S10,KCTD5,1.012785098900249,0.002341967574867727,0.03782040256394212,True,Up (resistant)
ABI2_S227,ABI2,2.101361241188023,5.069854369562438e-05,0.004647059241531049,True,Up (resistant)
ABI2_S183,ABI2,1.7810712932113475,4.2057610366999084e-05,0.004219211579587083,True,Up (resistant)
BCLAF1_S198,BCLAF1,1.1140459745206144,0.0053825967628879446,0.04525168554910525,True,Up (resistant)
CDK12_S1083,CDK12,-1.678588030838867,0.007135879759592261,0.04525168554910525,True,Down (resistant)
GTSE1_S575,GTSE1,1.0850918013833315,0.0074523598065021415,0.04525168554910525,True,Up (resistant)
SMARCAL1_S112,SMARCAL1,1.1789651104888925,8.8835268784443e-05,0.0065860029661564505,True,Up (resistant)
EIF2AK3_S555,EIF2AK3,1.1894564845143378,0.0007202017261646161,0.02241220351134497,True,Up (resistant)
MPP6_S106,MPP6,1.3608609625459138,0.00017133063887915414,0.009287471621535223,True,Up (resistant)
PHRF1_S1371,PHRF1,1.0243601899862753,0.00820130210601772,0.04525168554910525,True,Up (resistant)
PHRF1_S1229,PHRF1,1.0480132492305927,0.005886319869080366,0.04525168554910525,True,Up (resistant)
PHRF1_S1124,PHRF1,1.0588405129225116,0.010257983674799792,0.04572362020246281,True,Up (resistant)
PHRF1_S5,PHRF1,1.1677468026222506,1.3655015145844928e-05,0.002197004777295305,True,Up (resistant)
SLAIN2_S63,SLAIN2,1.5165059807294377,0.0022993761027559376,0.03775870160486515,True,Up (resistant)
SLAIN2_S315,SLAIN2,1.4020383607442888,0.008865769802687048,0.04525168554910525,True,Up (resistant)
PTGFRN_S875,PTGFRN,1.341540684303265,0.00018193468009506644,0.009792100006255461,True,Up (resistant)
CHD7_S1874,CHD7,1.764767426118624,5.784591475302787e-05,0.004950980531141846,True,Up (resistant)
FRMD4A_S604,FRMD4A,1.69531631515747,0.007008660351711852,0.04525168554910525,True,Up (resistant)
RERE_S1266,RERE,1.4839086617243922,1.9987324015101435e-05,0.0027989656333740195,True,Up (resistant)
LRWD1_S259,LRWD1,1.5980551076136038,0.0002000551169433794,0.010542277312375158,True,Up (resistant)
LIMD1_S316,LIMD1,2.080433636894824,2.2012281256281013e-05,0.00289832367684589,True,Up (resistant)
HMGXB4_S497,HMGXB4,1.159598836834526,0.0013671336324112056,0.030228843649981102,True,Up (resistant)
LIMA1_S686,LIMA1,1.5041165346963012,0.006345177733899423,0.04525168554910525,True,Up (resistant)
AFF4_S694,AFF4,1.0038283526694443,0.0027035373823108746,0.040233124207251406,True,Up (resistant)
DDX20_S714,DDX20,1.2806927934766357,0.0020810288761700774,0.03651354781088569,True,Up (resistant)
BAIAP2L1_S261,BAIAP2L1,2.575160477914306,4.107088128276511e-05,0.0041688322719499295,True,Up (resistant)
SAP30BP_S113,SAP30BP,1.0243038592572589,0.004318166676393487,0.04525168554910525,True,Up (resistant)
BAZ2A_S1783,BAZ2A,1.4355474775579111,0.007481997227611613,0.04525168554910525,True,Up (resistant)
BAZ1B_S361,BAZ1B,1.0984420607684378,0.0031663862305631556,0.0428747276808424,True,Up (resistant)
BAZ1B_S1342,BAZ1B,2.0544445578189325,0.0022536292555355854,0.03745482292386834,True,Up (resistant)
GGT7_S72,GGT7,1.825179050156052,0.00014637378287681922,0.008547324680420904,True,Up (resistant)
MCM8_S630,MCM8,1.723850478313242,1.35927589756392e-06,0.0006424277710861476,True,Up (resistant)
RASAL2_S16,RASAL2,-1.5113623306941513,0.00016115763584857528,0.009025436609692404,True,Down (resistant)
DBR1_S514,DBR1,1.0347828327765285,0.004161161141482676,0.04525168554910525,True,Up (resistant)
FAM208A_S927,FAM208A,1.3991264150491816,0.0030799974542202757,0.0422974458207846,True,Up (resistant)
CDV3_S107,CDV3,1.6854555438103844,0.001386001405705167,0.030299390508428968,True,Up (resistant)
ZNF608_S421,ZNF608,1.59044858478455,4.767092903338004e-05,0.00445046376975827,True,Up (resistant)
KIDINS220_S918,KIDINS220,1.0555039625796532,0.007342289325420137,0.04525168554910525,True,Up (resistant)
ZBTB21_S345,ZBTB21,1.205249667828589,0.013051278174734659,0.04978247947406985,True,Up (resistant)
YEATS2_S627,YEATS2,1.7570725023425702,8.221266017569705e-06,0.0017269226006906143,True,Up (resistant)
YEATS2_S447,YEATS2,1.0180593389590307,0.004486385441498678,0.04525168554910525,True,Up (resistant)
ZMYND8_S24,ZMYND8,1.1785056104489264,0.004751196169478792,0.04525168554910525,True,Up (resistant)
ZMYND8_S406,ZMYND8,1.9053082996660713,2.5632921658192844e-05,0.0032306025596542383,True,Up (resistant)
MAGED2_S162,MAGED2,1.174264294881965,0.0032177775930350917,0.042981798821846176,True,Up (resistant)
ZC3H4_S908,ZC3H4,1.8155078886867386,0.007814907475983499,0.04525168554910525,True,Up (resistant)
USP24_S2604,USP24,1.3223290563496448,1.4538929419105561e-05,0.002275328438303057,True,Up (resistant)
SRRM2_S1462,SRRM2,1.1601949129366886,0.0027081010607631537,0.040233124207251406,True,Up (resistant)
SRRM2_S455,SRRM2,1.1340742635148011,0.002150947903596713,0.03663393704278906,True,Up (resistant)
SRRM2_S1233,SRRM2,2.050278817311522,9.558152107498037e-06,0.0018533011855615426,True,Up (resistant)
SRRM2_S2740,SRRM2,2.165657552040159,0.0008568599107452475,0.024087638085708407,True,Up (resistant)
SRRM2_S2426,SRRM2,2.118119675485687,0.0001062709033040184,0.0073087719395866875,True,Up (resistant)
SRRM2_S1132,SRRM2,1.7651161381604084,0.0011931281714653665,0.02810727486797851,True,Up (resistant)
SRRM2_S1541,SRRM2,1.231476945974702,0.007817091510107949,0.04525168554910525,True,Up (resistant)
SRRM2_S1854,SRRM2,1.2538006512658235,0.005681044818072715,0.04525168554910525,True,Up (resistant)
SRRM2_S2272,SRRM2,1.6202563926126246,0.0007739715196109555,0.023107994043046406,True,Up (resistant)
ZNF148_S665,ZNF148,1.2152034680697987,0.011612766285045387,0.04736256034829987,True,Up (resistant)
FRMD4B_S694,FRMD4B,1.7096317397958387,3.815839850067227e-05,0.004077026388876565,True,Up (resistant)
THRAP3_S698,THRAP3,2.2636067841409613,0.0001842427859961454,0.009881162749665613,True,Up (resistant)
WBP11_S237,WBP11,1.8530238806517083,2.040479827229225e-05,0.0028054742642740723,True,Up (resistant)
GIT1_S596,GIT1,1.0055946334458774,0.00921784320143137,0.04525168554910525,True,Up (resistant)
CHMP3_S200,CHMP3,2.4087229053875774,3.123870603666028e-05,0.0036342630007573087,True,Up (resistant)
DMXL1_S1970,DMXL1,1.3962343312821481,1.9091538022333337e-05,0.002736770470005287,True,Up (resistant)
TRRAP_S2051,TRRAP,1.178302209371303,0.00013277415833366744,0.008129863848738405,True,Up (resistant)
USP15_S229,USP15,1.2063245751932214,0.0039008120015910828,0.04525168554910525,True,Up (resistant)
IRS2_S391,IRS2,1.1743887480128272,0.004442249538488483,0.04525168554910525,True,Up (resistant)
UTP18_S206,UTP18,1.0787481134538908,0.007977669971246446,0.04525168554910525,True,Up (resistant)
TRPV2_S7,TRPV2,1.1577528581425973,0.008127994303896923,0.04525168554910525,True,Up (resistant)
RBM8A_S56,RBM8A,1.6496716091104204,0.0017764190635294198,0.03383697974410446,True,Up (resistant)
SLC4A4_S257,SLC4A4,1.1256994611853663,0.010599002195997048,0.046042942126582345,True,Up (resistant)
IVNS1ABP_S338,IVNS1ABP,1.5022770010704107,7.139137732676121e-05,0.005712821114761569,True,Up (resistant)
MYL12A_T134,MYL12A;MYL12B,1.140912494325395,0.0003490879320851985,0.015041612207568496,True,Up (resistant)
KALRN_T1912,KALRN,1.782523802045933,0.0006012214914314578,0.020387609498675713,True,Up (resistant)
SMARCA5_T113,SMARCA5,1.0470694993167342,0.011318035663634393,0.04715536401564919,True,Up (resistant)
NME2P1_T94,NME2P1;NME1;NME2,1.7715206976615292,4.113905212021197e-07,0.00037453923737504986,True,Up (resistant)
NCOR1_T2396,NCOR1,1.6015907849412798,0.0028552247889863987,0.04085375563730397,True,Up (resistant)
SF3B1_T350,SF3B1,1.474585675905196,0.0011100590475805233,0.026818742868383122,True,Up (resistant)
ICAM1_T530,ICAM1,1.682113614966024,0.004039634708842244,0.04525168554910525,True,Up (resistant)
RB1_T826,RB1,1.6577791272726863,7.937860676102196e-05,0.006094020551541604,True,Up (resistant)
CDK1_T14,CDK1,1.1644770752914972,0.007661213308922623,0.04525168554910525,True,Up (resistant)
PARP1_T368,PARP1,1.9709039798246444,0.0020728741862843605,0.03651354781088569,True,Up (resistant)
HIST1H1B_T4,HIST1H1B,1.3151268909594194,0.01031309547352461,0.04572996168822306,True,Up (resistant)
NF1_T2565,NF1,1.449545217422198,0.0005883117732455502,0.02017602552962744,True,Up (resistant)
CDK2_T14,CDK2;CDK3,1.1644770752914972,0.007661213308922623,0.04525168554910525,True,Up (resistant)
MKI67_T2085,MKI67,1.5160660007486761,0.0017567381975081668,0.03362136834092113,True,Up (resistant)
HIRA_T555,HIRA,1.1252234331691753,0.003605566227341213,0.04459098278355613,True,Up (resistant)
SNX16_T109,SNX16,1.1856617168358028,0.002987908694119922,0.04200361263764351,True,Up (resistant)
RPS6_T241,RPS6,1.191063994645674,0.0017897970379046049,0.0340489187437349,True,Up (resistant)
KMT2A_T1845,KMT2A,1.2330581532473133,0.00029750611497774446,0.013717934399156728,True,Up (resistant)
TP53BP1_T321,TP53BP1,1.5631678030679623,0.007084622623193842,0.04525168554910525,True,Up (resistant)
TRIM28_T541,TRIM28,1.196130732648907,3.6565394575926375e-05,0.004036606040630004,True,Up (resistant)
ADAM9_T761,ADAM9,1.1197002875854665,0.003949748704820806,0.04525168554910525,True,Up (resistant)
EIF4EBP1_T68,EIF4EBP1,1.9846939871968168,2.974531356663246e-05,0.00351942026594401,True,Up (resistant)
MDC1_T378,MDC1,2.3279863797399543,0.0015732364941981217,0.03212216402451958,True,Up (resistant)
CLINT1_T308,CLINT1,1.0094554420227837,0.0011321193190390766,0.02709204522333385,True,Up (resistant)
NOLC1_T607,NOLC1,1.1049799565648968,0.0025297077465295994,0.039472652988598825,True,Up (resistant)
NOLC1_T610,NOLC1,1.1049799565648968,0.0025297077465295994,0.039472652988598825,True,Up (resistant)
PLEC_T4030,PLEC,1.4745536565108246,2.459762296654363e-05,0.003179610681589794,True,Up (resistant)
NONO_T428,NONO,2.2328634486520933,4.760912001550543e-06,0.0014118437864990277,True,Up (resistant)
CPSF6_T407,CPSF6,1.4096155822094971,0.0029189278082176447,0.04152950533535622,True,Up (resistant)
KNOP1_T131,KNOP1,1.7648818464615381,0.0009902680343543083,0.0254275275918074,True,Up (resistant)
MAP7D1_T97,MAP7D1,1.449894321942324,4.222029968834394e-05,0.004219211579587083,True,Up (resistant)
TBC1D10B_T150,TBC1D10B,1.5909884407841872,0.009392895837841255,0.04525168554910525,True,Up (resistant)
LIN9_T96,LIN9,1.256136891477123,0.0004714184135233209,0.017604276755868408,True,Up (resistant)
RPRD2_T732,RPRD2,2.046501999811099,0.00025857436142454445,0.012375565323369652,True,Up (resistant)
KDM3B_T729,KDM3B,1.2388538288392539,0.0036709727057190446,0.04466132514680056,True,Up (resistant)
ZC3HAV1_T273,ZC3HAV1,1.0513452780020067,9.54714032626081e-05,0.006890035500502336,True,Up (resistant)
RBBP6_T984,RBBP6,1.6384534625589318,0.00043302782316008946,0.016731084225395668,True,Up (resistant)
UBR1_T21,UBR1,1.4721546414578945,0.0020162213790612666,0.03651354781088569,True,Up (resistant)
CREBBP_T974,CREBBP,1.1333214733240524,0.0036024170956917506,0.04459098278355613,True,Up (resistant)
EP400_T945,EP400,1.4660630839995221,0.011485488430115562,0.0472605877400179,True,Up (resistant)
EP400_T3152,EP400,1.2034194378255592,0.005187684271000892,0.04525168554910525,True,Up (resistant)
RBM14_T572,RBM14,1.2941932369497202,0.009368024760421919,0.04525168554910525,True,Up (resistant)
SMG1_T3573,SMG1,1.142316869983759,0.001199506088013091,0.028203668210347414,True,Up (resistant)
SPEN_T2421,SPEN,1.0635371131782492,0.006631949582265317,0.04525168554910525,True,Up (resistant)
MFF_T138,MFF,1.0502955395333586,0.010905835472169969,0.04654810217930611,True,Up (resistant)
ZNF106_T1372,ZNF106,1.152408576187387,0.002125835517203874,0.03651354781088569,True,Up (resistant)
CENPH_T68,CENPH,1.031651914510899,0.00016473457178069003,0.009126174591982256,True,Up (resistant)
CCDC86_T65,CCDC86,1.3071652970971321,0.012310044860906968,0.04846077297813479,True,Up (resistant)
GORASP2_T225,GORASP2,1.6583086127776951,0.00037244473781632696,0.015390312062115108,True,Up (resistant)
JPH1_T461,JPH1,1.0045974677435225,0.010043215575972946,0.0454907434474438,True,Up (resistant)
PPAN_T233,PPAN,1.0298600350653118,0.011397766979678762,0.04722728334769722,True,Up (resistant)
PDS5B_T1381,PDS5B,1.4764687524943234,0.012074401996208567,0.04802786595729223,True,Up (resistant)
CDK12_T692,CDK12,1.3725651530380176,0.012857080972595606,0.04950368956963746,True,Up (resistant)
BAIAP2L1_T248,BAIAP2L1,1.1294975559929483,0.0008565178426222236,0.024087638085708407,True,Up (resistant)
BAIAP2L1_T252,BAIAP2L1,1.496567477724831,0.011122335352952551,0.0468172000773878,True,Up (resistant)
BAIAP2L1_T257,BAIAP2L1,2.134130890916861,0.00013139383697772613,0.008078050367687521,True,Up (resistant)
G3BP2_T227,G3BP2,1.101848594767155,0.004261606771315264,0.04525168554910525,True,Up (resistant)
SRRM2_T2738,SRRM2,2.1514036914559824,0.0009105361308489497,0.02472342628897579,True,Up (resistant)
ZNF148_T670,ZNF148,1.0851655107347113,0.001212547450924055,0.028320293532965054,True,Up (resistant)
NA_Y51,NA,1.080472856231662,0.004733445352535351,0.04525168554910525,True,Up (resistant)
CDK1_Y15,CDK1,1.4468676753445315,0.008556844598518269,0.04525168554910525,True,Up (resistant)
CDK2_Y15,CDK2;CDK3,1.4468676753445315,0.008556844598518269,0.04525168554910525,True,Up (resistant)
GSK3A_Y216,GSK3A;GSK3B,1.5264907221503599,0.003240059365424682,0.042981798821846176,True,Up (resistant)
