,gene,modified_seq,ptm_location,SK,HTB69,G361,SH4,A375,7951
CYGB_T179,CYGB,_EVGWVQQVPNAT[Phospho (STY)]TPPATLPSSGP_,(T179),20.766909402368388,0.0,20.67454854020737,19.88724041834571,13.338077348606843,10.136029388669854
RGS3_S943,RGS3,_THS[Phospho (STY)]EGSLLQEPR_,(S943),13.738901719484227,0.3537764622928712,0.0,4.365818463384466,16.228378682877505,16.71716782490189
EHD2_S438,EHD2,_GPDEAMEDGEEGS[Phospho (STY)]DDEAEWVVTK_,(S438),9.940082032612082,0.0,15.52006866582379,13.764912986168584,17.896411333380144,22.411721938883204
CALR_S231.1,CALR,_IDDPTDS[Phospho (STY)]KPEDWDKPEHIPDPDAK_,(S231),9.136607090614431,0.0,10.345863843513424,0.0,15.23451549535584,18.224378105425977
ITGA5_S128,ITGA5,_LLESSLSSS[Phospho (STY)]EGEEPVEYK_,(S128),0.0,12.97513145692134,10.345863843513424,13.167363780343727,19.186250940040246,21.548490902783787
LMNA_T409,LMNA,_ASS[Phospho (STY)]HSSQT[Phospho (STY)]QGGGSVTK_,"(S404,T409)",0.0,18.645665112167535,19.029497701263164,17.153363459529672,16.34435634122081,20.01379147351946
STK11_S31,STK11,_IDS[Phospho (STY)]TEVIYQPR_,(S31),18.998855453757244,18.33222176407191,0.33215991588877203,18.868655437890766,18.64007318903375,19.139940292076624
PLEKHG2_S1318,PLEKHG2,_ASS[Phospho (STY)]PPPQPQPPPPPAR_,(S1318),18.239893197155222,0.0,10.345863843513424,18.155493558229242,10.124882100475139,18.520815833695092
NDRG1_S330.3,NDRG1,_SRT[Phospho (STY)]AS[Phospho (STY)]GSSVTSLDGTR_,"(T328,S330)",15.120449364010737,0.0,7.834856878479517,3.846452295731946,16.56358219676597,17.421811391587397
GRAMD1B_S30.1,GRAMD1B,_S[Phospho (STY)]RS[Phospho (STY)]PTPQNQDGDTMVEK_,"(S28,S30)",13.890830937757404,13.633482966642868,13.813401721599496,0.0,0.0,14.2800699098169
CLOCK_T429,CLOCK,_FDHSPT[Phospho (STY)]PSASSR_,(T429),0.0,14.315088876213132,14.930523138416193,6.997129883672671,0.0,0.0
MLPH_S268.1,MLPH,_AEGLEEADTGASGC[Carbamidomethyl (C)]HSHPEEQPTS[Phospho (STY)]ISPS[Phospho (STY)]R_,"(C254,S264,S268)",18.75222345626468,16.639163636387902,17.354785416258068,14.403298140485498,10.124882100475139,0.0
SEC62_T343,SEC62,_VGPGNHGTEGS[Phospho (STY)]GGERHS[Phospho (STY)]DT[Phospho (STY)]DSDRR_,"(S335,S341,T343)",16.89714286642006,18.676913776450494,17.73882507561334,0.0,14.72698050367926,15.842764726486669
LPIN3_S204,LPIN3,_DIYPYS[Phospho (STY)]DGEWPPQASLSAGELTSPK_,(S204),0.0,18.881403748012023,17.690863551489365,17.27855381468234,12.566614196765439,14.000556084502273
SLC9A7_S694,SLC9A7,_SS[Phospho (STY)]SEEVLER_,(S694),15.055960141572868,0.0,14.628458333938296,18.62021260384634,17.253727645605217,17.43633467782691
TRPV4_S824.1,TRPV4,_WSS[Phospho (STY)]VVPR_,(S824),9.940082032612082,0.0,9.987486171474238,0.0,13.418666394796283,16.73541833115763
JUN_S243.2,JUN,_EEPQTVPEM[Oxidation (M)]PGETPPLS[Phospho (STY)]PIDMESQER_,"(M235,S243)",0.0,14.208789538333926,10.345863843513424,10.046856072109332,0.0,16.00271531170505
H1-5_unk.1,H1-5,_M[Oxidation (M)]SETAPAETATPAPVEK_,(M1),17.546868844277753,16.258831042247156,14.246758281881565,0.0,16.866039167985655,17.956461468815437
FAM83H_S1068,FAM83H,_AVPAPSPGPTHNS[Phospho (STY)]PELGRPPAAGVLAPDMSDK_,(S1068),13.628226533164598,15.991631617847787,18.304970534123544,18.04942654643289,0.0,15.54271310402795
SRRM2_S1893,SRRM2,_SRT[Phospho (STY)]S[Phospho (STY)]PVSR_,"(T1892,S1893)",0.0,14.940430638019132,16.240382582082557,17.22676473541391,8.731189445963274,17.317165110448343
MAP1A_S667.2,MAP1A,_AELEEMEEVHPS[Phospho (STY)]DEEEEDATK_,(S667),17.263623292164574,0.0,14.520594583583676,15.869800338663953,17.505828940845614,17.369762597688684
ZDHHC23_S206,ZDHHC23,_SLS[Phospho (STY)]SSQLEC[Carbamidomethyl (C)]LSR_,"(S206,C212)",15.457133528530193,0.0,10.345863843513424,12.958056852187248,12.61391656842998,0.0
PLEKHG2_T466,PLEKHG2,_NT[Phospho (STY)]APSPGPSVIR_,(T466),0.0,14.390520987431692,17.553064646434674,15.69473683793571,17.5966004712714,16.914120438236466
PCDH7_S1011.2,PCDH7,_SSSPLPTVQLHPQS[Phospho (STY)]PTAGK_,(S1011),17.436361982263058,14.630735308582594,10.345863843513424,18.33528432476451,15.414096265958914,0.0
ARHGAP6_S820,ARHGAP6,_AC[Carbamidomethyl (C)]S[Phospho (STY)]TPHVQVAGK_,"(C819,S820)",0.369187562234864,12.537396519549958,15.007360451572213,10.046856072109332,14.416757533459716,0.12041903956854254
ARFGEF2_T616,ARFGEF2,_RC[Carbamidomethyl (C)]S[Phospho (STY)]VT[Phospho (STY)]SMESTVSSGTQTTVQDDPEQFEVIK_,"(C613,S614,T616)",14.363302233918153,13.344514283581017,0.0,6.602606976312324,0.0,0.0
RAB38_S187.1,RAB38,_HILANEC[Carbamidomethyl (C)]DLM[Oxidation (M)]ES[Phospho (STY)]IEPDVVKPHLTSTK_,"(C182,M185,S187)",17.423380986275248,16.90441289926902,15.768789172976739,16.49666035372872,10.124882100475139,0.0
SCML4_S266,SCML4,_GSLHPSSS[Phospho (STY)]LYC[Carbamidomethyl (C)]K_,"(S266,C269)",15.032884529653561,10.194652717223207,15.124712170055854,10.046856072109332,0.0,0.32464410087557033
SEC16A_S2271,SEC16A,_VLSSAAS[Phospho (STY)]LPGSELPSSRPEGSQGGELSR_,(S2271),16.062802556670583,0.0,17.106215630026394,16.480511691839666,17.199046535066444,15.80025096825135
EFNB3_S268,EFNB3,_HPGPGS[Phospho (STY)]FGR_,(S268),0.0,17.05465994495787,13.286935030919997,17.015600156943904,17.204979886428504,16.157613535404845
DCLK1_T336,DCLK1,_SGKS[Phospho (STY)]PS[Phospho (STY)]PSPT[Phospho (STY)]SPGSLR_,"(S330,S332,T336)",16.00074279033291,17.040890513841887,18.101507837346904,10.046856072109332,0.0,13.481197752022219
SQSTM1_S332,SQSTM1,_PEEQMESDNC[Carbamidomethyl (C)]S[Phospho (STY)]GGDDDWTHLSSK_,"(C331,S332)",0.0,15.200611312869968,10.068279376710642,0.0,0.0,0.0
CDH13_S681,CDH13,_VQVC[Carbamidomethyl (C)]S[Phospho (STY)]C[Carbamidomethyl (C)]R_,"(C680,S681,C682)",0.1445586717721605,10.209369379410164,0.0,0.0,14.847681367143377,10.829516500030543
NCCRP1_S28,NCCRP1,_EGHALGGGMEADGPASLQELPPS[Phospho (STY)]PR_,(S28),9.940082032612082,10.209369379410164,15.149668828939923,0.0,0.0,0.0
EPN1_S454.1,EPN1,_GSLAEAVGS[Phospho (STY)]PPPAATPTPTPPTR_,(S454),17.05887209970068,0.0,13.796008011653164,17.09219232853955,16.341537666350483,16.463862327254052
PAXBP1_S262.1,PAXBP1,_EDENDAS[Phospho (STY)]DDEDDDEKR_,(S262),9.940082032612082,16.76805621962625,16.69441974235678,15.959215683573627,0.0,16.18900437788379
MAP1B_S1339,MAP1B,_TLEVVSPSQSVTGSAGHTPYYQS[Phospho (STY)]PTDEK_,(S1339),17.8434205318036,14.448748169339616,16.46607073422279,0.0,12.997369284782918,16.951443325959865
SRRM1_S450.3,SRRM1,_RES[Phospho (STY)]PSPAPK_,(S450),9.940082032612082,14.183656707684015,10.345863843513424,18.26904085543993,0.7025697772613161,18.553856193267592
OSBPL8_S14,OSBPL8,_[Acetyl (Protein N-term)]MEGGLADGEPDRTS[Phospho (STY)]LLGDSK_,(S14),17.020811569919235,15.852239912677238,15.078557058509423,17.72952931245742,0.0,13.393220491235834
PRKAR1A_T75,PRKAR1A,_T[Phospho (STY)]DSREDEISPPPPNPVVK_,(T75),17.75839038854205,0.0,16.700833054986173,16.1483052909831,15.089963695925093,13.080455559909307
KIAA1549L_S1503,KIAA1549L,_NS[Phospho (STY)]GYDTEPEIIEETNIDR_,(S1503),15.940010368883064,15.952613734898462,16.421994294685838,15.52778659754089,17.004926153866485,0.0
KIAA1549L_S1481,KIAA1549L,_SRQSLNSPS[Phospho (STY)]PGETEMDLLVTR_,(S1481),0.0,11.096609967007101,14.628164047804644,0.0835372928748121,13.258397918981526,11.45131910953683
KIAA1217_S1084,KIAA1217,_AS[Phospho (STY)]SEDAGPSPQTR_,(S1084),14.663405712574427,10.209369379410164,10.345863843513424,0.0,17.72006802818781,17.40920646922317
PLEKHA5_S596,PLEKHA5,_S[Phospho (STY)]VPAGLTLQSVSPQSLQGK_,(S596),12.847666241572028,17.226257070866396,18.382396714335506,0.0,10.124882100475139,10.136029388669854
GATAD2B_S338.1,GATAD2B,_VS[Phospho (STY)]SPLPS[Phospho (STY)]PSAMTDAANSQAAAK_,"(S333,S338)",14.212898273177709,0.0,16.768164936363952,15.289997043983249,16.386812581392803,17.03911686015215
BCLAF1_S496.1,BCLAF1,_KETQS[Phospho (STY)]PEQVK_,(S496),0.0,14.74781452360272,15.25826812525147,16.69956116327475,10.124882100475139,17.48875261197357
GOLPH3_S36.1,GOLPH3,_AAGGGAGSS[Phospho (STY)]EDDAQSR_,(S36),0.0,12.917466484280975,12.301131229438443,12.893294187718261,0.0,12.850576393849089
AJUBA_S263,AJUBA,_HS[Phospho (STY)]VTGYGDC[Carbamidomethyl (C)]AVGAR_,"(S263,C270)",0.0,15.873289662281989,14.472966937805761,15.510482631687934,14.711096311080695,18.268864695583943
CCDC85C_S179,CCDC85C,_SS[Phospho (STY)]IDSQASLSGPLSGGAPGAGAR_,(S179),0.0,14.95328736501573,14.734579702073038,18.082235953147574,16.190622542431868,15.14247203730561
PDE3B_S65,PDE3B,_FC[Carbamidomethyl (C)]NVELRPPPAS[Phospho (STY)]PQQPR_,"(C55,S65)",16.3601989986922,14.239402603264256,16.22857739929775,17.111529617734828,10.124882100475139,0.0
TRAK2_S788,TRAK2,_SLAIPST[Phospho (STY)]PPNSPSHSPC[Carbamidomethyl (C)]PS[Phospho (STY)]PLPFEPR_,"(T776,C786,S788)",16.599435447566535,15.971228294644463,15.956679066958381,16.647240470911562,0.0,13.460713861286973
EPHA2_Y594,EPHA2,_TYVDPHTY[Phospho (STY)]EDPNQAVLK_,(Y594),15.829176443877852,0.0,10.345863843513424,10.046856072109332,0.0,11.414371428720994
CA9_S448,CA9,_GGVS[Phospho (STY)]YRPAEVAETGA_,(S448),9.940082032612082,10.209369379410164,11.643381824921343,0.0,16.815972346637594,18.325220908846166
ELAC2_S215.1,ELAC2,_LS[Phospho (STY)]PERSSDS[Phospho (STY)]ESNENEPHLPHGVSQR_,"(S208,S215)",15.886082484803696,10.209369379410164,15.057450734935943,16.349671853298418,16.50344615231551,0.0
TNS1_S858,TNS1,_EATSDPS[Phospho (STY)]RTPEEEPLNLEGLVAHR_,(S858),15.452283153498612,17.535970415920453,14.272712498891575,12.73717320955333,0.0,16.629681853053413
TNS1_T860,TNS1,_EATSDPSRT[Phospho (STY)]PEEEPLNLEGLVAHR_,(T860),15.452283153498612,17.535970415920453,14.272712498891575,12.73717320955333,0.0,16.629681853053413
FZD6_S620,FZD6,_EQDC[Carbamidomethyl (C)]GEPAS[Phospho (STY)]PAASISR_,"(C615,S620)",16.521958480563185,0.0,15.908137687391209,16.294039082855896,15.522270486432724,14.74622577699457
API5_S464.3,API5,_ASEDTTSGS[Phospho (STY)]PPKK_,(S464),0.0,15.009896688925416,14.301467447700654,16.45239493209335,8.676672491717458,16.535077836525268
TCIRG1_S685,TCIRG1,_AGLLDLPDAS[Phospho (STY)]VNGWSSDEEK_,(S685),9.814710655945236,0.0,10.345863843513424,14.256213036249429,0.0,0.0
PDZD2_S2374,PDZD2,_SS[Phospho (STY)]GSIVSGSLGHPGDAAAR_,(S2374),0.0,10.209369379410164,10.165719596814302,0.0,16.204413262948677,10.136029388669854
ITSN2_S887.1,ITSN2,_TVS[Phospho (STY)]PGS[Phospho (STY)]VSPIHGQGQVVENLK_,"(S884,S887)",14.933111075411201,15.326115420143308,15.896085588235989,17.319633766573872,14.990827735215786,0.0
CCDC102B_S34.1,CCDC102B,_GDMVAPAS[Phospho (STY)]PPR_,(S34),9.940082032612082,10.209369379410164,10.345863843513424,0.0,17.1987706888867,17.767990705924145
SORBS3_S563,SORBS3,_SPADPIDLGGQTS[Phospho (STY)]PR_,(S563),9.940082032612082,10.209369379410164,16.958295606978904,0.0,17.944410719588724,10.136029388669854
SRRM1_T581,SRRM1,_T[Phospho (STY)]PSPPPR_,(T581),17.453745594955997,12.392030351267053,13.325626206350783,0.0,17.374982179885755,10.783945322261811
DCLK1_S334,DCLK1,_SPSPS[Phospho (STY)]PTSPGSLR_,(S334),0.0,14.773139033760508,12.780957906103408,0.0,10.124882100475139,10.16285426078952
RBM12B_S562.1,RBM12B,_HSS[Phospho (STY)]EDFR_,(S562),0.0,14.913880575571824,8.510614605278391,15.984441083176153,8.75082033420977,16.779292984025368
FAM169A_S278,FAM169A,_RPMS[Phospho (STY)]GEYGPASVPEYEAR_,(S278),13.363249883684926,0.0,10.112790252820089,12.682652835988854,12.650155620176001,0.0
SRRM1_T727.1,SRRM1,_RVS[Phospho (STY)]RT[Phospho (STY)]PEPK_,"(S725,T727)",9.940082032612082,13.969723498752373,10.345863843513424,16.34635068515759,0.0,17.585504810684256
PRICKLE2_S543,PRICKLE2,_GS[Phospho (STY)]MESLALSNATGLSADGGAK_,(S543),14.66546557916418,0.0,10.345863843513424,16.175150260697432,15.717282430327291,16.066677351250554
NUCB1_S86,NUCB1,_LQAANAEDIKS[Phospho (STY)]GKLS[Phospho (STY)]R_,"(S82,S86)",9.940082032612082,0.0,0.0,10.046856072109332,11.878684470995488,15.113185028933644
PNMA8A_S335.1,PNMA8A,_AEAESPGGASES[Phospho (STY)]DQDGGHESPPK_,(S335),16.076244345660733,15.110963833326627,14.728799388043239,0.0,16.497230653341838,10.136029388669854
GRAMD1B_S728,GRAMD1B,_DYTS[Phospho (STY)]ESEEKR_,(S728),0.9168114956597825,10.209369379410164,10.345863843513424,0.0,0.565759987755578,14.499365844630734
CD99_S91,CD99,_PMPNPNPNHPSSSGSFS[Phospho (STY)]DADLADGVSGGEGK_,(S91),13.209731630768571,14.10141774713462,10.345863843513424,13.533125293902033,0.0,18.771518519237098
MAP1B_S1144.1,MAP1B,_DVMS[Phospho (STY)]DETNNEETESPSQEFVNITK_,(S1144),17.186453935734406,0.0,13.862651450091972,10.046856072109332,14.894048015186968,15.674950036696321
APBB1IP_S525,APBB1IP,_S[Phospho (STY)]SDTSGSPATPLK_,(S525),0.0,9.07118851461398,11.380747463507703,10.046856072109332,10.124882100475139,19.857332271999745
TNS1_T860.1,TNS1,_T[Phospho (STY)]PEEEPLNLEGLVAHR_,(T860),15.387787903205869,16.978775827476184,14.214627280797245,12.675574659672893,0.0,15.978780209660775
WIPF3_T385,WIPF3,_SPT[Phospho (STY)]TELSSK_,(T385),14.755064067811286,10.209369379410164,16.892361321829636,16.293854548592442,9.770211802460695,0.0
MME_S6,MME,_SES[Phospho (STY)]QMDITDINTPK_,(S6),0.0,10.209369379410164,16.941753666035204,10.046856072109332,10.124882100475139,17.357159834865246
MARK3_S583,MARK3,_TATYNGPPAS[Phospho (STY)]PSLSHEATPLSQTR_,(S583),0.0,15.128197702644867,15.906236729935278,16.128968080900226,15.040061746030348,14.705827509413062
MADD_S826,MADD,_LASDSDAESDS[Phospho (STY)]R_,(S826),16.071023620149184,14.246611773242222,13.919539774920679,5.8060052038133545,13.558700361459199,0.0
PPIG_S347,PPIG,_YRT[Phospho (STY)]PS[Phospho (STY)]RS[Phospho (STY)]R_,"(T343,S345,S347)",0.0,15.520647836209067,14.37439133805393,16.121313697755724,10.124882100475139,15.928732319311822
INF2_T1179,INF2,_GARPPAAGPGGDEDEDEEDT[Phospho (STY)]APESALDTSLDK_,(T1179),0.0,14.77429693602966,15.290211964479592,14.757020783759275,15.830964097753178,16.07907005777486
NELFE_S181,NELFE,_SGAHSSAS[Phospho (STY)]PPR_,(S181),0.0,14.208026077694669,9.826663303491616,16.1412512958518,10.124882100475139,17.175735215237054
RSL1D1_S443,RSL1D1,_EKS[Phospho (STY)]PSLGK_,(S443),0.0,14.875761674222929,15.571289614510993,16.32033965241819,14.442677787838475,15.372216285540324
MAGI1_S1361.1,MAGI1,_S[Phospho (STY)]ADNTLER_,(S1361),12.757816088271138,0.0,11.217830378298379,0.0,10.124882100475139,0.0
MME_S4.1,MME,_GKS[Phospho (STY)]ESQM[Oxidation (M)]DITDINTPKPK_,"(S4,M8)",0.0,10.209369379410164,13.818025070117748,10.046856072109332,0.0,13.102228216294105
ATF7IP_S567,ATF7IP,_SKSEDM[Oxidation (M)]DNVQS[Phospho (STY)]K_,"(M562,S567)",0.0,16.161315002283697,13.816691117849478,15.655155920693096,12.662684553951252,16.40636760413832
RAB23_S202,RAB23,_IGVFNTSGGS[Phospho (STY)]HS[Phospho (STY)]GQNSGTLNGGDVINLRPNK_,"(S200,S202)",16.55245254902302,15.659509410621144,14.19293645162085,15.053882918057665,10.124882100475139,0.0
PHLDB2_S157,PHLDB2,_HKS[Phospho (STY)]HDNVYSLGGLEGR_,(S157),15.50242510953409,10.209369379410164,12.760221982169776,0.0,14.79566725820151,17.30356183191555
CHPF2_S64.1,CHPF2,_LDQS[Phospho (STY)]DEDFKPR_,(S64),0.0,9.583740447848156,10.345863843513424,9.574812002967144,16.508248973311503,17.344980929229596
DNM1_S778.3,DNM1,_RS[Phospho (STY)]PTSS[Phospho (STY)]PTPQR_,"(S774,S778)",5.542680792853782,0.0,12.031884073237133,11.92520108959489,14.898091088702273,16.571033284550364
APBB1IP_S526,APBB1IP,_SS[Phospho (STY)]DTSGSPATPLK_,(S526),0.0,9.07104052015135,11.17192381260376,10.046856072109332,10.124882100475139,19.599293977735414
TGOLN2_S224,TGOLN2,_DGSNKS[Phospho (STY)]GAEEQGPIDGPSK_,(S224),11.4239707951533,11.357425085938264,0.0,11.69383660627544,15.135844976454454,18.450561189298206
NUMA1_S395.1,NUMA1,_LSQLEEHLS[Phospho (STY)]QLQDNPPQEK_,(S395),13.680612485986323,0.0,14.664482983593128,10.046856072109332,15.969246808705584,16.51396259906744
RECQL5_S491.4,RECQL5,_YDEGS[Phospho (STY)]GGS[Phospho (STY)]GDEGRDEAHKR_,"(S488,S491)",0.0,16.261508925355788,15.229571365373461,14.35987755483643,15.501418224627514,14.299221901433597
SLC26A2_S16.1,SLC26A2,_EQHNVS[Phospho (STY)]PRDS[Phospho (STY)]AEGNDSYPSGIHLELQR_,"(S12,S16)",0.0,15.07102654795731,15.146532474417926,14.608666685741074,16.815000026882416,12.870994420824609
PDLIM4_T114,PDLIM4,_IHIDPEIQDGSPT[Phospho (STY)]TSR_,(T114),15.812324508624306,14.550200750010855,0.0,11.884533446925214,17.05242828614196,10.136029388669854
PRMT3_S27,PRMT3,_GAVENEEDLPELS[Phospho (STY)]DS[Phospho (STY)]GDEAAWEDEDDADLPHGK_,"(S25,S27)",12.617913557193763,16.23362567385655,14.03609410917134,15.323788007977576,15.90069888083573,0.0
WAC_T293,WAC,_LPT[Phospho (STY)]PTSSVPAQK_,(T293),15.52508533254198,14.135526681314783,0.0,15.530462053409641,14.50791018893566,15.759042207022416
PARD3B_S990,PARD3B,_DGHPLS[Phospho (STY)]PER_,(S990),15.158101572836951,14.176440683621308,16.03759655218611,16.030852767577258,0.0,13.213111044453722
