,inhibitor,gene,log2FC
CCDC175_T247,BRAFi,CCDC175,-6.409354869212514
ENSP00000330271_Y137,BRAFi,ENSP00000330271,-5.9270847333565015
ERF_T7,BRAFi,ERF,-5.617693535285049
CHST13_S312,BRAFi,CHST13,-5.430353369790808
GIGYF2_S242,BRAFi,GIGYF2,-4.990993617739336
TLR10_S436,BRAFi,TLR10,-4.308573036218295
RAI14_S264,BRAFi,RAI14,-4.156431932402133
ENSP00000367263:map.11/62292882/T:p.Q3003K:n.G62292882T:c.Caa/Aaa_S135,BRAFi,ENSP00000367263:map.11/62292882/T:p.Q3003K:n.G62292882T:c.Caa/Aaa,-4.150567666047753
WDR62_T46,BRAFi,WDR62,-4.150516280961218
ERF_T3,BRAFi,ERF,-3.9989514093095493
ENSP00000417229:map.3/150280445/G:p.T97S:n.C150280445G:c.aCt/aGt_S526,BRAFi,ENSP00000417229:map.3/150280445/G:p.T97S:n.C150280445G:c.aCt/aGt,-3.9814369859773513
GIGYF1_S230,BRAFi,GIGYF1,-3.939869585911294
GIGYF1_S237,BRAFi,GIGYF1,-3.939869585911294
RPS6KA3_S375,BRAFi,RPS6KA3,-3.9373964261559116
ENSP00000400582_S84,BRAFi,ENSP00000400582,-3.8803753676019306
NAA25_Y587,MEKi,NAA25,-10.215280680022031
CCDC175_T247,MEKi,CCDC175,-6.966018741656378
ZNF99_S160,MEKi,ZNF99,-6.299254906738048
ZNF99_Y157,MEKi,ZNF99,-6.299254906738048
ZNF99_Y163,MEKi,ZNF99,-6.299254906738048
ENSP00000330271_Y137,MEKi,ENSP00000330271,-6.091533162511272
ENSP00000314776:map.5/89769728/C:p.T128A:n.T89769728C:c.Acg/Gcg_S264,MEKi,ENSP00000314776:map.5/89769728/C:p.T128A:n.T89769728C:c.Acg/Gcg,-5.845515298328506
ENSP00000314776:map.5/89769728/C:p.T128A:n.T89769728C:c.Acg/Gcg_S267,MEKi,ENSP00000314776:map.5/89769728/C:p.T128A:n.T89769728C:c.Acg/Gcg,-5.845515298328506
ENSP00000314776:map.5/89769728/C:p.T128A:n.T89769728C:c.Acg/Gcg_T259,MEKi,ENSP00000314776:map.5/89769728/C:p.T128A:n.T89769728C:c.Acg/Gcg,-5.845515298328506
GIGYF2_S242,MEKi,GIGYF2,-5.104094736586564
ERF_T7,MEKi,ERF,-4.760261289508977
ENSP00000367263:map.11/62292882/T:p.Q3003K:n.G62292882T:c.Caa/Aaa_S135,MEKi,ENSP00000367263:map.11/62292882/T:p.Q3003K:n.G62292882T:c.Caa/Aaa,-4.476615225827122
GIGYF1_S230,MEKi,GIGYF1,-4.230961559958121
GIGYF1_S237,MEKi,GIGYF1,-4.230961559958121
ENSP00000400582_S84,MEKi,ENSP00000400582,-3.7987089891045667
NAA25_Y587,ERKi,NAA25,-7.501168290165067
ENSP00000330271_Y137,ERKi,ENSP00000330271,-5.5122667054465895
ERF_T3,ERKi,ERF,-4.567365502857689
GIGYF1_S230,ERKi,GIGYF1,-4.142468001631995
GIGYF1_S237,ERKi,GIGYF1,-4.142468001631995
FRS2_T138,ERKi,FRS2,-4.083385780608212
KIF4A_T799,ERKi,KIF4A,-3.9267336485969935
ERF_T7,ERKi,ERF,-3.7234720787212607
GIGYF2_S242,ERKi,GIGYF2,-3.6623954685804967
ADGRE5_S738,ERKi,ADGRE5,-3.378450234676339
PCM1_S1283,ERKi,PCM1,-3.3768483377752174
ENSP00000442531_T74,ERKi,ENSP00000442531,-3.352105305214454
ENSP00000455629_S1226,ERKi,ENSP00000455629,-3.276065796978674
DDX20_S500,ERKi,DDX20,-3.187226231842995
FRS2_T132,ERKi,FRS2,-3.151630246383193
