,Unnamed: 0,site,gene,log2FC_BRAFvsNRAS,pval,-log10p,direction
1598,14664,RGS3_S943,RGS3,12.585678441515586,0.0218089168254742,1.6613659038115467,higher_BRAF
238,17778,NUCB1_S86,NUCB1,11.744701901162635,0.0023098646520519,2.6364134671161192,higher_BRAF
96,37569,ING5_S57,ING5,11.437891168866845,0.0009227577974724,3.03491227624888,higher_BRAF
228,4154,MITF_S504.2,MITF,11.24881627407346,0.0022498455517078,2.6478472944856537,higher_BRAF
15438,46169,PLEKHG2_S1318,PLEKHG2,11.08733925063196,0.2449536636563702,0.610916060621423,higher_BRAF
150,1450,RGS12_S856,RGS12,11.05291358684702,0.0013661429801141,2.864503845145688,higher_BRAF
18180,30824,PRICKLE2_S543,PRICKLE2,10.483211983603152,0.2906684222297214,0.5366021467513905,higher_BRAF
7,41680,SPEN_S725,SPEN,10.440573193701251,1.2962258854038314e-05,4.887319310011555,higher_BRAF
23920,55714,EPN1_S454.1,EPN1,9.841112099634609,0.3890480538265783,0.4099967528573245,higher_BRAF
24963,41770,SLC9A7_S694,SLC9A7,9.777329600243686,0.4071285811472168,0.3902684083088391,higher_BRAF
24971,16817,MAP1A_S667.2,MAP1A,9.741956500548868,0.4072524691255363,0.3901362739332778,higher_BRAF
29480,24389,STK11_S31,STK11,9.579690253209254,0.4801282013512023,0.3186427840714398,higher_BRAF
19,32667,RELL1_S157.1,RELL1,9.380126709913668,9.475376190426297e-05,4.023403538702049,higher_BRAF
11580,37935,NDRG1_S330.3,NDRG1,9.320645372784254,0.1842198142751896,0.7346636598743415,higher_BRAF
19525,13565,MAP1B_S995.2,MAP1B,9.013250879150302,0.3129495132127174,0.5045257196473365,higher_BRAF
23439,37893,PHF3_S1927,PHF3,8.518824037480988,0.3809945189414352,0.4190812721212625,higher_BRAF
22282,2815,TGOLN2_S224,TGOLN2,8.497340848826218,0.3606894436131587,0.4428665680992759,higher_BRAF
1001,22642,MDC1_unk,MDC1,8.496414293885994,0.012556594126711,1.9011281434460552,higher_BRAF
25066,17598,IFITM2_T7,IFITM2,8.391460959258886,0.408785315483527,0.3885047134580253,higher_BRAF
21165,48690,PSD3_S376.1,PSD3,8.374942573838567,0.3413141798393331,0.4668456686564515,higher_BRAF
433,2341,CLOCK_T429,CLOCK,-12.873523536396494,0.0044456292329919,2.352066760435976,higher_NRAS
8199,21184,SQSTM1_S332,SQSTM1,-12.634445344790304,0.1275677255926629,0.8942591874483259,higher_NRAS
920,47206,COPRS_S31,COPRS,-11.610924803307686,0.0112208668452136,1.949973591248218,higher_NRAS
4003,30050,NCCRP1_S28,NCCRP1,-10.194498596022022,0.0615717254279669,1.2106186759790003,higher_NRAS
2819,46452,PLEKHA5_S596,PLEKHA5,-9.527182459921695,0.0410458419503673,1.386730831467192,higher_NRAS
2463,36998,PRUNE2_S2860,PRUNE2,-8.799860587821877,0.0354507970866627,1.45037399555997,higher_NRAS
1505,47207,COPRS_S31.1,COPRS,-8.79272718851836,0.0204383086730504,1.689555046127971,higher_NRAS
3595,1872,DCLK1_S334,DCLK1,-8.705114379615795,0.0544735953226354,1.2638139598241325,higher_NRAS
860,36985,PRUNE2_S2211,PRUNE2,-8.163927564632596,0.0104379105890135,1.98138642762468,higher_NRAS
3956,54953,IRS2_S523.2,IRS2,-7.714308325937442,0.0606520298505725,1.2171546599556762,higher_NRAS
7433,1878,DCLK1_T336,DCLK1,-7.689000021978279,0.1152512966139874,0.9383541799588584,higher_NRAS
2411,36980,PRUNE2_S1842,PRUNE2,-7.572470336793815,0.0346561697157349,1.4602194382534488,higher_NRAS
8033,2461,ARHGAP6_S820,ARHGAP6,-7.534073433717971,0.1248166404045553,0.9037275111750928,higher_NRAS
4632,21215,SQSTM1_S342.3,SQSTM1,-7.507901960681988,0.0713371695440199,1.1466841262255831,higher_NRAS
3833,4677,TRIM3_S454.1,TRIM3,-7.462474213904644,0.0585774519306399,1.232269523684304,higher_NRAS
2113,7394,NEFL_S472,NEFL,-7.429149757985707,0.0299025364546348,1.5242919714906051,higher_NRAS
9349,42581,LPIN3_S204,LPIN3,-7.324702625763182,0.1475989033354713,0.8309168693227512,higher_NRAS
3765,495,UBAP1L_S185,UBAP1L,-7.235829485824317,0.0573437036722454,1.2415142605964744,higher_NRAS
3451,43454,OSBPL10_S60,OSBPL10,-7.214100620911306,0.0521250478853841,1.2829535330474708,higher_NRAS
1875,36993,PRUNE2_S1789,PRUNE2,-7.206369768093314,0.0257806592539748,1.5887059812144744,higher_NRAS
