ensp,gene
ENSP00000000412,M6PR
ENSP00000002501,DBNDD1
ENSP00000005260,BAIAP2L1
ENSP00000005386,RPAP3
ENSP00000011619,RANBP9
ENSP00000013125,MAP4K5
ENSP00000014112,PTBP1
ENSP00000014914,GPRC5A
ENSP00000025301,AKAP11
ENSP00000040738,BOD1L1
ENSP00000042381,RIPOR1
ENSP00000054666,VAMP3
ENSP00000055163,ARID1B
ENSP00000075430,CTDP1
ENSP00000085079,EPN1
ENSP00000157600,LMCD1
ENSP00000157812,PSMC4
ENSP00000161863,YTHDC2
ENSP00000163678,METTL22
ENSP00000164139,PYGM
ENSP00000170564,GPATCH1
ENSP00000176763,STK10
ENSP00000186436,TMEM131
ENSP00000193322,OSTM1
ENSP00000193403,ACTN1
ENSP00000200457,TRIP6
ENSP00000201031,TFAP2C
ENSP00000201979,REM1
ENSP00000203407,UQCRC1
ENSP00000203556,GMIP
ENSP00000204517,TFAP4
ENSP00000205135,PLEKHG2
ENSP00000205948,APOH
ENSP00000207457,TEKT2
ENSP00000209873,AAAS
ENSP00000212015,SIRT1
ENSP00000215115,BCL7C
ENSP00000215793,SF3A1
ENSP00000215957,MICALL1
ENSP00000216044,GTPBP1
ENSP00000216106,HMGXB4
ENSP00000216117,HMOX1
ENSP00000216129,TTLL12
ENSP00000216160,TAB1
ENSP00000216181,MYH9
ENSP00000216194,ADSL
ENSP00000216218,ST13
ENSP00000216281,HSP90AA1
ENSP00000216297,SUPT16H
ENSP00000216879,NSFL1C
ENSP00000217289,FERMT1
ENSP00000217381,SNTA1
ENSP00000217971,PGRMC1
ENSP00000219252,POLR2C
ENSP00000219473,USP10
ENSP00000219548,STUB1
ENSP00000219611,CAPN15
ENSP00000219837,KNOP1
ENSP00000220325,EHD4
ENSP00000220496,DNAJC17
ENSP00000220597,PAG1
ENSP00000220822,GDAP1
ENSP00000220849,EIF3E
ENSP00000220888,TRPS1
ENSP00000220913,CHRAC1
ENSP00000220959,UBR5
ENSP00000221086,MTMR9
ENSP00000221132,TNFRSF10A
ENSP00000221419,HNRNPL
ENSP00000221566,SGTA
ENSP00000221801,FBL
ENSP00000221856,FSD1
ENSP00000221922,CCDC9
ENSP00000222005,CDC37
ENSP00000222247,RPL18A
ENSP00000222329,ERF
ENSP00000222345,SIPA1L3
ENSP00000222374,CADM4
ENSP00000222567,POLR1F
ENSP00000222584,SP4
ENSP00000222968,PDAP1
ENSP00000223023,WASL
ENSP00000223073,RBM28
ENSP00000223136,FIS1
ENSP00000223145,GLCCI1
ENSP00000223193,EZH2
ENSP00000223641,SEC61B
ENSP00000223951,ELAVL2
ENSP00000225171,DNAJC12
ENSP00000225298,UTP18
ENSP00000225388,NUFIP2
ENSP00000225394,GIT1
ENSP00000225655,PFN1
ENSP00000225719,CPD
ENSP00000225737,AKAP10
ENSP00000227471,UNC93B1
ENSP00000227503,SF1
ENSP00000227520,CCDC86
ENSP00000228251,YBX3
ENSP00000228284,SART3
ENSP00000228307,PXN
ENSP00000228495,KCTD10
ENSP00000229179,NUP107
ENSP00000229201,TIMELESS
ENSP00000229214,KRR1
ENSP00000229379,COX6A1
ENSP00000229390,SRSF9
ENSP00000229418,NFYA
ENSP00000229595,ASF1A
ENSP00000229769,FANCE
ENSP00000229794,MAPK14
ENSP00000229812,STK38
ENSP00000229922,CAP2
ENSP00000230248,CEP43
ENSP00000230402,PPP2R5D
ENSP00000230418,PTK7
ENSP00000230431,DNPH1
ENSP00000230449,EXOC2
ENSP00000230685,CD74
ENSP00000230771,HARS2
ENSP00000230895,DAP
ENSP00000230901,BRD8
ENSP00000231498,NUP155
ENSP00000231790,MLH1
ENSP00000231887,EHHADH
ENSP00000232424,HES1
ENSP00000232888,RRP9
ENSP00000232978,NKTR
ENSP00000233027,NEK4
ENSP00000233099,HEATR5B
ENSP00000233121,MAPRE3
ENSP00000233838,GGCX
ENSP00000234160,GORASP2
ENSP00000234256,SLC1A4
ENSP00000234296,ORC2
ENSP00000234420,MSH6
ENSP00000234453,PLEKHA3
ENSP00000234590,ENO1
ENSP00000234827,TCEANC2
ENSP00000235090,WDR77
ENSP00000235307,C1orf21
ENSP00000235332,MIIP
ENSP00000236698,STAG1
ENSP00000237536,MTCL2
ENSP00000238146,DDX55
ENSP00000238256,FKBP15
ENSP00000238497,VPS4B
ENSP00000238616,NEK9
ENSP00000238647,IRF2BPL
ENSP00000238688,SLIRP
ENSP00000238714,PAPOLG
ENSP00000238875,LGALSL
ENSP00000238961,SLF2
ENSP00000239027,HELLS
ENSP00000239243,MSX2
ENSP00000239440,ARAP3
ENSP00000239614,MSANTD2
ENSP00000240316,COIL
ENSP00000240328,TBX2
ENSP00000241052,CAT
ENSP00000241502,FYTTD1
ENSP00000241704,COPA
ENSP00000242261,TWIST1
ENSP00000242284,CLTA
ENSP00000242323,DCAF10
ENSP00000242351,ZC3HAV1
ENSP00000242576,UNG
ENSP00000242770,STX10
ENSP00000242776,DDX39A
ENSP00000242783,PKN1
ENSP00000242784,TRIR
ENSP00000242848,ZC3H13
ENSP00000243346,NMI
ENSP00000243498,EXOSC9
ENSP00000244020,SRSF6
ENSP00000244204,NAGK
ENSP00000244230,MPHOSPH10
ENSP00000244496,RRP36
ENSP00000244534,H1-3
ENSP00000244711,MEA1
ENSP00000244763,SSR1
ENSP00000244815,LRRFIP1
ENSP00000245418,UPF3B
ENSP00000245458,RPS29
ENSP00000245552,NT5C
ENSP00000245932,VASP
ENSP00000245934,SYMPK
ENSP00000246015,PSMF1
ENSP00000246069,DSTN
ENSP00000246535,PDCD2L
ENSP00000246802,NOP53
ENSP00000246841,FLRT1
ENSP00000246914,WNK4
ENSP00000247001,SUGP1
ENSP00000247026,NSRP1
ENSP00000247191,DLGAP5
ENSP00000247225,SGPP1
ENSP00000247930,ZNF777
ENSP00000248248,MON1B
ENSP00000248553,HSPB1
ENSP00000248668,LRFN1
ENSP00000249014,CDC42EP1
ENSP00000249209,EMC4
ENSP00000249396,SIRT2
ENSP00000249636,PIAS1
ENSP00000249647,SNAP23
ENSP00000249806,CLN6
ENSP00000250113,FXR2
ENSP00000251076,DMXL2
ENSP00000251157,DOCK7
ENSP00000251195,CLSPN
ENSP00000251334,INTS2
ENSP00000251453,RPS16
ENSP00000251496,NCAPG
ENSP00000251636,DHX29
ENSP00000251849,RAF1
ENSP00000251900,SCML2
ENSP00000252115,POLDIP3
ENSP00000252137,ESS2
ENSP00000252457,CDC16
ENSP00000252542,SAFB2
ENSP00000252599,COLGALT1
ENSP00000252674,MLLT1
ENSP00000252818,JUND
ENSP00000252971,MNX1
ENSP00000253003,ADRM1
ENSP00000253024,TRIM28
ENSP00000253048,ZC3H4
ENSP00000253107,PPAN
ENSP00000253108,EIF3G
ENSP00000253251,UBE4B
ENSP00000253329,PPIL4
ENSP00000253754,PDLIM4
ENSP00000253861,EXOC4
ENSP00000253925,PPFIA1
ENSP00000254193,SNRPA1
ENSP00000254260,RHPN2
ENSP00000254286,ACTR10
ENSP00000254325,RFX1
ENSP00000254337,DCAF15
ENSP00000254480,SMARCC1
ENSP00000254508,NUP210
ENSP00000254654,ILKAP
ENSP00000254718,MYBBP1A
ENSP00000254719,RPA1
ENSP00000254803,UTP3
ENSP00000254816,TRIM47
ENSP00000254821,ZRANB2
ENSP00000254950,VPS4A
ENSP00000255120,NASP
ENSP00000255380,CHRM3
ENSP00000255764,MED10
ENSP00000256413,CTIF
ENSP00000256637,SORT1
ENSP00000256646,NOTCH2
ENSP00000256720,LPIN1
ENSP00000256854,NARS1
ENSP00000256858,RELCH
ENSP00000256897,CCNH
ENSP00000256996,DDB2
ENSP00000257075,PUM1
ENSP00000257181,PRPF38A
ENSP00000257287,CEP135
ENSP00000257567,TBX3
ENSP00000257787,AKIRIN2
ENSP00000258062,REPS1
ENSP00000258098,RAB11FIP5
ENSP00000258198,DYNC1LI2
ENSP00000258201,FHOD1
ENSP00000258214,CCDC102A
ENSP00000258390,DOCK10
ENSP00000258457,C2orf49
ENSP00000258484,EPC2
ENSP00000258654,COG3
ENSP00000258729,IGF2BP3
ENSP00000259008,BRIP1
ENSP00000259154,KCTD3
ENSP00000259235,SAP130
ENSP00000259523,MYC
ENSP00000259818,TUBB2B
ENSP00000260045,THAP12
ENSP00000260129,TGS1
ENSP00000260210,BUD13
ENSP00000260247,DCUN1D5
ENSP00000260363,KIF23
ENSP00000260746,ARL3
ENSP00000260753,KIF20B
ENSP00000260803,DBR1
ENSP00000260810,TOPBP1
ENSP00000261017,ABI2
ENSP00000261167,WBP11
ENSP00000261245,MNAT1
ENSP00000261275,ENTREP2
ENSP00000261313,PEBP1
ENSP00000261326,MOCOS
ENSP00000261366,LMNB1
ENSP00000261396,NUP133
ENSP00000261424,RFC1
ENSP00000261439,TBC1D1
ENSP00000261455,PACC1
ENSP00000261461,PPP2R5A
ENSP00000261509,PALLD
ENSP00000261531,SNW1
ENSP00000261569,MAST4
ENSP00000261584,PALB2
ENSP00000261588,KATNIP
ENSP00000261593,RNF138
ENSP00000261600,THOC1
ENSP00000261622,SLC7A5
ENSP00000261667,KPNA3
ENSP00000261674,SFSWAP
ENSP00000261681,PALS1
ENSP00000261716,TAOK1
ENSP00000261745,NAA25
ENSP00000261845,MAPK6
ENSP00000261868,EIF3J
ENSP00000261875,HACD3
ENSP00000261880,AAGAB
ENSP00000261893,LACTB
ENSP00000261897,PRPF40B
ENSP00000261965,TUBGCP3
ENSP00000262013,SPAG9
ENSP00000262027,MARS1
ENSP00000262030,ATP5F1B
ENSP00000262033,PTGES3
ENSP00000262041,MEOX2
ENSP00000262053,ATF1
ENSP00000262056,EIF4B
ENSP00000262077,NUP153
ENSP00000262144,WDR59
ENSP00000262189,KMT2C
ENSP00000262215,ARFGEF1
ENSP00000262238,YY1
ENSP00000262384,N4BP1
ENSP00000262395,TRAF4
ENSP00000262415,DHX8
ENSP00000262461,SLC12A2
ENSP00000262519,SETD1A
ENSP00000262570,CHCHD3
ENSP00000262577,ZC3H3
ENSP00000262613,NHERF1
ENSP00000262679,NRDC
ENSP00000262719,PHLPP1
ENSP00000262738,CELSR1
ENSP00000262811,MAST3
ENSP00000262878,SAMHD1
ENSP00000262904,E2F3
ENSP00000262948,MAP2K2
ENSP00000262962,YJU2
ENSP00000262975,ZMYND8
ENSP00000263025,MAPK3
ENSP00000263026,EEF2K
ENSP00000263102,CCDC6
ENSP00000263103,BICC1
ENSP00000263168,CAPZA1
ENSP00000263202,UFD1
ENSP00000263212,PPM1F
ENSP00000263253,EP300
ENSP00000263265,PLEKHA4
ENSP00000263268,MREG
ENSP00000263274,LIG1
ENSP00000263276,GYS1
ENSP00000263277,EHD2
ENSP00000263280,STRN4
ENSP00000263377,BRD4
ENSP00000263390,MED26
ENSP00000263461,WDR11
ENSP00000263630,CCDC88A
ENSP00000263674,ARHGEF17
ENSP00000263681,POLD3
ENSP00000263710,CLASP1
ENSP00000263773,FNBP4
ENSP00000263801,TP53BP1
ENSP00000263805,ZNF106
ENSP00000263847,OSBP
ENSP00000263856,CHMP3
ENSP00000263918,STRN
ENSP00000263934,KIF1B
ENSP00000263956,GTF3C3
ENSP00000263997,SLC7A6OS
ENSP00000264025,NECTIN1
ENSP00000264033,CBL
ENSP00000264052,SP100
ENSP00000264108,HAT1
ENSP00000264158,RAB3GAP1
ENSP00000264161,DARS1
ENSP00000264245,ARHGAP31
ENSP00000264254,PDCL3
ENSP00000264276,ALS2
ENSP00000264279,NOP58
ENSP00000264313,SLAIN2
ENSP00000264366,ANK2
ENSP00000264380,PIKFYVE
ENSP00000264431,RAPGEF2
ENSP00000264515,RBBP5
ENSP00000264560,PALM
ENSP00000264606,HDAC4
ENSP00000264645,CASC3
ENSP00000264670,NSUN2
ENSP00000264819,MIER2
ENSP00000264930,SLC12A7
ENSP00000264977,PPP2R3A
ENSP00000264993,CDV3
ENSP00000265056,MCM2
ENSP00000265062,RAB7A
ENSP00000265069,ZFR
ENSP00000265107,WDR70
ENSP00000265131,TNC
ENSP00000265140,SLF1
ENSP00000265260,PCNP
ENSP00000265271,RBM27
ENSP00000265284,TLE4
ENSP00000265295,SPDL1
ENSP00000265299,MINDY4
ENSP00000265343,AFF4
ENSP00000265348,CUL7
ENSP00000265433,NBN
ENSP00000265465,POLA2
ENSP00000265560,USP4
ENSP00000265562,PTPN23
ENSP00000265565,SCAP
ENSP00000265586,ABCC5
ENSP00000265637,PPP6R3
ENSP00000265717,PRKAR2B
ENSP00000265728,DBF4
ENSP00000265742,ANKIB1
ENSP00000265748,ANLN
ENSP00000265961,MAPKAP1
ENSP00000265970,PIK3C2A
ENSP00000266022,RBM6
ENSP00000266025,TMEM115
ENSP00000266069,GID8
ENSP00000266079,PRPF6
ENSP00000266126,EIF2B2
ENSP00000266481,DNM1L
ENSP00000266508,AEBP2
ENSP00000266529,ZCRB1
ENSP00000266732,TMPO
ENSP00000266735,SNRPF
ENSP00000266970,CDK2
ENSP00000267064,SMARCC2
ENSP00000267163,RB1
ENSP00000267229,RBM26
ENSP00000267622,TRIP11
ENSP00000267812,MFAP1
ENSP00000267836,MYEF2
ENSP00000267838,LYSMD2
ENSP00000268059,PML
ENSP00000268182,IQGAP1
ENSP00000268296,ITGAX
ENSP00000268383,CDR2
ENSP00000268712,NCOR1
ENSP00000268717,COPS3
ENSP00000268802,NOB1
ENSP00000268835,PRPSAP2
ENSP00000268893,TSPOAP1
ENSP00000269033,SSH2
ENSP00000269243,MYH10
ENSP00000269397,CBX4
ENSP00000269701,AKAP8
ENSP00000269740,SLC39A3
ENSP00000269848,PFKL
ENSP00000269886,SH3GL1
ENSP00000269980,BCKDHA
ENSP00000270066,SMG9
ENSP00000270301,WDR62
ENSP00000271277,CTTNBP2NL
ENSP00000271308,PSMA5
ENSP00000271620,PRUNE1
ENSP00000271638,S100A11
ENSP00000272091,SDE2
ENSP00000272139,C1orf35
ENSP00000272542,SLC20A1
ENSP00000272845,UNC80
ENSP00000273038,VGLL4
ENSP00000273075,DNPEP
ENSP00000273130,DYNC1LI1
ENSP00000273139,RBMS3
ENSP00000273308,CNPY2
ENSP00000273550,FTH1
ENSP00000274000,AP1AR
ENSP00000274008,AFG2A
ENSP00000274254,SKP2
ENSP00000274276,OSMR
ENSP00000275034,PHIP
ENSP00000275418,ESYT2
ENSP00000275517,CDCA5
ENSP00000275603,CCT6A
ENSP00000275732,GIGYF1
ENSP00000275820,NOM1
ENSP00000276297,DLC1
ENSP00000276440,DOCK5
ENSP00000276602,TERF1
ENSP00000277165,FAM120A
ENSP00000277225,ZNF462
ENSP00000277570,PROSER2
ENSP00000278070,PPRC1
ENSP00000278100,BCCIP
ENSP00000278412,SSRP1
ENSP00000278612,NPAT
ENSP00000278618,AASDHPPT
ENSP00000278671,LAMTOR1
ENSP00000278823,MTA2
ENSP00000278849,INCENP
ENSP00000278903,EI24
ENSP00000278916,CHEK1
ENSP00000279281,VPS51
ENSP00000279392,HIRIP3
ENSP00000280362,PTS
ENSP00000280377,USP15
ENSP00000280557,DENR
ENSP00000280571,RILPL2
ENSP00000280612,SLC7A11
ENSP00000280665,DCP1B
ENSP00000280772,ANK3
ENSP00000280780,FAM53B
ENSP00000280871,SLC2A13
ENSP00000281092,FER
ENSP00000281142,SCLT1
ENSP00000281419,ASAP2
ENSP00000281453,CENPU
ENSP00000281871,MZT2B
ENSP00000281928,MED13L
ENSP00000282003,OBI1
ENSP00000282032,ARL14EP
ENSP00000282388,ZFP36L2
ENSP00000282441,YAP1
ENSP00000282516,NIPBL
ENSP00000283131,SMARCA5
ENSP00000283179,HNRNPU
ENSP00000283195,RANBP2
ENSP00000283206,TMEM87B
ENSP00000283646,RPIA
ENSP00000284320,TOMM70
ENSP00000284563,ENAH
ENSP00000285021,XPC
ENSP00000285106,CXXC1
ENSP00000285697,C16orf87
ENSP00000285873,GEMIN5
ENSP00000285968,NUP205
ENSP00000286307,LSM11
ENSP00000286788,CCT8
ENSP00000287263,RAB11FIP1
ENSP00000287295,AIFM1
ENSP00000287322,BAG4
ENSP00000287394,ATAD2
ENSP00000287482,SASS6
ENSP00000287598,BUB1B
ENSP00000288235,MYO1E
ENSP00000288266,APPL1
ENSP00000288602,BRAF
ENSP00000288670,FMNL2
ENSP00000288757,C12orf43
ENSP00000289576,TAC1
ENSP00000289619,PAGE5
ENSP00000289968,ARHGAP17
ENSP00000290231,NCOA5
ENSP00000290291,OGFR
ENSP00000290341,IGF2BP1
ENSP00000290378,ACTC1
ENSP00000290649,AMFR
ENSP00000290759,ISL2
ENSP00000291107,ABR
ENSP00000291552,U2AF1
ENSP00000291574,TRAPPC10
ENSP00000292330,PPP1R35
ENSP00000292599,MAML1
ENSP00000292616,LRWD1
ENSP00000293217,ACOX1
ENSP00000293379,ITGA5
ENSP00000293683,PDE4A
ENSP00000293760,LEMD2
ENSP00000293872,LUC7L
ENSP00000294008,SLX4
ENSP00000294016,ADCY9
ENSP00000294179,STX5
ENSP00000294244,SPINDOC
ENSP00000294383,USP24
ENSP00000294618,DOCK6
ENSP00000294904,RBMS1
ENSP00000295148,WDCP
ENSP00000295321,IWS1
ENSP00000295633,FSTL1
ENSP00000295640,RNPEP
ENSP00000295704,RNF25
ENSP00000295770,STT3B
ENSP00000295872,SPICE1
ENSP00000295874,PTPRG
ENSP00000295886,NKX6-1
ENSP00000295926,CCNL1
ENSP00000296015,TTC14
ENSP00000296043,SHROOM3
ENSP00000296121,KIAA1143
ENSP00000296161,DTX3L
ENSP00000296215,SNIP1
ENSP00000296220,OSBPL11
ENSP00000296288,BAP1
ENSP00000296328,UBXN7
ENSP00000296425,PGRMC2
ENSP00000296446,PRKAR2A
ENSP00000296456,APEH
ENSP00000296504,SAP30
ENSP00000296564,ICE1
ENSP00000296755,MAP1B
ENSP00000297071,TRA2A
ENSP00000297109,SAP30L
ENSP00000297293,LMTK2
ENSP00000297508,MICALL2
ENSP00000297540,PHAX
ENSP00000297591,VIRMA
ENSP00000297689,NFIL3
ENSP00000298090,PABIR2
ENSP00000298139,WRN
ENSP00000298198,PGM2L1
ENSP00000298229,INPPL1
ENSP00000298281,PCF11
ENSP00000298532,SNAPC4
ENSP00000298717,METTL3
ENSP00000298767,WAPL
ENSP00000298875,CPSF2
ENSP00000298912,CLMN
ENSP00000299084,SPRED1
ENSP00000299173,ZFYVE19
ENSP00000299213,LARP6
ENSP00000299300,CCT2
ENSP00000299563,RNF169
ENSP00000299601,LEO1
ENSP00000299638,POLR2M
ENSP00000299853,POLR3E
ENSP00000299886,COG1
ENSP00000300086,TERF2IP
ENSP00000300131,NAB2
ENSP00000300146,PATL1
ENSP00000300181,TSC22D4
ENSP00000300231,MAP1A
ENSP00000300249,MAPRE2
ENSP00000300403,TPX2
ENSP00000300574,CRK
ENSP00000300584,TBC1D2B
ENSP00000300651,MED1
ENSP00000300737,STIM1
ENSP00000300843,MARK4
ENSP00000300935,RAB8A
ENSP00000301015,PIEZO1
ENSP00000301019,CDT1
ENSP00000301067,KMT2D
ENSP00000301180,DIP2B
ENSP00000301280,CHAF1A
ENSP00000301336,RILP
ENSP00000301740,SRRM2
ENSP00000301785,HNRNPUL2
ENSP00000301843,CTTN
ENSP00000301962,USP42
ENSP00000302035,SYVN1
ENSP00000302111,MGMT
ENSP00000302139,SYNPO
ENSP00000302578,LRATD2
ENSP00000302790,XPO6
ENSP00000302886,PA2G4
ENSP00000302955,RRM2
ENSP00000302961,HSPA4
ENSP00000302978,SPRY3
ENSP00000302993,FIP1L1
ENSP00000303015,ZRSR2
ENSP00000303042,AFAP1L2
ENSP00000303077,GOT1L1
ENSP00000303158,CCDC8
ENSP00000303315,JUNB
ENSP00000303398,MTBP
ENSP00000303423,FNTA
ENSP00000303427,PDS5A
ENSP00000303482,REEP4
ENSP00000303507,BCR
ENSP00000303754,PPID
ENSP00000303908,TWF2
ENSP00000303991,UBXN1
ENSP00000304051,RNF139
ENSP00000304072,DDX54
ENSP00000304078,SACK1B
ENSP00000304108,FAM171B
ENSP00000304553,MPLKIP
ENSP00000304586,ANKS3
ENSP00000304592,FASN
ENSP00000304604,MAGI3
ENSP00000304669,CTNNA1
ENSP00000304895,IRS1
ENSP00000304898,MFF
ENSP00000305069,TMEM192
ENSP00000305161,TRIM56
ENSP00000305193,HS1BP3
ENSP00000305298,RTKN
ENSP00000305422,CEBPB
ENSP00000305556,PCBP1
ENSP00000305647,VAMP5
ENSP00000305689,AFF1
ENSP00000305699,HOOK3
ENSP00000305839,GPRIN1
ENSP00000305843,FEZ2
ENSP00000305918,BRD3
ENSP00000305958,STIP1
ENSP00000305976,SIK2
ENSP00000306050,SPNS1
ENSP00000306330,YWHAG
ENSP00000306822,AVEN
ENSP00000306881,SEC23A
ENSP00000306983,YEATS2
ENSP00000307181,RAMAC
ENSP00000307240,KRT74
ENSP00000307265,IRF2BP1
ENSP00000307288,MCM7
ENSP00000307705,H1-4
ENSP00000307939,GCC2
ENSP00000307940,EEF2
ENSP00000308179,WDR3
ENSP00000308369,LEMD3
ENSP00000308413,RPS6KB2
ENSP00000308439,SNAPC5
ENSP00000308532,DBN1
ENSP00000308546,MEPCE
ENSP00000308548,ZNHIT2
ENSP00000308727,SUSD5
ENSP00000308862,ARID5B
ENSP00000309031,VCPIP1
ENSP00000309142,PDE12
ENSP00000309186,SH3RF3
ENSP00000309222,AKNA
ENSP00000309302,KDM2A
ENSP00000309428,AKT2
ENSP00000309432,RETREG3
ENSP00000309474,PSMD1
ENSP00000309539,DPYSL2
ENSP00000309582,GAPVD1
ENSP00000309597,MAP3K11
ENSP00000309606,ZNF408
ENSP00000309689,LRCH4
ENSP00000309690,DMXL1
ENSP00000309790,MIS18BP1
ENSP00000309794,TBC1D16
ENSP00000309968,ADAM17
ENSP00000310042,ZNF622
ENSP00000310088,PTMS
ENSP00000310129,PSMD2
ENSP00000310169,MACROH2A1
ENSP00000310170,FOSL1
ENSP00000310189,MOB1B
ENSP00000310338,RESF1
ENSP00000310406,RIN1
ENSP00000310448,SART1
ENSP00000310453,FNIP1
ENSP00000310491,ARHGAP1
ENSP00000310573,KRT25
ENSP00000310668,NUP93
ENSP00000310723,DDX23
ENSP00000310827,DAB2IP
ENSP00000310842,FANCI
ENSP00000311026,OXR1
ENSP00000311106,WAC
ENSP00000311186,ATP2A2
ENSP00000311360,RAD9A
ENSP00000311419,RAPGEF6
ENSP00000311427,SNX33
ENSP00000311430,RPL4
ENSP00000311449,RAB6A
ENSP00000311537,THAP3
ENSP00000311677,PPP1R8
ENSP00000311713,OXSR1
ENSP00000311747,RBM14
ENSP00000311827,MSL2
ENSP00000311949,DCAF6
ENSP00000312070,PCDHGC3
ENSP00000312081,SSH3
ENSP00000312262,GRK2
ENSP00000312463,CAMSAP1
ENSP00000312535,LRFN4
ENSP00000312625,HP1BP3
ENSP00000312834,MLXIP
ENSP00000313327,HNRNPD
ENSP00000313350,RNASEH1
ENSP00000313410,NSD3
ENSP00000313420,PRKDC
ENSP00000313422,ARL6IP4
ENSP00000313569,GPS1
ENSP00000313601,CC2D1A
ENSP00000313624,SENP7
ENSP00000313699,HEPHL1
ENSP00000313829,KHDRBS1
ENSP00000314004,ANAPC2
ENSP00000314029,SENP3
ENSP00000314067,PAK2
ENSP00000314193,WDR75
ENSP00000314348,DDX10
ENSP00000314499,GAK
ENSP00000314505,MCM9
ENSP00000315410,OSBPL3
ENSP00000315700,CHAF1B
ENSP00000315713,SSH1
ENSP00000315791,CSTF3
ENSP00000316032,NUP98
ENSP00000316109,AGGF1
ENSP00000316291,RBBP6
ENSP00000316454,PACS1
ENSP00000316512,TLK2
ENSP00000316527,ZNF609
ENSP00000316543,RAPH1
ENSP00000317123,SNRNP200
ENSP00000317334,TCP1
ENSP00000317404,CHST13
ENSP00000317473,RABGGTB
ENSP00000317537,TLE5
ENSP00000317561,ZBTB8A
ENSP00000317695,NFX1
ENSP00000317714,STX4
ENSP00000317790,SPTBN5
ENSP00000317804,ZDHHC8
ENSP00000317985,ROCK2
ENSP00000317992,NOC2L
ENSP00000318012,SET
ENSP00000318131,PNMA8A
ENSP00000318176,PRKRA
ENSP00000318177,FUBP3
ENSP00000318195,NUCLEOLIN
ENSP00000318406,KIAA0319L
ENSP00000318690,GCFC2
ENSP00000318775,ANAPC4
ENSP00000318861,SF3B2
ENSP00000318884,FMN2
ENSP00000318900,SOBP
ENSP00000318944,TRAF7
ENSP00000319231,PHLDA2
ENSP00000319240,MAGOHB
ENSP00000319388,MAMDC4
ENSP00000319417,SKA3
ENSP00000319469,TMEM214
ENSP00000319664,NUDC
ENSP00000320117,TRIP10
ENSP00000320204,IGF2BP2
ENSP00000320232,LRTM3
ENSP00000320298,PTPN2
ENSP00000320309,FARSA
ENSP00000320485,ARID1A
ENSP00000320663,EML4
ENSP00000320821,KIF1C
ENSP00000320853,BRSK1
ENSP00000320898,RNF168
ENSP00000320968,AMOTL1
ENSP00000321195,ATP11B
ENSP00000321259,TALDO1
ENSP00000321309,VCX2
ENSP00000321365,RAD23A
ENSP00000321537,LLGL1
ENSP00000321584,IMPDH2
ENSP00000321703,TACC1
ENSP00000322147,RTN4
ENSP00000322182,SORBS2
ENSP00000322568,SOX11
ENSP00000322791,KIF1A
ENSP00000322915,ZMYM4
ENSP00000322926,FARP1
ENSP00000323148,ZKSCAN1
ENSP00000323152,PHF21A
ENSP00000323288,RPUSD2
ENSP00000323300,SPAG5
ENSP00000323332,CRTC1
ENSP00000323462,MTMR14
ENSP00000323687,UBE2O
ENSP00000323720,MED14
ENSP00000323782,CCDC43
ENSP00000323837,SLC4A1AP
ENSP00000323879,ZNRF2
ENSP00000324020,KIF15
ENSP00000324135,CCDC93
ENSP00000324245,SHROOM1
ENSP00000324287,ACAP2
ENSP00000324422,ZYX
ENSP00000324573,FLII
ENSP00000324792,NFATC2IP
ENSP00000324827,AKAP17A
ENSP00000325166,FMN1
ENSP00000325312,METAP2
ENSP00000325376,HNRNPM
ENSP00000325377,WDR33
ENSP00000325494,GLIS3
ENSP00000325681,CCZ1
ENSP00000325827,SEC16A
ENSP00000325863,MRE11
ENSP00000326128,LARP4B
ENSP00000326200,ZBTB11
ENSP00000326630,ZFPM1
ENSP00000326900,TNRC6A
ENSP00000327054,LMNB2
ENSP00000327077,PCM1
ENSP00000327758,NKX2-5
ENSP00000328023,SRPRA
ENSP00000328059,RLIM
ENSP00000328062,WASHC4
ENSP00000328088,PAWR
ENSP00000328336,CEND1
ENSP00000328426,TASOR2
ENSP00000328720,FOXK1
ENSP00000329170,POU3F2
ENSP00000329219,FMNL1
ENSP00000329357,SP1
ENSP00000329419,COPB2
ENSP00000329436,TMCC2
ENSP00000329492,RMP24
ENSP00000329532,SMTN
ENSP00000329662,H1-10
ENSP00000330074,H1-5
ENSP00000330188,RSRC2
ENSP00000330460,DDX59
ENSP00000330694,NSMCE3
ENSP00000330842,RGPD6
ENSP00000331305,TOB2
ENSP00000331487,NPLOC4
ENSP00000331678,PKP3
ENSP00000331720,HAPSTR1
ENSP00000331737,EP400
ENSP00000331879,PRMT3
ENSP00000331901,EEF1G
ENSP00000331907,DHX34
ENSP00000331983,CARMIL1
ENSP00000332373,SUGP2
ENSP00000332628,CHD3
ENSP00000333470,BET1L
ENSP00000333568,PRKD1
ENSP00000333697,TMEM179B
ENSP00000333920,TTF1
ENSP00000334058,CPEB2
ENSP00000334156,SPTBN1
ENSP00000334229,C2CD5
ENSP00000334289,C9orf85
ENSP00000334375,LRCH3
ENSP00000334379,C2CD3
ENSP00000334431,EXOC1
ENSP00000334618,KLC1
ENSP00000334642,PDZD8
ENSP00000334675,ERCC6L
ENSP00000334703,COG5
ENSP00000334958,CARMIL2
ENSP00000335029,RASA3
ENSP00000335044,ARID2
ENSP00000335082,FAM91A1
ENSP00000335201,BCDIN3D
ENSP00000335320,BCL9L
ENSP00000335321,SF3B1
ENSP00000335557,SLX4IP
ENSP00000335574,RREB1
ENSP00000336127,TTC7B
ENSP00000336565,ZNF446
ENSP00000336620,ZNF687
ENSP00000336721,LARP1
ENSP00000336752,FIP1L1
ENSP00000336799,TUBA1B
ENSP00000336824,SLK
ENSP00000336842,ACTR8
ENSP00000337250,ASXL2
ENSP00000337289,CENPQ
ENSP00000337332,SIRT6
ENSP00000337445,ELAC2
ENSP00000337513,SRA1
ENSP00000337648,SLC26A6
ENSP00000337838,RTN4
ENSP00000338127,TESK1
ENSP00000338143,SUPT6H
ENSP00000338235,MTDH
ENSP00000338258,CDC42EP4
ENSP00000338371,TNRC6B
ENSP00000338378,AGAP1
ENSP00000338516,BTF3
ENSP00000338533,TTC33
ENSP00000338608,ELF4
ENSP00000338718,ATXN2L
ENSP00000338766,NPHP3
ENSP00000338785,STARD13
ENSP00000338788,ZC3H15
ENSP00000338845,PCGF6
ENSP00000338885,C2CD2L
ENSP00000338964,GGT7
ENSP00000339017,ATAD1
ENSP00000339063,EEF1A1
ENSP00000339090,RBMX2
ENSP00000339109,ANAPC1
ENSP00000339145,RRP1B
ENSP00000339191,CAV1
ENSP00000339299,TRIO
ENSP00000339495,NELFB
ENSP00000339566,H1-2
ENSP00000339637,BRAT1
ENSP00000339723,CIRSR
ENSP00000339889,ECPAS
ENSP00000339897,EME1
ENSP00000340184,LIMA1
ENSP00000340271,TAF3
ENSP00000340594,SYDE2
ENSP00000340635,CFL2
ENSP00000340690,RUNX1
ENSP00000340691,EIF4EBP1
ENSP00000340796,ZNF326
ENSP00000340815,SLC3A2
ENSP00000340836,OSTF1
ENSP00000340900,MIA3
ENSP00000341171,MTSS2
ENSP00000341324,SRFBP1
ENSP00000341489,SYDE1
ENSP00000341680,DTNBP1
ENSP00000341826,HNRNPA1
ENSP00000341844,PARD3
ENSP00000341885,RPS2
ENSP00000342092,PAX3
ENSP00000342408,CSDE1
ENSP00000342492,PARVB
ENSP00000342493,RMDN3
ENSP00000342698,MCOLN3
ENSP00000342778,PPM1G
ENSP00000342800,PKP2
ENSP00000342895,NDUFV3
ENSP00000342962,SERINC1
ENSP00000343002,B3GLCT
ENSP00000343054,RBM5
ENSP00000343144,PARD6G
ENSP00000343206,SYN1
ENSP00000343298,LRRC41
ENSP00000343446,MASTL
ENSP00000343535,USP7
ENSP00000343547,TPD52L2
ENSP00000343635,MEAK7
ENSP00000343671,RPGR
ENSP00000343690,DPYSL3
ENSP00000343809,BSG
ENSP00000343885,PPA2
ENSP00000343959,GAB2
ENSP00000344055,AP3D1
ENSP00000344149,SRSF10
ENSP00000344314,OFD1
ENSP00000344383,TSC2
ENSP00000344488,JPH1
ENSP00000344503,TMEM201
ENSP00000344666,NF2
ENSP00000344672,NHSL1
ENSP00000344950,LARP7
ENSP00000344955,KAT5
ENSP00000345308,UBAP2L
ENSP00000345359,PODXL2
ENSP00000345456,PARN
ENSP00000345492,SH2B3
ENSP00000345498,AMPD2
ENSP00000345680,DNM1
ENSP00000345739,DNMT1
ENSP00000345752,MTMR2
ENSP00000345793,ZC3H7B
ENSP00000345848,ANP32B
ENSP00000345895,NUP50
ENSP00000346037,RPLP1
ENSP00000346050,RPS3A
ENSP00000346111,NSD1
ENSP00000346120,DDX21
ENSP00000346196,NDUFV3
ENSP00000346217,SMARCAD1
ENSP00000346236,DDX46
ENSP00000346349,LRRFIP2
ENSP00000346564,TP53I11
ENSP00000346566,CKAP5
ENSP00000346726,HNRNPH3
ENSP00000346935,AXIN1
ENSP00000347005,LUC7L2
ENSP00000347184,HTT
ENSP00000347224,GPBP1L1
ENSP00000347375,TBC1D9B
ENSP00000347427,MINK1
ENSP00000347464,GIT2
ENSP00000347532,SHTN1
ENSP00000347592,SAP30BP
ENSP00000347662,RIC8B
ENSP00000347683,PLEKHA4
ENSP00000347839,RAB11FIP2
ENSP00000347845,TASOR
ENSP00000347907,FNBP1
ENSP00000347909,STRN3
ENSP00000347931,PCNX3
ENSP00000347959,THOC2
ENSP00000348089,ERCC6
ENSP00000348162,ZNF507
ENSP00000348270,FRMD8
ENSP00000348290,MAPK8IP3
ENSP00000348359,PHLDB1
ENSP00000348489,FBRS
ENSP00000348498,NF1
ENSP00000348523,CDCA7L
ENSP00000348565,UBA5
ENSP00000348596,SDAD1
ENSP00000348693,MYO5A
ENSP00000348696,PAK1
ENSP00000348886,STOML2
ENSP00000348933,CCDC25
ENSP00000348965,DYNC1H1
ENSP00000348984,SON
ENSP00000349049,KDM1A
ENSP00000349056,ARHGEF12
ENSP00000349124,PPP4R2
ENSP00000349205,PIK3R4
ENSP00000349211,PCYT1B
ENSP00000349305,GOLGA4
ENSP00000349458,CILK1
ENSP00000349541,CAVIN1
ENSP00000349545,OSBPL1A
ENSP00000349636,SPAG9
ENSP00000349685,VPS13B
ENSP00000349748,SFPQ
ENSP00000349877,ATP13A1
ENSP00000349959,RICTOR
ENSP00000349961,SMC4
ENSP00000350170,FXR1
ENSP00000350187,WDR7
ENSP00000350401,DDHD1
ENSP00000350518,G3BP2
ENSP00000350698,DDX47
ENSP00000350934,RABEP2
ENSP00000350974,PPP1CA
ENSP00000351022,TPM1
ENSP00000351058,ARHGAP19
ENSP00000351094,MYOF
ENSP00000351136,HNRNPLL
ENSP00000351141,WTAP
ENSP00000351175,MAX
ENSP00000351209,EPHA2
ENSP00000351258,DMAC2L
ENSP00000351352,SIPA1L1
ENSP00000351413,ADGRE5
ENSP00000351416,ANKRD17
ENSP00000351490,MAX
ENSP00000351524,HELZ
ENSP00000351555,BAZ1A
ENSP00000351614,SYN3
ENSP00000351629,CDK11A
ENSP00000351664,MICAL1
ENSP00000351684,CAMSAP2
ENSP00000351740,FAM114A1
ENSP00000351777,VCP
ENSP00000351811,EDC4
ENSP00000351851,NUMA1
ENSP00000352138,KIRREL1
ENSP00000352185,PHF2
ENSP00000352232,SH2B1
ENSP00000352264,CD2AP
ENSP00000352308,DDX42
ENSP00000352354,EHD1
ENSP00000352400,NUP214
ENSP00000352438,PCBP2
ENSP00000352513,MPZL1
ENSP00000352536,GTF3C2
ENSP00000352572,PCNT
ENSP00000352703,NDRG3
ENSP00000353114,AHNAK2
ENSP00000353124,ARRB1
ENSP00000353152,PDE4D
ENSP00000353246,MAK16
ENSP00000353253,PPIP5K1
ENSP00000353286,ADD3
ENSP00000353402,AFAP1
ENSP00000353408,MSN
ENSP00000353463,GATAD2A
ENSP00000353561,TRIM9
ENSP00000353587,SRGAP3
ENSP00000353590,MYH10
ENSP00000353660,PEA15
ENSP00000353793,WDHD1
ENSP00000353804,ACSS2
ENSP00000353817,URI1
ENSP00000354021,HNRNPA2B1
ENSP00000354040,GTPBP4
ENSP00000354085,ANKHD1
ENSP00000354091,GNL3L
ENSP00000354111,DNAJC5
ENSP00000354201,UBE2Z
ENSP00000354322,GON4L
ENSP00000354339,WDR47
ENSP00000354347,GFPT1
ENSP00000354437,RBM39
ENSP00000354449,FOXJ3
ENSP00000354451,IQGAP3
ENSP00000354485,MAP3K3
ENSP00000354486,GOLGA4
ENSP00000354492,FOXM1
ENSP00000354518,ZNF830
ENSP00000354522,TOP1
ENSP00000354528,RBPJ
ENSP00000354558,MTOR
ENSP00000354561,ITSN2
ENSP00000354591,SERBP1
ENSP00000354616,LDB1
ENSP00000354622,RUNDC1
ENSP00000354623,WHRN
ENSP00000354660,MAGEC2
ENSP00000354671,MAST2
ENSP00000354720,SMC3
ENSP00000354739,RPL12
ENSP00000354850,OGA
ENSP00000354957,SMC5
ENSP00000354964,ZNF318
ENSP00000355013,CTR9
ENSP00000355045,TOGARAM1
ENSP00000355090,ARHGAP11A
ENSP00000355133,NOS1AP
ENSP00000355210,TMEM184B
ENSP00000355237,CDC42BPB
ENSP00000355284,PJA2
ENSP00000355306,C1orf174
ENSP00000355317,WDTC1
ENSP00000355388,MPHOSPH8
ENSP00000355497,AKT3
ENSP00000355500,CEP170
ENSP00000355511,CHML
ENSP00000355566,TOMM20
ENSP00000355582,MAP3K21
ENSP00000355589,SIPA1L2
ENSP00000355597,DISC1
ENSP00000355599,TSNAX
ENSP00000355660,TRIM11
ENSP00000355743,PHF10
ENSP00000355759,PARP1
ENSP00000355777,ACBD3
ENSP00000355827,FBXO28
ENSP00000355884,MARK1
ENSP00000355890,EPRS1
ENSP00000355899,RRP15
ENSP00000355902,GPATCH2
ENSP00000355923,PTPN14
ENSP00000355968,SLC30A1
ENSP00000355972,RCOR3
ENSP00000356057,TMEM181
ENSP00000356110,NUCKS1
ENSP00000356172,SOX13
ENSP00000356224,SYNE1
ENSP00000356282,LAD1
ENSP00000356319,KIF14
ENSP00000356379,ASPM
ENSP00000356381,KATNA1
ENSP00000356436,PLA2G4A
ENSP00000356437,SASH1
ENSP00000356445,STXBP5
ENSP00000356475,SHPRH
ENSP00000356481,NIBAN1
ENSP00000356548,LTV1
ENSP00000356556,PHACTR2
ENSP00000356561,XPR1
ENSP00000356576,HIVEP2
ENSP00000356579,CEP350
ENSP00000356606,RALGPS2
ENSP00000356630,HECA
ENSP00000356667,RC3H1
ENSP00000356705,DNM3
ENSP00000356737,GORAB
ENSP00000356741,KIFAP3
ENSP00000356796,HBS1L
ENSP00000356853,UCK2
ENSP00000356914,STX7
ENSP00000357051,PEX19
ENSP00000357077,TAGLN2
ENSP00000357110,EPB41L2
ENSP00000357131,ARHGAP18
ENSP00000357175,ETV3
ENSP00000357283,LMNA
ENSP00000357284,LMNA
ENSP00000357304,KHDC4
ENSP00000357417,FLAD1
ENSP00000357435,SHC1
ENSP00000357442,PYGO2
ENSP00000357450,PBXIP1
ENSP00000357456,ADAR
ENSP00000357517,TPM3
ENSP00000357564,RAB13
ENSP00000357622,CRTC2
ENSP00000357635,DENND4B
ENSP00000357642,MKI67
ENSP00000357643,MKI67
ENSP00000357656,FYN
ENSP00000357674,SNAPIN
ENSP00000357695,S100A16
ENSP00000357789,FLG
ENSP00000357856,POGZ
ENSP00000357868,PI4KB
ENSP00000357887,VPS72
ENSP00000357901,SCNM1
ENSP00000357928,CDC40
ENSP00000357965,SETDB1
ENSP00000357985,PLEKHA1
ENSP00000358019,NSMCE4A
ENSP00000358022,MCL1
ENSP00000358073,MCMBP
ENSP00000358121,HACE1
ENSP00000358133,GRIK2
ENSP00000358140,EIF3A
ENSP00000358159,ASCC3
ENSP00000358257,ABLIM1
ENSP00000358333,MAP3K7
ENSP00000358478,TTF2
ENSP00000358523,VANGL1
ENSP00000358532,RBM20
ENSP00000358556,TRIM33
ENSP00000358616,SMNDC1
ENSP00000358711,KCND3
ENSP00000358716,DDX20
ENSP00000358789,SH3PXD2A
ENSP00000358810,STRIP1
ENSP00000358812,PDCD11
ENSP00000358886,ATXN7L2
ENSP00000358905,WBP1L
ENSP00000358918,SUFU
ENSP00000358983,NFKB2
ENSP00000359000,GBF1
ENSP00000359027,SENP6
ENSP00000359042,PRPF38B
ENSP00000359160,TRMT13
ENSP00000359243,LZTS2
ENSP00000359264,BCAR3
ENSP00000359275,FNBP1L
ENSP00000359295,DR1
ENSP00000359306,ARFGAP1
ENSP00000359364,YTHDF1
ENSP00000359469,ZNF644
ENSP00000359507,CUTC
ENSP00000359518,MRGBP
ENSP00000359532,NTSR1
ENSP00000359552,PKN2
ENSP00000359645,RBMX
ENSP00000359656,ARHGEF6
ENSP00000359665,PI4K2A
ENSP00000359697,MAP7D3
ENSP00000359727,BAG2
ENSP00000359804,FUBP1
ENSP00000359826,PABIR2
ENSP00000359837,ZZZ3
ENSP00000359956,ELOVL5
ENSP00000359987,SRSF11
ENSP00000359989,SRSF11
ENSP00000359991,PGAM1
ENSP00000360021,GNG12
ENSP00000360029,SERBP1
ENSP00000360031,RRP12
ENSP00000360035,PPP1R3D
ENSP00000360108,DNAJC6
ENSP00000360125,PGM1
ENSP00000360129,EFCAB7
ENSP00000360164,SMARCA1
ENSP00000360188,USP1
ENSP00000360229,NFIA
ENSP00000360266,JUN
ENSP00000360296,PLPP3
ENSP00000360329,TTC4
ENSP00000360373,CUL4B
ENSP00000360464,NKAP
ENSP00000360473,PFDN4
ENSP00000360488,FRA10AC1
ENSP00000360497,RNF113A
ENSP00000360526,ZNF217
ENSP00000360532,CDC5L
ENSP00000360599,TUT4
ENSP00000360623,ORC1
ENSP00000360644,DPM1
ENSP00000360666,ABCA2
ENSP00000360676,KTI12
ENSP00000360682,PAXX
ENSP00000360683,PTPN1
ENSP00000360709,HSP90AB1
ENSP00000360777,INPP5E
ENSP00000360790,ENTR1
ENSP00000360798,EPS15
ENSP00000360821,UBAC1
ENSP00000360869,IFIT1
ENSP00000360890,WDR44
ENSP00000360893,STAU1
ENSP00000360985,ARFGEF2
ENSP00000360994,STAMBPL1
ENSP00000361009,PREX1
ENSP00000361065,NCOA3
ENSP00000361162,TOE1
ENSP00000361219,GTF3C4
ENSP00000361244,MAD2L1BP
ENSP00000361298,KIF2C
ENSP00000361411,ZCCHC24
ENSP00000361423,ABL1
ENSP00000361433,EXOSC2
ENSP00000361486,PCIF1
ENSP00000361506,USP20
ENSP00000361524,C9orf78
ENSP00000361535,MED8
ENSP00000361540,CDC20
ENSP00000361586,ZNF691
ENSP00000361626,YBX1
ENSP00000361658,NUP188
ENSP00000361682,LRRC8A
ENSP00000361711,TCEAL3
ENSP00000361731,TBC1D13
ENSP00000361777,SET
ENSP00000361793,SMAP2
ENSP00000361816,SPTAN1
ENSP00000361841,VCL
ENSP00000361857,RLF
ENSP00000361892,STK4
ENSP00000361900,TOMM34
ENSP00000361905,TRIT1
ENSP00000362013,TRERF1
ENSP00000362017,CENPI
ENSP00000362061,OSER1
ENSP00000362063,CSTF2
ENSP00000362072,SYTL4
ENSP00000362075,AKIRIN1
ENSP00000362085,BBLN
ENSP00000362092,RRAGC
ENSP00000362110,SF3A3
ENSP00000362127,MTF1
ENSP00000362135,YRDC
ENSP00000362146,CDCA8
ENSP00000362243,MAP7D1
ENSP00000362298,SGPL1
ENSP00000362330,CHD6
ENSP00000362361,CDK9
ENSP00000362392,CFAP157
ENSP00000362396,STXBP1
ENSP00000362411,NIBAN2
ENSP00000362532,RPRD1B
ENSP00000362579,NHSL3
ENSP00000362638,MARCKSL1
ENSP00000362649,HDAC1
ENSP00000362687,DDX50
ENSP00000362704,CCDC28B
ENSP00000362712,TXLNA
ENSP00000362727,DENND1A
ENSP00000362728,KPNA6
ENSP00000362748,TET1
ENSP00000362751,RABGAP1
ENSP00000362768,RBL1
ENSP00000362770,DAW1
ENSP00000362774,RC3H2
ENSP00000362775,AGFG1
ENSP00000362820,SRSF3
ENSP00000362895,TAF1
ENSP00000362900,SRSF4
ENSP00000362930,TAF12
ENSP00000362945,PHACTR4
ENSP00000362946,RAB14
ENSP00000362963,NONO
ENSP00000363021,RPA2
ENSP00000363054,STX12
ENSP00000363110,ZMYM3
ENSP00000363123,AHDC1
ENSP00000363124,PHF20
ENSP00000363133,ILRUN
ENSP00000363152,MAP3K6
ENSP00000363215,MED12
ENSP00000363228,RBM12
ENSP00000363281,RPS6KA1
ENSP00000363322,CDC26
ENSP00000363349,SNX30
ENSP00000363384,ZNF593
ENSP00000363426,MTFR1L
ENSP00000363463,MACO1
ENSP00000363510,SRRM1
ENSP00000363524,KIF4A
ENSP00000363574,EIF6
ENSP00000363642,BMS1
ENSP00000363714,TMEM245
ENSP00000363836,CCNY
ENSP00000363866,CREM
ENSP00000363929,NCOA6
ENSP00000363940,LAS1L
ENSP00000363995,ZNF189
ENSP00000363998,ITCH
ENSP00000364104,PAGE2
ENSP00000364119,EIF2S2
ENSP00000364251,EPC1
ENSP00000364255,RALY
ENSP00000364261,OTUD3
ENSP00000364277,FGD1
ENSP00000364289,NCBP1
ENSP00000364336,TBXA2R
ENSP00000364394,ARHGAP12
ENSP00000364400,HABP4
ENSP00000364449,SIK3
ENSP00000364519,TFDP1
ENSP00000364547,SVIL
ENSP00000364549,SVIL
ENSP00000364589,CUL4A
ENSP00000364662,BICD2
ENSP00000364691,CROCC
ENSP00000364721,MAPRE1
ENSP00000364895,ZBTB17
ENSP00000365016,IRS2
ENSP00000365070,ACBD5
ENSP00000365336,ABI1
ENSP00000365458,HNRNPK
ENSP00000365621,FRMD3
ENSP00000365682,TLE1
ENSP00000365830,SOWAHC
ENSP00000366050,C9orf40
ENSP00000366070,RILPL1
ENSP00000366109,ANXA1
ENSP00000366161,ZFAND5
ENSP00000366179,DNAJC1
ENSP00000366237,DFFA
ENSP00000366243,CEMIP2
ENSP00000366244,ARAF
ENSP00000366260,CNNM3
ENSP00000366297,KIF1B
ENSP00000366330,KLF9
ENSP00000366567,MAP4K2
ENSP00000366603,TGOLN2
ENSP00000366672,DTD1
ENSP00000366679,H2AC12
ENSP00000366694,KCTD12
ENSP00000366702,ERRFI1
ENSP00000366852,TBC1D4
ENSP00000366897,KLF12
ENSP00000366936,SHB
ENSP00000366939,MGME1
ENSP00000366964,DMWD
ENSP00000366998,SNX5
ENSP00000367028,TCOF1
ENSP00000367126,TDRD3
ENSP00000367203,KDM6A
ENSP00000367208,SUGT1
ENSP00000367265,CKAP4
ENSP00000367284,FUNDC1
ENSP00000367292,FLRT3
ENSP00000367356,FAM171A1
ENSP00000367498,LRRC47
ENSP00000367558,USP9X
ENSP00000367562,TMX2
ENSP00000367581,ANKRD11
ENSP00000367608,CA9
ENSP00000367716,BCOR
ENSP00000367721,NUP160
ENSP00000367787,LIG3
ENSP00000367797,SKI
ENSP00000367984,MIB2
ENSP00000368017,ZFC3H1
ENSP00000368020,KIF3A
ENSP00000368040,OPTN
ENSP00000368091,KIF13A
ENSP00000368129,API5
ENSP00000368237,ATL2
ENSP00000368349,POLA1
ENSP00000368356,PRKD3
ENSP00000368377,FAM219A
ENSP00000368389,NGRN
ENSP00000368390,TPD52
ENSP00000368436,LRIG3
ENSP00000368459,NUFIP1
ENSP00000368484,UBAP1
ENSP00000368550,MAP9
ENSP00000368565,DNAJC2
ENSP00000368578,TMEM230
ENSP00000368637,SLC23A2
ENSP00000368666,PTCHD1
ENSP00000368686,E2F4
ENSP00000368698,HIVEP1
ENSP00000368818,TOM1L2
ENSP00000368831,SNX2
ENSP00000368884,RPS6KA3
ENSP00000368918,CDC25B
ENSP00000369115,PFKFB3
ENSP00000369127,DNAJA1
ENSP00000369162,RIOK1
ENSP00000369181,NRBP1
ENSP00000369187,TOPORS
ENSP00000369217,ARIH1
ENSP00000369274,PHKA2
ENSP00000369315,MYH10
ENSP00000369319,UACA
ENSP00000369431,CAAP1
ENSP00000369500,SYAP1
ENSP00000369538,GDI2
ENSP00000369594,FUS
ENSP00000369757,RPS6
ENSP00000369768,HSPH1
ENSP00000369777,ZNF768
ENSP00000369823,RGL3
ENSP00000369871,HAUS6
ENSP00000369887,SLTM
ENSP00000369897,CARS1
ENSP00000369915,NAP1L4
ENSP00000370015,CNTLN
ENSP00000370023,HADHA
ENSP00000370069,MSL3
ENSP00000370114,PSIP1
ENSP00000370125,HMGN1
ENSP00000370132,DNMT3A
ENSP00000370148,WRNIP1
ENSP00000370167,YAF2
ENSP00000370178,BRWD1
ENSP00000370196,SBF1
ENSP00000370299,SHROOM2
ENSP00000370346,NFIB
ENSP00000370384,TSSC4
ENSP00000370395,SGTB
ENSP00000370517,PFKP
ENSP00000370574,RPL21
ENSP00000370589,NOP56
ENSP00000370694,IL6ST
ENSP00000370730,WDR37
ENSP00000370745,DDX1
ENSP00000370870,BRD10
ENSP00000370981,LZTS1
ENSP00000371051,ZZEF1
ENSP00000371085,BAIAP2L2
ENSP00000371133,HMG20A
ENSP00000371172,LIMCH1
ENSP00000371184,HPCAL1
ENSP00000371221,MTMR6
ENSP00000371267,YWHAQ
ENSP00000371307,PLPP6
ENSP00000371308,CPAP
ENSP00000371393,PGM2
ENSP00000371474,NIN
ENSP00000371502,CREBBP
ENSP00000371544,TRAPPC12
ENSP00000371638,SMARCA2
ENSP00000371686,DMRT2
ENSP00000371730,KANK1
ENSP00000371798,FSCN1
ENSP00000371917,CBARP
ENSP00000371931,SYNJ1
ENSP00000372193,CLCN7
ENSP00000372206,EEF1AKMT1
ENSP00000372238,RGS12
ENSP00000372327,ZMYM2
ENSP00000372689,STAG1
ENSP00000372924,RALBP1
ENSP00000373364,GOLM1
ENSP00000373390,BLTP1
ENSP00000373450,SPAG1
ENSP00000373489,KRT18
ENSP00000373620,HSPD1
ENSP00000373684,STK38L
ENSP00000373696,TRIP12
ENSP00000373734,DENND5B
ENSP00000373772,RNF20
ENSP00000373876,PDPK1
ENSP00000373918,GARS1
ENSP00000373930,CCAR2
ENSP00000374280,RTF1
ENSP00000374348,RALGAPA1
ENSP00000374407,PKP4
ENSP00000374455,SQSTM1
ENSP00000374484,TMEM87A
ENSP00000374529,CCNK
ENSP00000375485,KIAA0930
ENSP00000375710,AKT1S1
ENSP00000375750,TP53BP2
ENSP00000375851,IFT54
ENSP00000375872,ATG16L1
ENSP00000375889,C19orf47
ENSP00000375902,SP110
ENSP00000375918,ACSL3
ENSP00000375960,AFDN
ENSP00000375978,XRCC5
ENSP00000376045,CCNYL1
ENSP00000376056,EEF1B2
ENSP00000376071,FAM117B
ENSP00000376077,SUMO1
ENSP00000376146,CSNK1D
ENSP00000376159,BCLAF1
ENSP00000376204,ASH1L
ENSP00000376269,NCOA7
ENSP00000376290,TRA2A
ENSP00000376306,CIT
ENSP00000376330,WIPF1
ENSP00000376406,INF2
ENSP00000376502,RFX5
ENSP00000376609,GRK5
ENSP00000376707,XRN1
ENSP00000376716,PAPOLA
ENSP00000376744,RPS6KB1
ENSP00000376763,CLTC
ENSP00000376782,SPIRE2
ENSP00000376816,PDCD4
ENSP00000376892,NME1
ENSP00000376940,OSBPL8
ENSP00000376945,FBXW9
ENSP00000376989,ZNF800
ENSP00000377018,NCK2
ENSP00000377048,PHF3
ENSP00000377068,MDM2
ENSP00000377088,BTRC
ENSP00000377091,REV1
ENSP00000377150,ZC3H14
ENSP00000377159,PHLPP2
ENSP00000377326,KIAA1191
ENSP00000377408,NPM1
ENSP00000377498,MAGEA4
ENSP00000377504,ZNF414
ENSP00000377612,ESYT1
ENSP00000377681,G3BP1
ENSP00000377700,TBC1D23
ENSP00000377719,PSEN1
ENSP00000377794,STARD3
ENSP00000377807,PABIR1
ENSP00000377832,FBXL20
ENSP00000377895,FBXO38
ENSP00000377914,CIAPIN1
ENSP00000377934,KIF7
ENSP00000377943,TCERG1
ENSP00000377944,UTP14A
ENSP00000377969,GTF2F1
ENSP00000378032,CAMK2D
ENSP00000378040,BAD
ENSP00000378093,LRRC8D
ENSP00000378180,BRD7
ENSP00000378254,EML3
ENSP00000378302,NR4A1
ENSP00000378305,PPP3CB
ENSP00000378332,TGFB1I1
ENSP00000378350,CDC23
ENSP00000378400,LIMA1
ENSP00000378403,SIN3A
ENSP00000378409,VSIR
ENSP00000378479,SOS1
ENSP00000378487,VDAC1
ENSP00000378506,MSANTD3
ENSP00000378512,LPXN
ENSP00000378651,GPAT3
ENSP00000378699,CDK1
ENSP00000378753,MADD
ENSP00000378851,MAPK1IP1L
ENSP00000378886,TWF1
ENSP00000378990,EPN2
ENSP00000378993,FERMT2
ENSP00000379051,PURB
ENSP00000379107,BICD1
ENSP00000379258,GLI3
ENSP00000379344,XRCC4
ENSP00000379349,ADNP
ENSP00000379392,THUMPD1
ENSP00000379441,JMY
ENSP00000379457,FAF1
ENSP00000379494,PDE1C
ENSP00000379506,RPL14
ENSP00000379515,CCP110
ENSP00000379526,MAGED2
ENSP00000379629,CDKN1B
ENSP00000379643,NDE1
ENSP00000379658,ETV6
ENSP00000379670,CBX3
ENSP00000379709,ARHGAP21
ENSP00000379804,OSBPL10
ENSP00000379881,PDE7A
ENSP00000379888,RPS8
ENSP00000379902,TMEM106B
ENSP00000379946,BICRA
ENSP00000379998,ARFIP2
ENSP00000380070,GAPDH
ENSP00000380093,SOX10
ENSP00000380157,MOCS2
ENSP00000380159,FLYWCH2
ENSP00000380180,H2BC4
ENSP00000380206,EIF3B
ENSP00000380235,RALGAPB
ENSP00000380288,CHLSN
ENSP00000380317,PRKAA1
ENSP00000380340,NGDN
ENSP00000380413,AGAP3
ENSP00000380446,PABPN1
ENSP00000380460,PLAA
ENSP00000380495,DDX51
ENSP00000380659,EIF4ENIF1
ENSP00000380718,CDYL
ENSP00000380749,MEIS2
ENSP00000380763,MORC2
ENSP00000380794,CHMP7
ENSP00000380820,MCM3AP
ENSP00000380837,LSS
ENSP00000380888,MED13
ENSP00000380921,SH3KBP1
ENSP00000380945,NDRG2
ENSP00000381003,TTC28
ENSP00000381064,INTS10
ENSP00000381066,MAP2K7
ENSP00000381170,NHS
ENSP00000381187,INTS6
ENSP00000381216,KHSRP
ENSP00000381231,CBS
ENSP00000381267,ADAM22
ENSP00000381362,FNDC3A
ENSP00000381398,GEMIN8
ENSP00000381490,LARP4
ENSP00000381523,ZBTB21
ENSP00000381567,TMF1
ENSP00000381577,USP34
ENSP00000381657,DOT1L
ENSP00000381698,SHARPIN
ENSP00000381803,MAPK1
ENSP00000381859,TOMM6
ENSP00000381920,NAA15
ENSP00000381929,DYRK1A
ENSP00000381931,RCC1
ENSP00000381942,CRK
ENSP00000381952,KSR1
ENSP00000381993,SEPTIN7
ENSP00000382051,SEC24B
ENSP00000382071,HLCS
ENSP00000382091,ALKBH5
ENSP00000382165,GAREM1
ENSP00000382239,RBM12B
ENSP00000382352,ZNF521
ENSP00000382423,MAP3K1
ENSP00000382522,PAN3
ENSP00000382593,SETD5
ENSP00000382604,POLR1D
ENSP00000382627,RBBP8
ENSP00000382697,ROCK1
ENSP00000382806,RBM23
ENSP00000382814,FAM234A
ENSP00000382840,DDX3X
ENSP00000382857,USP16
ENSP00000382880,VAPA
ENSP00000382897,ANKRD12
ENSP00000383003,FKBP1A
ENSP00000383010,DLGAP1
ENSP00000383059,ARGLU1
ENSP00000383063,NRIP1
ENSP00000383086,CSNK2A1
ENSP00000383274,EIF4G3
ENSP00000383333,MORC3
ENSP00000383401,PPP4R1
ENSP00000383611,CCNL2
ENSP00000383700,RERE
ENSP00000383820,MIER1
ENSP00000383840,MMACHC
ENSP00000383996,CERT1
ENSP00000384026,HMGA2
ENSP00000384074,CSNK1E
ENSP00000384088,MIOS
ENSP00000384160,RBM33
ENSP00000384211,PSME4
ENSP00000384257,XRCC6
ENSP00000384259,ATG4B
ENSP00000384302,WDR43
ENSP00000384505,SUPT5H
ENSP00000384510,CAD
ENSP00000384602,LIMK2
ENSP00000384678,HMGB1
ENSP00000384720,EVL
ENSP00000384726,DGCR8
ENSP00000384816,CBLB
ENSP00000384823,FBXO11
ENSP00000384925,RANBP1
ENSP00000384945,WIPI2
ENSP00000384955,URGCP
ENSP00000385015,TTYH3
ENSP00000385025,SMCR8
ENSP00000385034,CDK14
ENSP00000385152,KIAA1671
ENSP00000385172,SEPTIN2
ENSP00000385191,MIEF1
ENSP00000385228,CHTOP
ENSP00000385278,YPEL5
ENSP00000385286,RPS7
ENSP00000385317,BBX
ENSP00000385323,BCAS3
ENSP00000385362,VAV2
ENSP00000385510,GPSM2
ENSP00000385536,DDX17
ENSP00000385604,CTNNB1
ENSP00000385610,MEX3C
ENSP00000385622,KIF2A
ENSP00000385634,TBC1D22A
ENSP00000385657,PPP1R7
ENSP00000385659,RPS27A
ENSP00000385693,HMGA1
ENSP00000385715,MAPRE3
ENSP00000385722,INTS1
ENSP00000385740,SUN2
ENSP00000385748,GRB10
ENSP00000385787,POP1
ENSP00000385795,PHF14
ENSP00000385807,TRMT2A
ENSP00000385824,FOXO3
ENSP00000385839,R3HDM2
ENSP00000385861,TFIP11
ENSP00000385888,KAT6A
ENSP00000385923,NUCB1
ENSP00000385925,RAD21L1
ENSP00000385952,PACSIN2
ENSP00000385971,ESRRA
ENSP00000386004,RMDN2
ENSP00000386026,TRIOBP
ENSP00000386128,MARK2
ENSP00000386245,PPIG
ENSP00000386284,ALAD
ENSP00000386337,ANKZF1
ENSP00000386358,CLK1
ENSP00000386397,DYNC1I2
ENSP00000386433,ZNF638
ENSP00000386458,PRPF40A
ENSP00000386474,BZW1
ENSP00000386488,ZC3H8
ENSP00000386519,PTMA
ENSP00000386537,GIGYF2
ENSP00000386538,TBC1D10B
ENSP00000386541,PSMD14
ENSP00000386557,FAM174C
ENSP00000386572,USP39
ENSP00000386636,SSB
ENSP00000386641,MFF
ENSP00000386643,PBRM1
ENSP00000386681,RPL31
ENSP00000386682,NAB1
ENSP00000386701,BUB1
ENSP00000386710,ATG9A
ENSP00000386759,SETD2
ENSP00000386763,MTA3
ENSP00000386835,EVA1A
ENSP00000386862,SH3BP4
ENSP00000386913,AFTPH
ENSP00000387059,JPT1
ENSP00000387100,TPRN
ENSP00000387144,GULP1
ENSP00000387170,GIGYF2
ENSP00000387203,TMEM237
ENSP00000387226,SPIRE1
ENSP00000387246,MAP3K2
ENSP00000387248,OSBPL6
ENSP00000387259,MAP3K20
ENSP00000387267,INO80B
ENSP00000387280,RBMS1
ENSP00000387305,NUP35
ENSP00000387319,ITPRID2
ENSP00000387335,ADCYAP1R1
ENSP00000387365,PWP1
ENSP00000387480,ADARB1
ENSP00000387583,SEC16A
ENSP00000387593,TANC2
ENSP00000387757,HIC2
ENSP00000387769,CRELD2
ENSP00000387858,STMN1
ENSP00000387997,PNISR
ENSP00000388015,JADE1
ENSP00000388058,ATM
ENSP00000388098,KCNQ5
ENSP00000388231,PAN2
ENSP00000388273,CAMKK2
ENSP00000388340,CLINT1
ENSP00000388387,NR2C2
ENSP00000388402,ZFP36L1
ENSP00000388475,U2AF2
ENSP00000388638,RBM17
ENSP00000388764,SATB2
ENSP00000389033,CAV1
ENSP00000389059,NCKIPSD
ENSP00000389103,RPL23A
ENSP00000389168,PPP1R12A
ENSP00000389383,STK11IP
ENSP00000389436,PHC2
ENSP00000389631,ARPC1B
ENSP00000389810,DSN1
ENSP00000389859,BRF1
ENSP00000390158,HERC1
ENSP00000390181,RIF1
ENSP00000390204,HEPACAM2
ENSP00000390491,PSMA3
ENSP00000390500,STK3
ENSP00000390505,ZGRF1
ENSP00000390681,PPHLN1
ENSP00000390783,SCFD1
ENSP00000390829,TRIM24
ENSP00000391126,PPP1R16A
ENSP00000391176,ZGPAT
ENSP00000391228,BET1
ENSP00000391466,MXRA7
ENSP00000391467,SPATS2L
ENSP00000392014,DONSON
ENSP00000392028,CHD7
ENSP00000392309,SUN1
ENSP00000392608,DYNC2I1
ENSP00000392767,S100A13
ENSP00000392808,RANBP10
ENSP00000392827,MAP3K19
ENSP00000392828,GPSM1
ENSP00000392837,SMARCA4
ENSP00000392947,PDE4B
ENSP00000392966,HMCES
ENSP00000393080,TOX4
ENSP00000393228,PSD3
ENSP00000393316,TMX1
ENSP00000393596,BIRC6
ENSP00000393621,CALD1
ENSP00000393675,MIGA1
ENSP00000393776,FCHO2
ENSP00000393803,BCL2L12
ENSP00000393978,PRKD2
ENSP00000394000,STARD3NL
ENSP00000394063,FAM234B
ENSP00000394226,ZNF513
ENSP00000394382,PDHA1
ENSP00000394413,PEX1
ENSP00000394466,TOM1
ENSP00000394487,FGD4
ENSP00000394510,PRR12
ENSP00000394617,PCYT1A
ENSP00000394663,ARID4B
ENSP00000394820,RECQL5
ENSP00000395083,ARFIP1
ENSP00000395144,SNRNP27
ENSP00000395249,RETREG2
ENSP00000395487,OTUD4
ENSP00000395538,TNRC18
ENSP00000395576,PML
ENSP00000395742,JAM3
ENSP00000395927,SF1
ENSP00000396242,SGK1
ENSP00000396432,TRAPPC14
ENSP00000396471,NFATC2
ENSP00000396497,FOSL2
ENSP00000396526,TRAFD1
ENSP00000396591,DSP
ENSP00000396618,MIGA2
ENSP00000396673,FTSJ3
ENSP00000396704,TOP2B
ENSP00000396830,DENND4A
ENSP00000396857,ZNF697
ENSP00000396876,DAXX
ENSP00000397068,ARHGEF7
ENSP00000397211,UNC5D
ENSP00000397249,BZW2
ENSP00000397412,DOCK4
ENSP00000397502,NRBF2
ENSP00000397552,ACTL6A
ENSP00000397580,EPB41L2
ENSP00000397740,ADGRL2
ENSP00000397797,HNRNPH1
ENSP00000397885,ITPR1
ENSP00000397906,CNKSR2
ENSP00000398157,TANK
ENSP00000398273,SOX5
ENSP00000398401,FAM133B
ENSP00000398560,SPATA13
ENSP00000398648,ANKS6
ENSP00000398778,RELL1
ENSP00000398787,PITPNM1
ENSP00000398837,KMT2B
ENSP00000398939,DLG1
ENSP00000398961,KAT7
ENSP00000399082,CDK18
ENSP00000399108,CNOT4
ENSP00000399148,LRP12
ENSP00000399166,HTRA2
ENSP00000399214,EPB41L1
ENSP00000399402,HMGCS1
ENSP00000399403,KLC2
ENSP00000399468,SPRY4
ENSP00000399481,POC5
ENSP00000399590,HPS5
ENSP00000399613,MON1A
ENSP00000399635,SIDT2
ENSP00000399717,SLC25A46
ENSP00000399725,ACHE
ENSP00000399888,HMGA1
ENSP00000399962,KCTD3
ENSP00000400010,PTPRJ
ENSP00000400085,RALGAPA2
ENSP00000400150,PLEKHM3
ENSP00000400238,PPP1R2
ENSP00000400276,TFEB
ENSP00000400281,NCOR2
ENSP00000400333,SNX27
ENSP00000400839,SLC35G2
ENSP00000400852,ZNF736
ENSP00000400884,VGF
ENSP00000400912,SRRT
ENSP00000400926,SEC31A
ENSP00000401022,BAIAP2
ENSP00000401053,UBE2E2
ENSP00000401119,USP36
ENSP00000401145,GAS2
ENSP00000401217,POU2F1
ENSP00000401264,CTPS2
ENSP00000401470,RANGAP1
ENSP00000401619,PDS5B
ENSP00000401620,NUCLEOLIN
ENSP00000401958,DOCK9
ENSP00000401980,MAVS
ENSP00000402033,PDZD2
ENSP00000402084,WEE1
ENSP00000402104,MARK3
ENSP00000402173,DEPDC5
ENSP00000402264,SRSF7
ENSP00000402367,GSE1
ENSP00000402377,SCAF4
ENSP00000402485,BRPF1
ENSP00000402510,MTRR
ENSP00000402537,MTMR10
ENSP00000402619,NCKAP5L
ENSP00000402640,DNAAF4
ENSP00000402972,FCHSD2
ENSP00000403145,SETMAR
ENSP00000403298,CDC42EP3
ENSP00000403411,FOXJ2
ENSP00000403447,NOTCH4
ENSP00000403524,BRAP
ENSP00000403552,GORASP1
ENSP00000403623,NELFE
ENSP00000403705,FAM53C
ENSP00000403783,EHBP1
ENSP00000403926,RFTN1
ENSP00000404047,ERBB2
ENSP00000404059,LYSMD1
ENSP00000404092,SMC6
ENSP00000404180,RAB34
ENSP00000404296,PLEKHA5
ENSP00000404394,HDAC7
ENSP00000404399,RGS7
ENSP00000404711,TMCC1
ENSP00000404854,NDRG1
ENSP00000404963,CENPA
ENSP00000404978,NEDD1
ENSP00000405068,NOP14
ENSP00000405088,ECE1
ENSP00000405160,DUT
ENSP00000405507,LYSMD3
ENSP00000405612,ARMC10
ENSP00000405668,R3HDM1
ENSP00000405674,NOL7
ENSP00000405736,PIKFYVE
ENSP00000405782,ANKRD54
ENSP00000406043,ROBO1
ENSP00000406140,SP3
ENSP00000406229,FAT1
ENSP00000406266,NIPBL
ENSP00000406448,IARS1
ENSP00000406553,FAM180A
ENSP00000406561,TRA2B
ENSP00000406705,HRH1
ENSP00000406783,IKZF2
ENSP00000406830,KMT5A
ENSP00000406888,TCOF1
ENSP00000406952,ELMO1
ENSP00000406963,CASKIN2
ENSP00000407080,TJAP1
ENSP00000407394,CPSF7
ENSP00000407487,UNC45A
ENSP00000407627,SPRED2
ENSP00000407720,CDK12
ENSP00000408035,PHTF2
ENSP00000408076,MIER3
ENSP00000408108,WDR26
ENSP00000408281,MLLT10
ENSP00000408292,TRIM32
ENSP00000408340,ERBB3
ENSP00000408368,PTPN13
ENSP00000408382,QKI
ENSP00000408521,ZNF280C
ENSP00000408695,PRKCA
ENSP00000408907,HSPA1A
ENSP00000408956,DHX16
ENSP00000408963,NAF1
ENSP00000409081,AP2M1
ENSP00000409382,CRACR2A
ENSP00000409463,ZNF740
ENSP00000409516,SNRK
ENSP00000409937,CATSPERT
ENSP00000410088,NCAPH2
ENSP00000410157,ABTB2
ENSP00000410176,EYA1
ENSP00000410256,NFKB2
ENSP00000410410,FLCN
ENSP00000410458,SGO1
ENSP00000410613,NEDD4
ENSP00000410652,UBE2E1
ENSP00000410710,PBX2
ENSP00000410848,RPSA
ENSP00000411010,DNTTIP2
ENSP00000411035,EHMT2
ENSP00000411061,WRAP53
ENSP00000411103,PRDM2
ENSP00000411152,ITPKB
ENSP00000411162,GNL1
ENSP00000411242,FNDC3B
ENSP00000411278,DLG1
ENSP00000411342,PPP1R9A
ENSP00000411352,ANXA2
ENSP00000411532,TOP2A
ENSP00000411534,SLTM
ENSP00000411701,DBNL
ENSP00000411802,PRR3
ENSP00000411851,BACC1
ENSP00000411894,RUBCN
ENSP00000411959,CHD3
ENSP00000412031,HLA-DRB4
ENSP00000412190,RING1
ENSP00000412310,SKIC2
ENSP00000412404,TREX1
ENSP00000412663,GSK3A
ENSP00000412682,USP8
ENSP00000412836,PLCL2
ENSP00000412861,IER3
ENSP00000412890,QRICH1
ENSP00000413035,RBFOX2
ENSP00000413098,SCAF8
ENSP00000413553,MAP9
ENSP00000413675,ATL1
ENSP00000413851,CABLES1
ENSP00000413934,CBY1
ENSP00000414109,HJURP
ENSP00000414373,ABCF1
ENSP00000414376,TMSB4X
ENSP00000414441,GOSR1
ENSP00000414607,PHF23
ENSP00000414951,TBC1D14
ENSP00000415000,ATAT1
ENSP00000415057,TLE3
ENSP00000415151,CBFB
ENSP00000415208,MPDZ
ENSP00000415229,SHROOM2
ENSP00000415303,CSNK2B
ENSP00000415363,PRRC2A
ENSP00000415430,GTSE1
ENSP00000415433,INTS12
ENSP00000415648,PIP5K1A
ENSP00000415663,FBXO42
ENSP00000415812,TRIM2
ENSP00000415876,ECT2
ENSP00000415895,SAFB
ENSP00000416015,MICAL3
ENSP00000416053,ARID4A
ENSP00000416060,PPP1R10
ENSP00000416134,ZBTB10
ENSP00000416227,MED19
ENSP00000416269,DDX39B
ENSP00000416311,COBLL1
ENSP00000416340,HNRNPA3
ENSP00000416360,ATXN1
ENSP00000416364,LRRFIP2
ENSP00000416374,TAOK3
ENSP00000416396,TAF6
ENSP00000416429,RPL32
ENSP00000416439,SLC39A7
ENSP00000416508,ATP13A3
ENSP00000416511,MDC1
ENSP00000416516,SRSF7
ENSP00000416540,BAG6
ENSP00000416569,BACH1
ENSP00000416573,CRTC3
ENSP00000416648,PPP1R18
ENSP00000416654,PTPN3
ENSP00000416692,RPL15
ENSP00000416739,RECQL
ENSP00000416842,BRPF3
ENSP00000416878,ING5
ENSP00000416918,FHIP1B
ENSP00000416951,ZC3H18
ENSP00000416959,TRA2B
ENSP00000417078,DHX36
ENSP00000417175,VAPB
ENSP00000417232,ZNF639
ENSP00000417273,NCK1
ENSP00000417384,TFDP2
ENSP00000417445,ERC2
ENSP00000417509,TASOR
ENSP00000417530,SSR3
ENSP00000417569,STIM2
ENSP00000417654,SLC35A5
ENSP00000417748,DDI2
ENSP00000417787,CENPO
ENSP00000417844,TLE4
ENSP00000417901,GPHN
ENSP00000417952,TFG
ENSP00000418031,KLC4
ENSP00000418070,NECTIN3
ENSP00000418156,TNIK
ENSP00000418185,CEP97
ENSP00000418194,PARP14
ENSP00000418232,NISCH
ENSP00000418319,PHLDB2
ENSP00000418337,MDFIC
ENSP00000418393,IPO5
ENSP00000418401,SRPRB
ENSP00000418403,CCDC14
ENSP00000418489,LIN9
ENSP00000418658,SLBP
ENSP00000418734,MYSM1
ENSP00000418920,CHMP2B
ENSP00000418974,KIDINS220
ENSP00000419004,NMD3
ENSP00000419041,RPL22L1
ENSP00000419250,PDZRN3
ENSP00000419417,C1orf52
ENSP00000419446,ADAM9
ENSP00000419465,WWTR1
ENSP00000419474,CCM2
ENSP00000419494,RYBP
ENSP00000419589,SZRD1
ENSP00000419673,CALD1
ENSP00000419754,SUPT20H
ENSP00000419765,BRD9
ENSP00000419791,SRPK2
ENSP00000419851,GMPS
ENSP00000419879,CDS2
ENSP00000419992,DBNL
ENSP00000420112,KRABD3
ENSP00000420213,FLNB
ENSP00000420263,APTX
ENSP00000420271,PHC3
ENSP00000420306,THOC5
ENSP00000420374,CGGBP1
ENSP00000420448,ZNF148
ENSP00000420466,MECOM
ENSP00000420550,PPP2R5D
ENSP00000420579,NECTIN3
ENSP00000420673,RPL29
ENSP00000420678,TBC1D15
ENSP00000420745,HLTF
ENSP00000420835,WWC2
ENSP00000420877,SCAND3
ENSP00000421045,LIN54
ENSP00000421096,PAICS
ENSP00000421252,KLF3
ENSP00000421358,SMG7
ENSP00000421681,NSD2
ENSP00000421691,FIP1L1
ENSP00000421749,FBXO4
ENSP00000421913,PRIMPOL
ENSP00000422037,NFXL1
ENSP00000422377,RAI14
ENSP00000422551,RBSN
ENSP00000422595,DLC1
ENSP00000422634,CAMK4
ENSP00000422753,DDX41
ENSP00000422762,IBTK
ENSP00000422784,ALB
ENSP00000422991,JADE2
ENSP00000423295,ARHGEF26
ENSP00000423312,CFAP97
ENSP00000423413,ABL2
ENSP00000423533,MATR3
ENSP00000423851,ARNT
ENSP00000423909,OCIAD1
ENSP00000423917,NPY5R
ENSP00000423972,NSD2
ENSP00000423974,MARK2
ENSP00000423983,RPL34
ENSP00000424063,CANX
ENSP00000424242,ENSA
ENSP00000424254,ZBTB38
ENSP00000424387,TARS1
ENSP00000424427,AFAP1L1
ENSP00000424472,RCHY1
ENSP00000424554,GAB1
ENSP00000424578,FAM169A
ENSP00000424765,AMOTL2
ENSP00000424790,NFKB1
ENSP00000424798,MTX3
ENSP00000424874,PGM3
ENSP00000424923,TLR10
ENSP00000424926,SMN1
ENSP00000424938,NEK1
ENSP00000425092,LUC7L3
ENSP00000425104,TP53
ENSP00000425130,UVSSA
ENSP00000425355,ANKRD50
ENSP00000425470,CDC25C
ENSP00000425492,BOD1L1
ENSP00000425532,CGN
ENSP00000425636,MEF2C
ENSP00000425715,CCDC149
ENSP00000425770,DCP2
ENSP00000425979,DROSHA
ENSP00000426154,MAPKBP1
ENSP00000426418,SH3RF1
ENSP00000426430,N4BP2
ENSP00000426539,TTC39B
ENSP00000426568,SMAD1
ENSP00000426648,STX18
ENSP00000426763,ABRAXAS1
ENSP00000426818,SH3BP2
ENSP00000426830,MLIP
ENSP00000426833,PACRGL
ENSP00000426997,ELF2
ENSP00000427089,APC
ENSP00000427100,SUB1
ENSP00000427108,CDKN2AIP
ENSP00000427260,FAM193A
ENSP00000427307,APBB2
ENSP00000427401,SREK1IP1
ENSP00000427480,UIMC1
ENSP00000427550,CEP192
ENSP00000427567,FHDC1
ENSP00000427618,TACC2
ENSP00000427620,NECAP2
ENSP00000427657,ZNF608
ENSP00000427695,TOB1
ENSP00000427768,ARHGEF10
ENSP00000427788,RPS20
ENSP00000427792,PLEKHF2
ENSP00000427797,ZC2HC1A
ENSP00000427854,TNIP1
ENSP00000427900,KIF13B
ENSP00000428027,ESCO2
ENSP00000428052,TRAM1
ENSP00000428085,RPL30
ENSP00000428086,EFR3A
ENSP00000428113,TLK1
ENSP00000428143,PWWP2A
ENSP00000428218,MPP2
ENSP00000428378,SYNPO
ENSP00000428426,TCEA1
ENSP00000428456,STAU2
ENSP00000428589,LARP1
ENSP00000428742,RUNX1T1
ENSP00000428754,GINS4
ENSP00000428755,NPM1
ENSP00000428770,TRIM35
ENSP00000428924,LYN
ENSP00000429048,CPEB4
ENSP00000429112,PIP4P2
ENSP00000429225,TTC1
ENSP00000429412,CSNK1G3
ENSP00000429482,SH2D4A
ENSP00000429640,ZNF395
ENSP00000429754,SLC20A2
ENSP00000429851,BNIP3L
ENSP00000429931,EIF3H
ENSP00000429955,CIBAR1
ENSP00000430038,SNX16
ENSP00000430092,CSPP1
ENSP00000430102,STMN2
ENSP00000430148,NCOA2
ENSP00000430235,MYC
ENSP00000430251,EXO1
ENSP00000430432,HDAC2
ENSP00000430448,FCHSD1
ENSP00000430475,SGK3
ENSP00000430548,PTDSS1
ENSP00000430621,MTFR1
ENSP00000430642,PTTG1
ENSP00000430684,IKBKB
ENSP00000430768,MCPH1
ENSP00000430875,CCNE2
ENSP00000431124,SNTB1
ENSP00000431150,RBM25
ENSP00000431179,MACF1
ENSP00000431237,C11orf58
ENSP00000431240,RPLP2
ENSP00000431364,RAP1GAP
ENSP00000431478,MUS81
ENSP00000431800,EIF3F
ENSP00000431870,PHRF1
ENSP00000431926,AMBRA1
ENSP00000432008,RIC8A
ENSP00000432100,PTDSS2
ENSP00000432134,SOX6
ENSP00000432149,KTN1
ENSP00000432175,SCYL1
ENSP00000432202,ZDHHC5
ENSP00000432428,DENND5A
ENSP00000432500,GPALPP1
ENSP00000432558,ZBTB44
ENSP00000432568,SPTBN2
ENSP00000432660,CFL1
ENSP00000432845,MEX3A
ENSP00000432862,ARHGAP32
ENSP00000432945,RPS6KA4
ENSP00000433067,TCP11L1
ENSP00000433146,USP47
ENSP00000433193,TAB3
ENSP00000433209,GSDMD
ENSP00000433219,EYA4
ENSP00000433270,CBFA2T2
ENSP00000433467,PLEKHA7
ENSP00000433481,KIAA1549L
ENSP00000433572,NFRKB
ENSP00000433600,C2CD2L
ENSP00000433664,EIF4G2
ENSP00000433681,NCAPD3
ENSP00000433760,BANF1
ENSP00000433808,KIF21B
ENSP00000433825,THRAP3
ENSP00000434024,H2AX
ENSP00000434162,VPS26B
ENSP00000434199,E2F8
ENSP00000434207,TRMT44
ENSP00000434245,SLCO4A1
ENSP00000434311,CLNS1A
ENSP00000434394,NCR3LG1
ENSP00000434435,FAM111A
ENSP00000434442,ARFGAP2
ENSP00000434540,PCF11
ENSP00000434704,CWF19L2
ENSP00000434743,TPD52L1
ENSP00000434872,EEF1D
ENSP00000434879,SLC36A4
ENSP00000434897,ASAP3
ENSP00000435122,SNX19
ENSP00000435125,MSANTD4
ENSP00000435289,PAFAH1B2
ENSP00000435444,RAB3IL1
ENSP00000435445,GLRX3
ENSP00000435689,EBAG9
ENSP00000435697,EEF1D
ENSP00000435909,MITF
ENSP00000435933,VAMP4
ENSP00000436039,UVRAG
ENSP00000436108,FOXK2
ENSP00000436269,SIPA1
ENSP00000436358,GPSM3
ENSP00000436500,GRAMD1B
ENSP00000436543,CTNND1
ENSP00000436641,EPB41L2
ENSP00000436644,EIF1AD
ENSP00000436720,MAF1
ENSP00000436750,TAF2
ENSP00000436792,CSRP1
ENSP00000436901,DPF2
ENSP00000436971,RPS3
ENSP00000437071,C1orf226
ENSP00000437073,MYO18A
ENSP00000437125,HSPA8
ENSP00000437180,UBTF
ENSP00000437271,CNOT12
ENSP00000437338,RCAN3
ENSP00000437808,DAAM2
ENSP00000438010,CAPRIN2
ENSP00000438061,HNRNPF
ENSP00000438075,KIF21A
ENSP00000438349,TRMT112
ENSP00000438465,PGAM5
ENSP00000438702,CLASRP
ENSP00000438748,SMG8
ENSP00000438778,PDIA6
ENSP00000438926,ZFHX3
ENSP00000439208,SNX17
ENSP00000439243,MAP1S
ENSP00000439420,PFKFB2
ENSP00000439633,SPECC1L
ENSP00000439689,TRERF1
ENSP00000439856,CHERP
ENSP00000439902,BRCA2
ENSP00000439918,RBM7
ENSP00000439919,DAB2
ENSP00000440064,IFT43
ENSP00000440100,MED24
ENSP00000440542,CHD4
ENSP00000440709,NOL8
ENSP00000440826,EVI5
ENSP00000440945,PACSIN3
ENSP00000440996,CEP57
ENSP00000441065,SLC16A1
ENSP00000441087,CD276
ENSP00000441110,SUPT7L
ENSP00000441168,FAM76B
ENSP00000441349,ZNF668
ENSP00000441369,PRKAB1
ENSP00000441570,TIAM1
ENSP00000441625,CLASP1
ENSP00000441752,PRKCQ
ENSP00000441972,WNK1
ENSP00000442306,RPS6KC1
ENSP00000442318,CAND1
ENSP00000442388,EPS8
ENSP00000442479,RPTOR
ENSP00000442539,STK24
ENSP00000442558,EYA3
ENSP00000442699,HTATSF1
ENSP00000442723,CCDC82
ENSP00000442733,RTN3
ENSP00000442788,TET2
ENSP00000442924,SETD1B
ENSP00000442926,CDK17
ENSP00000442973,DAPK3
ENSP00000443023,BORCS5
ENSP00000443092,VDAC2
ENSP00000443096,RASSF8
ENSP00000443104,VPS50
ENSP00000443172,EIF2B1
ENSP00000443183,TRAF1
ENSP00000443287,HELB
ENSP00000443431,LCOR
ENSP00000443611,TRPV4
ENSP00000443631,PLCB3
ENSP00000443671,XRCC1
ENSP00000443792,ZEB2
ENSP00000443846,ETV4
ENSP00000443909,BTN2A1
ENSP00000443977,ANKRD13D
ENSP00000443988,SUDS3
ENSP00000443990,TMEM109
ENSP00000444006,CRACD
ENSP00000444437,NOP2
ENSP00000444487,PRKAR1B
ENSP00000444527,SLCO1C1
ENSP00000444596,MYCBP2
ENSP00000444621,NEK7
ENSP00000444660,YTHDF2
ENSP00000444675,CTNNA2
ENSP00000444678,LATS1
ENSP00000444742,ZCCHC17
ENSP00000444810,FKBP5
ENSP00000444824,BLTP3B
ENSP00000444891,ZEB1
ENSP00000445256,SPINDOC
ENSP00000445306,ATP1A1
ENSP00000445531,CLIP1
ENSP00000445572,CDKN3
ENSP00000445824,WIZ
ENSP00000446007,VIM
ENSP00000446011,GRIP1
ENSP00000446099,RBMXL1
ENSP00000446145,BNIP3
ENSP00000446172,TCF7L2
ENSP00000446215,RAN
ENSP00000446317,MLF2
ENSP00000446335,ZNF362
ENSP00000446453,RPAIN
ENSP00000446474,SMAD5
ENSP00000446512,ATXN2
ENSP00000446637,TUBA1A
ENSP00000447001,RPL18
ENSP00000447057,NOPCHAP1
ENSP00000447426,RBMS2
ENSP00000447479,FMNL3
ENSP00000447514,MCRS1
ENSP00000447670,PCBP2
ENSP00000447705,NACA
ENSP00000447793,NAP1L1
ENSP00000447824,DCTN2
ENSP00000447942,PFDN5
ENSP00000448056,MCRS1
ENSP00000448218,RAB3IP
ENSP00000448245,E2F7
ENSP00000448304,CACNB3
ENSP00000448640,ATXN2
ENSP00000448746,BACC1
ENSP00000449207,CBX5
ENSP00000449328,RPLP0
ENSP00000449374,RACGAP1
ENSP00000449426,PFKM
ENSP00000449430,ELK3
ENSP00000449659,CNOT2
ENSP00000449744,SLC38A1
ENSP00000449812,SCAF11
ENSP00000449888,TMCC3
ENSP00000449994,PHETA1
ENSP00000450048,FRS2
ENSP00000450145,SLC6A15
ENSP00000450548,HNRNPC
ENSP00000450603,ZFYVE26
ENSP00000450627,TMPO
ENSP00000450632,FANCM
ENSP00000450697,HECTD1
ENSP00000450733,NFATC4
ENSP00000450762,PRRX1
ENSP00000450808,SAMD4A
ENSP00000450883,PPP4R3A
ENSP00000450908,EAPP
ENSP00000450941,SAMD15
ENSP00000451106,KHNYN
ENSP00000451135,FOXN3
ENSP00000451249,CEP170B
ENSP00000451261,UBE2J1
ENSP00000451460,WARS1
ENSP00000451492,SAV1
ENSP00000451513,NUMB
ENSP00000451530,ZC3H14
ENSP00000451601,CHD8
ENSP00000451828,AKT1
ENSP00000451921,MAP3K9
ENSP00000452123,SRSF5
ENSP00000452145,DDX24
ENSP00000452183,TDP1
ENSP00000452191,VIPAS39
ENSP00000452222,ARHGAP5
ENSP00000452223,FAM177A1
ENSP00000452276,HNRNPC
ENSP00000452396,PPP2R5E
ENSP00000452414,PTPN21
ENSP00000452513,LIN52
ENSP00000452705,SLC12A6
ENSP00000452722,APBA2
ENSP00000452796,PEAK1
ENSP00000452837,CTDSPL2
ENSP00000452877,ZNF592
ENSP00000452968,FRMD5
ENSP00000452984,FMN1
ENSP00000453277,TRPM7
ENSP00000453306,TICRR
ENSP00000453319,RPL28
ENSP00000453386,KIF23
ENSP00000453399,TMEM185B
ENSP00000453441,MEF2A
ENSP00000453537,GMPR2
ENSP00000453599,SPG11
ENSP00000453671,TECPR2
ENSP00000453677,INO80
ENSP00000453737,TCF12
ENSP00000453743,EIF5
ENSP00000453785,SNX1
ENSP00000453792,ARNT2
ENSP00000453808,PDE8A
ENSP00000453815,CERS4
ENSP00000453838,ANP32A
ENSP00000453940,CCDC175
ENSP00000453994,MEPE
ENSP00000454006,ZHX3
ENSP00000454021,TGIF2-RAB5IF
ENSP00000454050,TYRO3
ENSP00000454092,GLCE
ENSP00000454150,BAHD1
ENSP00000454152,ZFAND6
ENSP00000454158,BLM
ENSP00000454238,RRN3
ENSP00000454277,FAM219B
ENSP00000454446,MYO9A
ENSP00000454456,CCPG1
ENSP00000454485,WWOX
ENSP00000454545,RBM15B
ENSP00000454567,JPT2
ENSP00000454589,MAN2C1
ENSP00000454690,NHERF2
ENSP00000454957,KIF22
ENSP00000455009,RPL13
ENSP00000455061,ZNF423
ENSP00000455106,BOP1
ENSP00000455417,GTF3C1
ENSP00000455580,EDC3
ENSP00000455585,ZNF853
ENSP00000455625,ARPP19
ENSP00000455855,CARHSP1
ENSP00000455874,AKTIP
ENSP00000455911,ZFP91-CNTF
ENSP00000456013,CLN3
ENSP00000456141,MGA
ENSP00000456168,ZNRF1
ENSP00000456223,ZFYVE19
ENSP00000456259,SMG1
ENSP00000456301,NTHL1
ENSP00000456480,SNX29
ENSP00000456486,PML
ENSP00000456626,MPHOSPH6
ENSP00000456727,BNC1
ENSP00000456729,PHKB
ENSP00000456933,KAT8
ENSP00000456935,CD2BP2
ENSP00000456970,PKM
ENSP00000457055,CDK10
ENSP00000457168,SZT2
ENSP00000457226,BCKDK
ENSP00000457302,USB1
ENSP00000457465,ARL2BP
ENSP00000457466,CHD9
ENSP00000457489,TTBK2
ENSP00000457522,STX16-NPEPL1
ENSP00000457570,KLHDC4
ENSP00000457708,UBL7
ENSP00000457765,TCF4
ENSP00000457771,UBE3A
ENSP00000457777,PYGO1
ENSP00000457835,ZSCAN29
ENSP00000457963,EIF3C
ENSP00000457987,RNPS1
ENSP00000458007,HSBP1
ENSP00000458221,NSF
ENSP00000458262,PAXBP1
ENSP00000458280,GATAD2B
ENSP00000458788,CLK2
ENSP00000458834,TNK1
ENSP00000458879,ZSCAN10
ENSP00000458884,CCDC137
ENSP00000458954,NUP88
ENSP00000458986,CLUH
ENSP00000459123,PKMYT1
ENSP00000459205,MRTFB
ENSP00000459235,PIMREG
ENSP00000459615,SRGAP2
ENSP00000459719,CIC
ENSP00000459769,MCRIP1
ENSP00000459968,AKAP1
ENSP00000460049,RFWD3
ENSP00000460221,INTS3
ENSP00000460587,TCF20
ENSP00000460871,RSL1D1
ENSP00000460889,IFT38
ENSP00000460896,LSM14A
ENSP00000460960,ENTREP3
ENSP00000461225,LSM14A
ENSP00000461521,SCAMP3
ENSP00000461615,ABCC1
ENSP00000461621,USP31
ENSP00000461625,PELP1
ENSP00000462289,CDK11A
ENSP00000462425,SRSF2
ENSP00000462499,RFFL
ENSP00000462682,EVI2B
ENSP00000462717,CUEDC1
ENSP00000462729,OTUD7B
ENSP00000462826,WIPF2
ENSP00000463001,TEX2
ENSP00000463042,SRSF1
ENSP00000463058,RBM8A
ENSP00000463064,SOCS6
ENSP00000463393,SEC22B
ENSP00000463527,GAS7
ENSP00000463614,MYL12A
ENSP00000463784,RPL26
ENSP00000463805,LIMD2
ENSP00000463914,CEP112
ENSP00000463936,SUZ12
ENSP00000463959,TANC2
ENSP00000463982,YTHDC1
ENSP00000464006,PITPNC1
ENSP00000464016,CDK11B
ENSP00000464050,DDX42
ENSP00000464052,TVP23C
ENSP00000464205,ARHGDIA
ENSP00000464275,C17orf75
ENSP00000464641,CDK12
ENSP00000464918,TXNL1
ENSP00000464927,HEATR6
ENSP00000464936,ZSCAN5A
ENSP00000465085,RANBP3
ENSP00000465115,GOSR1
ENSP00000465161,PHF12
ENSP00000465177,NFIC
ENSP00000465210,ATXN7L3
ENSP00000465213,POP4
ENSP00000465377,KIF18B
ENSP00000465663,BCL2L14
ENSP00000465751,CACTIN
ENSP00000466044,RBM42
ENSP00000466214,PDCD5
ENSP00000466250,PTBP1
ENSP00000466259,ACLY
ENSP00000466292,PLEKHF1
ENSP00000466389,NFIX
ENSP00000466459,PRKAR1A
ENSP00000466651,PRKACA
ENSP00000466670,MBD3
ENSP00000466707,LIN37
ENSP00000466718,LSM12
ENSP00000466747,GIPC1
ENSP00000466794,PSME3
ENSP00000466867,RHBDF2
ENSP00000467029,KANK2
ENSP00000467050,DNMT1
ENSP00000467140,BORCS8
ENSP00000467482,TMC8
ENSP00000467517,HEXIM2
ENSP00000467521,PPP6R1
ENSP00000467556,GPATCH8
ENSP00000467612,KCTD15
ENSP00000467678,KDM4B
ENSP00000467805,EFTUD2
ENSP00000467824,PLEKHH3
ENSP00000467885,USP32
ENSP00000467967,FZR1
ENSP00000468004,HDAC5
ENSP00000468156,ILF3
ENSP00000468181,ILF3
ENSP00000468281,BLOC1S3
ENSP00000468424,NMT1
ENSP00000468487,TCF3
ENSP00000468532,ZNF532
ENSP00000468546,NEDD4L
ENSP00000468638,DOCK6
ENSP00000468647,TNRC6C
ENSP00000468734,DNM2
ENSP00000468740,UBN1
ENSP00000469413,PAK4
ENSP00000469441,CTAG1A
ENSP00000469468,LSM4
ENSP00000469710,VRK3
ENSP00000470092,SPHK2
ENSP00000470185,CT45A1
ENSP00000470237,SAMD4B
ENSP00000470715,ARHGEF1
ENSP00000470729,ARHGEF18
ENSP00000470740,SSX2B
ENSP00000471099,USF2
ENSP00000471454,CCDC61
ENSP00000471502,LRRC4B
ENSP00000471605,BABAM1
ENSP00000471865,ZBTB7A
ENSP00000471981,EPS15L1
ENSP00000472197,ELAVL1
ENSP00000472300,PNKP
ENSP00000472400,NUMBL
ENSP00000472711,SHKBP1
ENSP00000472816,PTOV1
ENSP00000472819,MYH14
ENSP00000472969,ZNF99
ENSP00000472998,SNRNP70
ENSP00000473086,DDA1
ENSP00000473132,HNRNPUL1
ENSP00000473211,PNPLA6
ENSP00000473312,PSMD8
ENSP00000473462,RUFY2
ENSP00000473589,S100A6
ENSP00000473591,UBE2E3
ENSP00000473622,PPFIA3
ENSP00000473638,RBM15
ENSP00000474348,ZSWIM8
ENSP00000474609,TAF15
ENSP00000474667,PSRC1
ENSP00000474710,NOLC1
ENSP00000474844,SPATA6
ENSP00000475059,MEX3D
ENSP00000475168,RER1
ENSP00000475177,ITPR3
ENSP00000475189,ANKRD34A
ENSP00000475320,BNIP2
ENSP00000475617,PITX2
ENSP00000475845,CDC42SE1
ENSP00000476386,DCP1A
ENSP00000476446,GPN1
ENSP00000476689,ARHGEF2
ENSP00000476704,SUCO
ENSP00000476755,PPP1R12B
ENSP00000476788,MEF2D
ENSP00000476893,TMEM9
ENSP00000477077,PSIP1
ENSP00000477318,USP43
ENSP00000477429,PANK2
ENSP00000477486,TOR1AIP2
